block,time,amount_wei
24840371,1775716151,997500000000000
24840603,1775718959,99750000000000000000
24841089,1775724839,1399390979277734646
24841092,1775724875,18045112781954887
24841096,1775724923,21052631578947368
24841098,1775724947,71177944862155388
24841099,1775724959,62238236923787857
24841118,1775725187,8977500000000000000
24841124,1775725259,963585000000000000
24841142,1775725475,16225492093589538
24841145,1775725511,16039094995352638
24841227,1775726507,940388027114234
24841286,1775727215,241114161228772
24841324,1775727671,2837195520020064
24841332,1775727767,1258792692475515
24841412,1775728739,1142700125257066985
24841435,1775729015,407778000000000000
24841463,1775729351,4906322885949927330
24841783,1775733215,3990000000000000000
24841788,1775733275,882787500000000000
24841909,1775734727,996889578306968069
24842010,1775735939,1809524792369987382
24842038,1775736275,9975000
24842301,1775739431,225043853201790000
24842408,1775740715,350804385866138
24842539,1775742287,10496839492745820
24842670,1775743859,1503064984840219
24842702,1775744243,7363970443799416186
24842761,1775744951,1858318121100000
24842868,1775746235,4587377877598315727
24842874,1775746307,7578853470002430000
24843044,1775748347,25764442720273071471
24843645,1775755583,120300751879699248
24843782,1775757239,1995000000000000
24843837,1775757923,3404274092097038729
24843842,1775757983,238834268807903530873
24843844,1775758007,1945125000000000000
24844008,1775759975,6266894721604467
24844395,1775764643,45484175597372248
24844453,1775765339,767590791390165193
24844567,1775766707,1486635386775000
24844787,1775769359,1346625000000000000
24844952,1775771339,14962500000000000
24845565,1775778719,2104524332427735
24845621,1775779391,1137784335060230155
24845702,1775780375,267801537637402916
24846468,1775789615,716419703438145000
24846477,1775789723,787961946526755000
24846566,1775790791,844391270467710000
24846592,1775791103,873137778753030000
24846617,1775791403,2916530372990495
24846771,1775793275,933246179445905243
24846973,1775795723,1923581095187455
24847107,1775797355,209660880382763793113
24847110,1775797391,71010794796563293305
24847235,1775798903,22330348863929351
24847249,1775799071,15452348245354025
24847783,1775805527,1588131711175575952
24847789,1775805599,1082102214089233
24847990,1775808011,380202246341875204
24848133,1775809727,5985000000000000
24848265,1775811323,572244269371396
24848347,1775812307,86782500000000000
24848609,1775815475,375305249675160000
24848870,1775818631,403600948092921613
24848894,1775818919,4987174404986005879
24849400,1775825015,12967500000000000000
24849478,1775825963,1510686908835101
24849483,1775826023,189831382491894
24849550,1775826827,1097250000000000
24849570,1775827067,6364939562024253187
24849587,1775827271,609641518374413
24849622,1775827691,2143161084864743
24849710,1775828747,31077091645203660000
24849731,1775828999,35908672392203742
24849803,1775829863,4787431730564965286
24849805,1775829887,809431425085017
24849808,1775829923,49870003007518796
24849856,1775830499,2141638435134975000
24849938,1775831483,187994141609323211
24850008,1775832323,59344882307956
24850046,1775832779,27155836294823888
24850130,1775833787,18944944650468308
24850209,1775834735,1157036002643359
24850239,1775835095,1992831710677080000
24850290,1775835707,2573672301989943
24850337,1775836283,1593924158470214027
24850392,1775836943,36233713551923103
24850449,1775837639,20558487200487351
24850584,1775839259,7980000000000000000
24850590,1775839331,1994002500000000000
24850627,1775839775,116106331067819085000
24850631,1775839823,7980000000000000000
24850637,1775839895,1829415000000000000
24850657,1775840135,51046764058187075
24850688,1775840507,64837500000000000
24850843,1775842379,8020050125313283
24850945,1775843603,1709494169975732829
24850969,1775843891,10413181363164953
24850985,1775844083,130743326453781189
24851051,1775844875,977691860506942670
24851111,1775845607,526858284335045
24851374,1775848775,997500000000000000
24851377,1775848811,997500000000000000
24851466,1775849879,4137400457295000
24851543,1775850803,3111606105678945000
24851685,1775852507,1371211188564286
24851711,1775852819,708918387674280000
24851991,1775856203,4885755000000000000
24853243,1775871311,900696743754902
24853344,1775872523,174182635339405990
24854269,1775883671,618002459655000
24854295,1775883983,4407560876648480
24854627,1775887979,87313722563338647
24854752,1775889503,23940000000000000000
24854792,1775889983,99059609668691965
24854911,1775891411,1114728696045172379
24854926,1775891591,13609866891298015
24855142,1775894195,93233082706766917
24855148,1775894267,46612774073468436
24855515,1775898683,135543377318211528
24855692,1775900807,2337753382043018
24855701,1775900915,2992500000000000
24855996,1775904455,496256250000000000
24856065,1775905283,1970909166823206780
24856258,1775907611,10503013682036868
24856526,1775910851,31430733161143037
24857059,1775917283,20648250000000000000
24857209,1775919083,179692307612305767
24857232,1775919359,5099995370371364
24857272,1775919839,505582895495873
24857498,1775922551,48613688921419799
24857504,1775922623,6726632141105372
24857510,1775922695,6683250000000000
24857659,1775924483,323586953515585123
24857786,1775926019,63114477578072161
24857801,1775926199,10141944336013561
24857905,1775927447,776667257739824717
24857995,1775928539,916599746521162165
24858099,1775929787,2506265664160401
24858368,1775933051,347007564467970000
24858424,1775933723,21656573465332847
24858785,1775938067,14378767264715164
24859108,1775941955,130279378925850000
24859881,1775951279,718695682674453485
24859897,1775951471,39900000000000000
24860404,1775957579,19873430560199835150
24860639,1775960399,327951424112654972
24861039,1775965223,99750000000000000
24861131,1775966327,37470545913327079
24861376,1775969267,7082150250000000000
24861662,1775972711,1273743831812091076
24862002,1775976791,3990000000000000
24862092,1775977871,9932416006507997835
24862317,1775980571,5087250000000000
24862419,1775981795,10972500000000000
24862578,1775983715,1002506265664160
24862710,1775985299,11081191678783485000
24862950,1775988191,1231268464562904517
24863357,1775993111,3906195592110000
24863384,1775993435,498750000000000000
24863415,1775993807,34995344651604797
24863659,1775996747,28515677508418149
24863719,1775997467,329175000000000000
24863722,1775997503,150983097825896450
24864016,1776001043,395818614957056844
24864344,1776004991,2493750000000000000
24864476,1776006575,18874711584409939
24864661,1776008807,698027569240142667
24865021,1776013151,183204048215427992838
24865109,1776014207,439174468708500000
24865121,1776014351,645269082661741023
24865333,1776016895,119700000000000000
24865529,1776019247,3717567642852588
24865551,1776019511,761010346929902
24865868,1776023339,1097250000000000000
24866018,1776025139,11770500000000000000
24866129,1776026471,12905531773051790
24866184,1776027131,2570914195426023884
24866217,1776027527,99750000000000000
24866224,1776027611,569572500000000000
24866239,1776027791,972562500000000000
24866311,1776028667,89872124929080331
24867342,1776041075,1590015000000000000
24867518,1776043187,113116500000000000
24867760,1776046103,349125000000000000
24868127,1776050507,9975000000000000
24868255,1776052043,2000000000000000000
24868499,1776054971,1503432000000000000
24869168,1776063011,553342084486791810
24869958,1776072551,10132106250000000
24869958,1776072551,49825125000000000000
24870105,1776074315,46244523443720235
24870422,1776078119,146875069163326930
24870487,1776078899,38902500000000000
24870677,1776081203,2207477872356120000
24871094,1776086207,100000000000000
24871116,1776086471,4000000000000000
24871134,1776086687,89775000000000000
24871249,1776088067,471828036316321178
24871524,1776091391,43477609371696110
24871543,1776091619,3603967500000000000
24871559,1776091811,36220083213456288
24871566,1776091895,7980000000000000
24871576,1776092015,5357572500000000000
24871649,1776092891,97872897293809632
24871659,1776093011,3890250000000000000
24871686,1776093347,299468206527086
24871694,1776093443,4488750000000000
24871694,1776093443,76406373432344
24871701,1776093527,3862233172961375
24871846,1776095279,5184842386971450000
24872090,1776098207,2500000000000000
24872303,1776100787,1000000000000000000
24872385,1776101771,19950000000000000
24872413,1776102107,9975000000000000
24872431,1776102323,252070557957645000
24872606,1776104423,997500000000000
24872637,1776104795,1002506265664160401
24872640,1776104831,301124561443020000
24873055,1776109835,459671954734227139
24873123,1776110651,1009071000000000000
24873687,1776117431,3737362647689051680
24873997,1776121163,988616726286811
24874140,1776122879,49875000000000000000
24874229,1776123947,1087275000000000000
24874234,1776124007,701754385964912280
24874343,1776125315,120471703430106280
24874546,1776127751,2618437500000000000
24874587,1776128243,99750000000000000
24875002,1776133235,888682532381072355
24875235,1776136031,6630444740349422
24875396,1776137963,5012531328320802005
24875552,1776139835,1002506265664160401
24875835,1776143255,88955226839116824
24876181,1776147407,420000000000000000
24876564,1776152015,14962500000000000
24876749,1776154247,76925710706231283
24876757,1776154343,4217031334648719
24877085,1776158291,3795515017471905000
24877119,1776158699,260802514653033543
24877208,1776159767,71530322466806064
24877488,1776163127,215215032688264177
24877560,1776164003,3780692817856326
24877576,1776164207,99750000000000000
24878114,1776170687,96167951399365125
24878411,1776174275,2574637076898352215
24878433,1776174539,12611987155635000
24878574,1776176231,317584416890321
24878775,1776178643,34845514248090000
24878779,1776178691,198742624178446115
24879121,1776182807,185435900605376486
24879141,1776183047,18326762125350000
24879299,1776184943,793156850108280000
24879409,1776186263,2431784026653345000
24879518,1776187571,102832163166285000
24879632,1776188939,98752500000000000000
24879837,1776191411,2976817886839974932
24879922,1776192443,171570000000000000
24880016,1776193571,43626153231739660
24880108,1776194675,250000000000000000
24880390,1776198059,2123829541886186800
24880518,1776199595,997500000000000000
24880677,1776201503,778050000000000000
24880684,1776201587,49875000000000000
24880762,1776202523,7418411395594106182
24880850,1776203603,14962500000000000
24880953,1776204839,180026044482659578
24881411,1776210347,69825000000000000
24881821,1776215303,27526135902510585
24882351,1776221687,110652176325810000
24882862,1776227843,3330939284888880000
24882941,1776228791,14291799162196860
24883372,1776233963,249375000000000000
24883674,1776237599,301740448973250000
24883925,1776240611,997500000000000000
24883990,1776241391,997500000000000000
24884054,1776242159,3175449131788286376
24884073,1776242387,493650566281511
24884274,1776244799,9975000000000000
24884280,1776244871,39900000000000000
24884286,1776244943,36009750000000000
24884374,1776245999,46295572170188538
24884421,1776246563,12472071975870886
24884439,1776246779,177596766844061948
24884867,1776251915,1458958113655849390
24884895,1776252251,680534165216669288
24884914,1776252479,550000000000000000
24885388,1776258191,696461649166485982
24885402,1776258359,4987500000000000
24885411,1776258467,40520847937108607
24885458,1776259031,1285117566029015
24885570,1776260375,24956540213098013
24885574,1776260423,1750188794409030
24885579,1776260483,1526469821491771
24885598,1776260723,99750000000000000000
24885889,1776264215,1995000000000000
24885892,1776264251,13965000000000000000
24885991,1776265439,5306979391444013010
24886069,1776266375,997500000000000000
24886233,1776268343,2327515309734146
24886299,1776269135,8582383584948533
24886572,1776272435,1002506265664160
24886582,1776272555,1047647971523523
24886659,1776273491,360003846462211
24886849,1776275771,498750000000000000
24887039,1776278075,17042606516290726
24887112,1776278963,513092599709131584
24887161,1776279551,9289402021248434
24887325,1776281519,15843083896415627
24887352,1776281843,544526588080328956
24887600,1776284831,29441871231068940000
24888196,1776292007,49835100000000000000
24888444,1776294995,5012531328320802
24888474,1776295355,40682925820124061
24888684,1776297875,10025062656641604
24888713,1776298223,919646534775913258
24888735,1776298487,4342744262354835
24888749,1776298655,49845075000000000000
24888763,1776298823,76565629652006712
24889049,1776302279,488775000000000000
24889148,1776303479,99750000000000000
24889356,1776305987,107873961512517
24889363,1776306071,18930523992016562
24889528,1776308051,110922000000000000000
24889538,1776308171,998173752369122123
24889847,1776311879,800763080114454818
24889853,1776311951,393968477561865150
24890544,1776320303,1433514125724348150
24890607,1776321083,1313906605474785000
24890783,1776323195,756000000000000000
24891014,1776325979,2829227056232365166
24891126,1776327323,2520269392801181563
24891241,1776328703,1668892501487466003
24891303,1776329447,6694222500000000000
24891330,1776329771,1031949125599449961
24891344,1776329939,2919626127883011225
24891354,1776330059,3007518796992481203
24891374,1776330299,1974937343358395989
24891471,1776331463,49845075000000000000
24891500,1776331811,2845498257921897059
24891503,1776331847,75622470000000000000
24891573,1776332699,5232428886764940000
24891751,1776334859,6060376883236059
24891902,1776336683,5265342798576559
24891960,1776337379,3298163268806889
24892000,1776337859,7194062384508531
24892351,1776342071,199243789109101158713
24892381,1776342431,64837500000000000000
24892382,1776342443,5991782337145618
24892384,1776342467,2992500000000000
24892454,1776343307,997500000000000
24892594,1776344999,2005012531328320
24892596,1776345023,17678037970168762508
24893233,1776352691,46505236536000410
24893441,1776355187,997500000000000
24893495,1776355835,5114827255118385000
24893784,1776359303,253911675797618010
24893912,1776360839,4984292422818555000
24893989,1776361763,12216692966637703
24894224,1776364583,964024518575812
24894593,1776369011,6949088629810247
24894682,1776370079,1725828669639872545
24894702,1776370319,798000000000000000
24894845,1776372035,4986048017404125020
24894937,1776373139,4358011614291798
24895228,1776376631,6483750000000000000
24895283,1776377291,2887322950257208
24895423,1776378971,3228580018563350176
24895558,1776380591,2642797077076380000
24895574,1776380783,9975000000000000
24895998,1776385883,110299501095630000
24896263,1776389075,204962140389895091
24896409,1776390851,6460235912304068536
24896496,1776391895,1694594806705188106
24896552,1776392579,236603950310815610
24896947,1776397331,59183758821469159281
24897555,1776404627,14962500000000000
24897770,1776407243,3659834133582480000
24898321,1776413867,548625000000000000
24898349,1776414203,4427846850458535000
24898393,1776414731,5961543003875056
24898489,1776415883,9970706911325939615
24898555,1776416675,490736683123156796
24898734,1776418823,62442502500000000000
24898840,1776420095,5150847482365620000
24899043,1776422531,818448750000000000
24899094,1776423143,4322445372044536189
24899131,1776423587,6265908939973832315
24899136,1776423647,24198335425225626847
24899144,1776423743,157621204938395056
24899249,1776425015,3957019841185670
24899495,1776427967,181324274617360541779
24899613,1776429383,41076761531149839744
24900523,1776440327,90016749826955336
24900561,1776440783,4211116901222700000
24900625,1776441563,5015618059349310000
24900650,1776441863,9561940598595000
24900978,1776445811,199500000000000000
24900996,1776446039,4137552720490980000
24901249,1776449087,1776792717420000
24901535,1776452519,7231216625229714
24901608,1776453395,1307114293671407
24901854,1776456347,4090668543630623147
24901933,1776457295,565881750000000000
24902008,1776458195,5571278254264131623
24902046,1776458651,489721393685404
24902157,1776459983,1972118891729264
24902157,1776459983,453660558073798611
24902164,1776460067,727715255108220
24902257,1776461183,1098193980802193
24902265,1776461279,229711588862349
24902455,1776463559,42892500000000000
24902829,1776468059,912899628743245039
24902951,1776469523,80601503759398496
24903306,1776473819,23000857799378560
24903927,1776481295,344436750000000000
24904295,1776485723,1281266753084310884
24904299,1776485771,220946250000000000000
24904673,1776490271,3990000000000000000
24904748,1776491171,828156182606955094
24904967,1776493811,249395197429875000
24905459,1776499739,66832500000000000
24905481,1776500003,19950000000000000000
24905761,1776503363,26982375007897104569
24905815,1776504011,488827867500000000
24906033,1776506627,21712442340181541
24906117,1776507635,248676859661160000
24906125,1776507731,723904333068623184
24906286,1776509663,1054549308589660938
24906289,1776509699,397961320714230000
24906302,1776509855,498750000000000000
24906305,1776509891,99750000000000000
24906343,1776510347,25741512607648163
24906380,1776510791,19458101359039676
24906384,1776510839,4176815574749979
24906707,1776514727,498750000000000
24907822,1776528119,498750000000000000
24907937,1776529499,1471312500000000000
24908060,1776530987,9975000000000000
24908416,1776535319,698250000000000
24909760,1776551507,339150000000000000
24910340,1776558479,259827727371402670883
24910834,1776564407,2271742800070380000
24910836,1776564431,989322449704254942
24911283,1776569795,1862143754935690730
24911937,1776577679,37459339018815000
24913052,1776591083,1659921316319700
24913330,1776594443,44158527652365000
24913491,1776596375,3491250000000000000
24913940,1776601775,51184539893796025
24914035,1776602915,41539884286531286
24914199,1776604895,867800794716361432
24914521,1776608759,5169115047195637
24915130,1776616079,438505077885529306
24915156,1776616391,2133960677849817703
24915298,1776618095,251832130025080232
24915339,1776618587,39900000000000000
24915794,1776624095,109226250000000000
24915954,1776626015,105263157894736842
24916074,1776627479,598947327854410740
24916325,1776630515,728856434357467500
24916759,1776635759,997500000000000000
24917299,1776642263,4987500000000000000
24917928,1776649823,2385552260890832172
24918294,1776654215,3643867500000000000
24919271,1776665975,50000000000000000
24919577,1776669683,114712500000000000
24919932,1776673943,100250626566416040
24919966,1776674351,1002506265664160401
24920236,1776677591,1503759398496240601
24920321,1776678623,1905225000000000000
24921264,1776689951,9975000000000000
24921486,1776692651,2144625000000000000
24921709,1776695327,1346625000000000000
24921811,1776696551,1553884711779448621
24921989,1776698687,383798481114031505
24922008,1776698927,2114601412625103616
24922277,1776702155,7105583695633566
24922673,1776706907,6546017437011909
24922686,1776707063,699544386507639
24922877,1776709355,3695468184975000000
24923218,1776713447,92475647449071
24923280,1776714203,807544500154624
24923473,1776716531,997500000000000
24923544,1776717383,2163353882980616878
24923561,1776717587,129439798492803816854
24923645,1776718595,9655692521139233
24923745,1776719795,4181232368914937139
24923846,1776721007,1107225000000000000
24924035,1776723287,1002506265664160
24924075,1776723767,14626748208696266
24924110,1776724187,237606087170811
24924117,1776724271,3243561528746607
24924152,1776724691,2005012531328320
24924172,1776724931,1191026747427826
24924220,1776725507,200501253132832
24924235,1776725687,2937660943836404
24924489,1776728747,115747883183396897954
24924911,1776733823,210526315789473684
24924936,1776734123,31361400000000000000
24924961,1776734423,9675750000000000000
24925116,1776736283,6982500000000000000
24925158,1776736787,29141752346500474
24925275,1776738191,70000000000000000
24925309,1776738599,9976569470333935400
24925320,1776738731,26769738205802112529
24925320,1776738731,168552743938673694
24925454,1776740351,99750000000000000
24925854,1776745151,49862151503715075000
24926294,1776750443,380663920587765810106
24926373,1776751391,997500000000000
24926537,1776753371,2135042096859966353
24926856,1776757211,359100000000000000
24926905,1776757799,498750000000000000
24927196,1776761291,2224256089335000
24927673,1776767015,601503759398496240
24927903,1776769799,7873694634875904
24928259,1776774071,130963344677970000
24928443,1776776291,18478174246725060000
24928457,1776776459,547926035315730725
24928549,1776777563,50204171627330805000
24928560,1776777695,43455967926020160000
24929047,1776783563,981627480223094670
24929262,1776786143,54862500000000000
24929480,1776788771,1904966127409136841
24929670,1776791063,11198750484121711
24929758,1776792119,659347500000000000
24929825,1776792923,10111911948194282140
24929829,1776792971,8499749075573363698
24929847,1776793187,18952500000000000000
24930605,1776802307,14185056793949997878
24930669,1776803075,997500000000000000
24930683,1776803243,49875000000000000
24930691,1776803339,31920000000000000000
24930712,1776803591,3922372267914337258
24930732,1776803831,809767198312905000
24930734,1776803855,11510509551135000
24930778,1776804383,7007037865590000
24930804,1776804707,99750000000000000
24930918,1776806075,2992500000000000000
24930996,1776807011,42676509503908432
24931135,1776808679,5154938327502369
24931289,1776810527,598500000000000000
24931556,1776813743,5981578193379555264
24931654,1776814931,40100250626566416
24931739,1776815963,1869286003873995000
24932078,1776820067,4498716791979949874
24932208,1776821639,7586824631191438458
24932215,1776821723,119680803566174970000
24932347,1776823307,18904378856466757500
24932399,1776823931,9463119544068855000
24932659,1776827051,2823193689025114312
24932745,1776828083,119704168668923093
24933051,1776831791,1097250000000000000
24933102,1776832403,8287570740771824
24933483,1776836987,12741879135516708185
24933552,1776837815,239351655314940210000
24933659,1776839123,1000000000000000000
24933701,1776839627,1251164250000000000
24934048,1776843791,282422407508878490228
24934473,1776848891,299429252373900055050
24934898,1776854003,118234848556085743136
24934942,1776854531,17084243727409247374
24934947,1776854591,536919773036413079408
24935035,1776855671,3491250000000000000
24935329,1776859223,2402290149445114142
24935400,1776860075,3111519093340980000
24935403,1776860111,1834497526789154168
24935518,1776861491,287572438629105000
24935554,1776861923,11135366592900451
24935749,1776864263,68119604673662124953
24935797,1776864839,63030964496449818
24936149,1776869087,2270658182557625393
24936283,1776870707,2551605000000000000
24936445,1776872663,708009372659400000
24936794,1776876851,12914918501229404
24937021,1776879587,1049871754172416003
24937220,1776881975,713212500000000000
24937231,1776882107,998418212587599844
24937605,1776886643,10792458978430500000
24937611,1776886715,8965345359416355000
24937915,1776890411,39900000000000000
24937962,1776890975,2903594341657691903
24938129,1776892979,99750000000000000
24938219,1776894059,498750000000000000
24938517,1776897647,399000000000000000
24938552,1776898079,9120669214126006447
24938741,1776900359,5966638139350875000
24938782,1776900851,436050157327338750
24938862,1776901823,10032307037465685000
24938875,1776901979,11507750633637195000
24939103,1776904727,14528273353383458646
24939276,1776906803,879849624060150375
24939347,1776907655,16762152856738331508
24939402,1776908315,12268228539976185000
24939470,1776909131,488552638913955000
24939486,1776909323,6971880321583170519
24939698,1776911879,4740943754213100000
24939710,1776912023,1055409698119847449
24939747,1776912467,19950000000000000
24939968,1776915119,910344737973492738
24940181,1776917687,25062656641604010
24940272,1776918779,14283484553862090000
24940418,1776920531,2109099489720625183
24940645,1776923255,9026406200778225000
24940953,1776926951,41887290688037865000
24941099,1776928703,1995000000000000
24941555,1776934175,1942801436006272
24941677,1776935639,6480966075809891295
24941724,1776936203,2087034642427191271
24941733,1776936311,1002506265664160401
24941801,1776937127,8400286244400075
24942050,1776940127,269325000000000000
24942111,1776940859,3856630250107124175
24942194,1776941867,986512814537302136
24942292,1776943043,1061682904916981
24942302,1776943163,349714554363761
24942376,1776944051,398295534162348
24942532,1776945947,1181415337535285309
24942538,1776946019,3407675278727377732
24942703,1776947999,35126602589853571
24942861,1776949895,1935565692831330000
24943100,1776952763,56325890775204057
24943150,1776953363,504676038951456281
24943445,1776956915,4302716250000000000
24943607,1776958871,86169867336210000
24943653,1776959423,8470953229552065000
24943989,1776963467,33197144977285580868
24943992,1776963503,30326611592608557051
24944440,1776968927,9975000000000000
24944532,1776970031,309225000000000000
24944609,1776970955,4987500000000000
24944611,1776970979,6824044689105000
24944621,1776971099,16398592348178423
24944837,1776973703,90000000000000000
24944966,1776975251,34373300265780000
24945127,1776977183,12315868751481855000
24945344,1776979787,1780796934819094
24945349,1776979847,117182737837725000
24945551,1776982271,23925223465928376020
24945622,1776983123,21714260078676165000
24945938,1776986939,579547500000000000
24947296,1777003259,1833013980000000
24947409,1777004615,4987500000000000
24948048,1777012307,1685775000000000000
24948347,1777015931,111147392805750004
24948689,1777020035,698794007693046841
24948720,1777020407,728425313190436031
24948730,1777020527,3448436712209099344
24948731,1777020539,3716635765068865145
24948876,1777022279,4851360008781171
24948936,1777022999,17902005758164318
24948956,1777023239,9164733277386431
24949102,1777024991,99750000000000000
24949615,1777031171,2131874955000000
24949775,1777033103,6384000000000000000
24949785,1777033223,22255748085391569525
24949788,1777033259,30485936710006382903
24949848,1777033979,498750000000000000
24949987,1777035647,1889758421337045000
24950005,1777035863,438329430000000
24950336,1777039835,4862155388471177944
24950593,1777042943,12914447469302085000
24950615,1777043207,1426425000000000000
24951004,1777047899,4276490327285610000
24951510,1777053971,1094875950000000000
24951781,1777057223,109514658363875391204
24951961,1777059395,12773737814729955000
24951969,1777059491,12482463774562716236
24951980,1777059623,372674025320239440
24951983,1777059659,470444055945808665
24952087,1777060907,7020081018621821
24952259,1777062971,14121295772628359502
24952265,1777063043,9129503530935811281
24952340,1777063943,12169500000000000
24952366,1777064267,2063185628700000
24952414,1777064843,982905490302414
24952501,1777065899,2066470213778717
24952641,1777067579,170266168161525377
24952717,1777068491,498750000000000000
24952795,1777069427,6015037593984962
24953251,1777074899,9975000000000000
24953271,1777075139,10237174150763653643
24954492,1777089815,2992500000000000
24954603,1777091159,17276700000000000000
24954818,1777093739,1457609179309955526
24954904,1777094771,375267870160451917
24955049,1777096511,350000000000000
24955141,1777097639,4987500000000000
24955160,1777097867,11748765148001988225
24955183,1777098143,4987500000000000
24955331,1777099919,543379337866690006
24955482,1777101731,11192133950210902500
24955516,1777102139,599663604354560486612
24955620,1777103387,15799311520020000
24956057,1777108631,90763769063063552
24956228,1777110683,441892500000000000
24956237,1777110791,5478270000000000000
24956312,1777111691,322427305168826837
24956381,1777112519,9961902966693600
24956717,1777116551,3989994987468671
24957561,1777126679,232892689299375000
24957618,1777127363,100000000000000000
24957632,1777127531,4913649307805043321
24958064,1777132715,1025933009508540000
24958079,1777132895,1022682046617430163
24958319,1777135775,2990372327871600000
24958497,1777137923,64837500000000000
24958667,1777139963,18952500000000000000
24958780,1777141331,69818026016784812846
24958931,1777143155,947666710883445000
24959159,1777145903,997500000000000000
24959243,1777146911,49875000000000000
24959281,1777147367,923848564461491
24959334,1777148003,1391794240305679272
24959836,1777154039,4987500000000000
24959967,1777155623,992036903730600000
24960201,1777158455,2493750000000000
24960387,1777160687,4556113764907005000
24961473,1777173767,7253250419153156
24961536,1777174523,698250000000000000
24961847,1777178267,16186086221758814476
24961915,1777179083,326187453967307759
24962430,1777185287,3586787245456733775
24962606,1777187399,334936089261752969
24962661,1777188059,61889709623824655738
24962674,1777188215,33348303768671699939
24962983,1777191935,10626566416040100
24962999,1777192127,1064544034488008918
24963003,1777192175,997500000000000000
24963308,1777195847,2493750000000000
24963714,1777200719,959801109338399
24963745,1777201091,199500000000000000
24963781,1777201523,10193565585115632550
24963960,1777203671,15037593984962406
24964061,1777204883,702260866552474055
24964185,1777206371,995368701032349084
24964632,1777211759,3332294432225640000
24965104,1777217423,1845375000000000000
24965376,1777220711,20451127819548872180
24965496,1777222151,10598312690520017
24965891,1777226891,97648077975000000
24965896,1777226951,53652224630278790303
24966233,1777231007,32472522124077428269
24966361,1777232555,3001477500000000
24966612,1777235579,26932500000000000
24966626,1777235747,6052926989111718
24966675,1777236335,3001477500000000
24966903,1777239071,8412306772380000
24967121,1777241687,9092905762879050000
24967247,1777243211,75729378658500002
24967892,1777250951,8765433021550590000
24968187,1777254503,250000000000000000
24968736,1777261115,28428750000000000
24969177,1777266419,1695750000000000000
24969559,1777271015,25137196607250000
24969601,1777271519,37367583907500002
24969656,1777272179,184537500000000000
24969919,1777275347,3001477500000000
24970025,1777276619,125919656173053669
24970213,1777278899,13199535429437173768
24970334,1777280351,91502888709855000
24970336,1777280375,3321675000000000000
24970360,1777280663,2942625000000000000
24971033,1777288739,4987500000000000
24971047,1777288907,3434334669264754527
24971444,1777293671,241101407897799254
24971651,1777296167,1986605081711460000
24972413,1777305359,37644404488586312445
24973255,1777315475,532176757166250041
24973264,1777315583,461766107659499996
24973567,1777319219,11761386422827545000
24973630,1777319975,676305000000000000
24973648,1777320191,960834186184140205
24973720,1777321055,602950417896435000
24973819,1777322255,1255584776012531330
24973867,1777322831,2651946084287311
24973943,1777323743,12507855857541975000
24974058,1777325135,15876780166739486
24974265,1777327631,10472735959095900000
24974427,1777329575,1280164168794781989
24974433,1777329647,9627343331000430000
24974524,1777330739,295095377358802996
24974687,1777332695,8163599733236640000
24974698,1777332827,3947285492459544
24974703,1777332887,4200157289421645
24974731,1777333223,121684302331313015
24975036,1777336883,3985534642611900000
24975040,1777336931,200501253132832080
24975047,1777337015,401002506265664160
24975088,1777337507,4996908501524793049
24975158,1777338359,123721801237325254
24975165,1777338443,5618389537145175000
24975596,1777343627,8373756242489400000
24975703,1777344911,199500000000000000
24975710,1777344995,33474470120126923598
24975999,1777348463,3152369494059967808
24976141,1777350179,3618262446096488
24976214,1777351055,763326113877560231
24976422,1777353551,3339110654527257400
24976528,1777354823,12967500000000000000
24977031,1777360859,993481069728302098
24977074,1777361375,29925000000000000
24977097,1777361651,29785202791931579
24977112,1777361831,77805000000000000
24977297,1777364063,199535981070767648
24977303,1777364135,17801039198875485000
24977447,1777365863,79800000000000000
24977465,1777366079,21047250000000000000
24977490,1777366379,59074046086457808952
24977604,1777367759,7536558642936364
24977609,1777367819,9331303506202080
24977708,1777369007,4992481203007518796
24977722,1777369175,194447459706447070
24977747,1777369475,6174525000000000000
24978042,1777373039,10658179685541675000
24978135,1777374155,23441250000000000000
24978309,1777376255,54762750000000000000
24978449,1777377959,18624935773705064
24978575,1777379483,1308158849719503004
24978952,1777384007,1074681570885542783
24979031,1777384955,484763035800120000
24979144,1777386335,1009990518881400000
24979200,1777387019,300333915548107683
24979209,1777387127,1058235971051175000
24979433,1777389815,4847057473440033180
24979451,1777390031,1496250000000000000
24979555,1777391279,349125000000000000
24980055,1777397303,3273207765457968720
24980405,1777401515,9945365453205105000
24980417,1777401659,5500500985627936
24980488,1777402511,12528872546671635000
24980520,1777402895,2977639234997962494
24980561,1777403387,769756234046825792
24980707,1777405139,12560239920340035000
24980763,1777405811,478800000000000000
24980785,1777406075,56857500000000000
24980867,1777407059,12502203628140450000
24980986,1777408487,3935153672748795000
24981333,1777412663,12570762013289760000
24981626,1777416179,788025000000000000
24981660,1777416587,12595624792464000000
24981702,1777417091,12589266476329410000
24981912,1777419611,997500000000000
24981963,1777420223,9848217750000000000
24981967,1777420271,1995000000000000
24981972,1777420331,17955000000000000
24982010,1777420787,22910898239972085000
24982014,1777420835,15509391872042115
24982317,1777424471,7540809657074505000
24982556,1777427339,10059753535366395000
24982712,1777429223,9612072393025935000
24982899,1777431467,911816133321030000
24982901,1777431503,962189350205160000
24983000,1777432703,474986607191273062
24983138,1777434359,624411692694476117
24983245,1777435643,1076366323941643526
24983288,1777436159,2150000000000000000
24983492,1777438607,2181532500000000000
24983620,1777440143,299250000000000
24983707,1777441199,741009731753498
24983765,1777441895,661248334458364
24983777,1777442039,374227348933001
24983785,1777442135,4734999708588308
24984101,1777445927,1127175000000000000
24984582,1777451723,254362500000000000
24984604,1777451987,2443875000000000000
24984635,1777452359,930039221148099230
24984803,1777454387,281971279024255851
24984927,1777455875,418504305161211323
24984993,1777456667,206151225152605393
24985034,1777457159,974237178338503097
24985150,1777458551,345292017918568520
24985590,1777463867,9975000000000000
24985747,1777465751,119700000000000000
24985806,1777466459,1121546169843750000
24986687,1777477067,1275865230437601877
24986854,1777479071,28234306805971476123
24987003,1777480871,405100743222676297125
24987187,1777483091,12740845171544175000
24987190,1777483127,12720689166956400000
24987450,1777486259,812962500000000000
24987672,1777488923,10279614335929050000
24987896,1777491611,2118953232466148400
24988087,1777493915,15084543725884033842
24988114,1777494239,25088939213933910000
24988165,1777494851,10864396003113555000
24988251,1777495883,991038061753950000
24988380,1777497443,14962500000000000000
24988390,1777497563,3849898113960465000
24988439,1777498151,5012531328320802
24988755,1777501955,21006476237359305000
24988820,1777502735,2916275314742573932
24989216,1777507499,9022556390977443
24989249,1777507895,16438424451379746
24989265,1777508087,12744993945656070000
24989381,1777509491,605478861035605515000
24989481,1777510691,12726109143724725000
24989622,1777512395,12700845908862825000
24989772,1777514195,18485440878676905000
24989884,1777515539,5953152944494387029
24990133,1777518539,2098156031915304030
24990769,1777526195,6733125000000000000
24990933,1777528163,212867165996351917
24991315,1777532747,8376361711805564131
24991422,1777534043,8478307715248249928
24991708,1777537475,11968411933192370914
24991762,1777538123,34375688941619667
24991848,1777539155,1306725000000000000
24991851,1777539191,10195084705260000
24992096,1777542131,98999089239162596
24992210,1777543499,1115945448658092774
24992624,1777548479,656099547756052
24992635,1777548611,796194265005504
24992642,1777548695,564873249560557
24993051,1777553651,5439266159746716203
24993062,1777553783,2793000000000000000
24993747,1777562003,3737431411907486099
24994037,1777565483,3438288940506945000
24995034,1777577567,32881848267642859
24995133,1777578767,49863926925311992179
24995168,1777579199,10258059163982385000
24995208,1777579679,89525797467750002
24995217,1777579787,8072234934750001
24995294,1777580711,717266339999999975
24995444,1777582511,50913658348245000
24995468,1777582799,1496250000000000000
24995560,1777583903,388462275631762504
24995627,1777584707,414242409042006841
24995695,1777585523,393542102889127500
24995775,1777586483,174576667576242120
24995810,1777586903,14493210999286572618
24995847,1777587347,1719069174321531874
24995849,1777587371,3464821057402461777
24995883,1777587791,4119853147865267
24995918,1777588211,100250626566416040
24995922,1777588259,200501253132832080
24996051,1777589807,99750000000000000
24996101,1777590407,1261325470403941315
24996120,1777590635,1548120000000000000
24996149,1777590983,21232213243352055000
24996297,1777592759,5541866979101810958
24996340,1777593275,10649706334047585000
24996497,1777595183,501253132832080200
24996601,1777596431,16988596773057420000
24996603,1777596455,46029652151676040853
24996656,1777597091,5060395976719942590
24997112,1777602587,18294791116307833468
24997579,1777608239,12508569232933190
24997718,1777609907,54143258582116320
24997797,1777610855,99750000000000000
24997819,1777611119,3092250000000000000
24997822,1777611155,2108515500000000000
24998203,1777615739,130415956223874127695
24998534,1777619723,1468886954683671
24998538,1777619771,3138505355419940
24998541,1777619807,320707060797714
24998569,1777620143,1768706954009770744
24998598,1777620491,1121654445152063
24998897,1777624079,149362143138436928
24998927,1777624439,387889964685593
24998930,1777624475,44729262300310
24998933,1777624511,90490451629490
24998934,1777624523,401633650666662
24998938,1777624571,881664391555554
24999041,1777625819,10559446300305000
24999046,1777625879,4426623036675000
24999061,1777626059,3389284510729259
24999065,1777626107,6053843356751490
24999073,1777626203,6212841528949551
24999079,1777626275,1634716986406889
24999083,1777626323,4561773865256610
24999087,1777626371,1660714660905141
24999128,1777626863,2974631999598830
24999149,1777627115,150250626566416040
24999154,1777627175,69528082383037893
24999160,1777627247,1657463379585082730
24999262,1777628471,20000000000000000
24999576,1777632263,39900000000000000
24999670,1777633391,4898722415454593101
24999768,1777634579,996203250000000
24999775,1777634663,996203250000000
24999840,1777635443,996203250000000
24999932,1777636547,490793945682015608
25000069,1777638191,2194500000000000000
25000306,1777641047,22123447932075000
25000374,1777641863,1128257753849768023
25000388,1777642031,49875000000000000
25000451,1777642787,2114700000000000000
25000513,1777643531,8361593227401633
25000624,1777644863,334162500000000000
25000637,1777645019,5837244162601865996
25000677,1777645511,13032581453634085
25001032,1777649795,1733553789642853974
25001109,1777650719,553789386674999952
25001128,1777650947,74812500000000000
25001151,1777651235,3348672788353790625
25001172,1777651487,1101071220460950377
25001456,1777654895,19186912500000000000
25001651,1777657235,586757531794045878
25001757,1777658507,1663091574014360
25001767,1777658627,1577915478840751
25001917,1777660427,10088961384214090
25001930,1777660583,90225563909774436
25001935,1777660643,99750000000000000
25002005,1777661483,9956777960469155621
25002105,1777662683,20099625000000000000
25002107,1777662707,20639655343018762034
25002254,1777664471,2005012531328320802
25002765,1777670627,10958235750000000
25004850,1777695683,995860618584910446
25006219,1777712111,3561927149238086
25006376,1777713995,10025062656641604
25006737,1777718327,199500000000000000
25007258,1777724591,2080339330863928034
25007289,1777724963,9277564327612863
25007433,1777726703,35087719298245614035
25007590,1777728587,20443858645107936
25007703,1777729943,6982500000000000
25007784,1777730915,1152882205513784461
25007821,1777731359,49875000000000000
25007827,1777731431,10357936924546589518
25008142,1777735223,1566075000000000000
25008188,1777735775,12967500000000000
25008358,1777737815,1978864324999422277
25008361,1777737851,68454694993603426583
25008432,1777738703,498750000000000000
25008484,1777739327,19498931967672674
25008699,1777741919,45112781954887218
25008822,1777743395,323925131306065495
25009137,1777747175,41333826178787818
25009145,1777747271,2092793970279413883
25009415,1777750511,99750000000000000
25009468,1777751147,41394543951810000
25009472,1777751195,16595156790800298
25009608,1777752851,73390542327868097142
25009716,1777754147,20448750000000000000
25009789,1777755023,140757542005500003
25009821,1777755407,149202356955749989
25009920,1777756607,1233082706766917293
25009953,1777757003,2409835662371580
25010084,1777758587,94813177069734346
25010386,1777762211,299250000000000
25010562,1777764323,11687425154985457
25011014,1777769747,74812500000000000
25011031,1777769951,6982500000000000000
25011348,1777773779,100250626566416040
25011639,1777777295,1093241320434852056
25011648,1777777415,15410408163003710640
25012006,1777781735,8209530922530000
25012043,1777782179,57204610119966446
25012051,1777782275,9652818160005716274
25012592,1777788791,341212184367759188
25013312,1777797443,20929628708230818
25013572,1777800563,862173713481288536
25013769,1777802927,4352046490321205424
25013786,1777803131,2413261214820506862
25013804,1777803347,104480965632072779
25013935,1777804919,7980000000000000
25014228,1777808435,304935049994654144
25014345,1777809839,2111290242115349
25014354,1777809947,2323815504393605
25014884,1777816307,1558254412968750000
25014940,1777816979,228842092920000000000
25014950,1777817099,495328473011668347
25015231,1777820483,1550472879993987305
25015288,1777821167,13137075000000000000
25015569,1777824551,224580070922601975000
25016151,1777831547,1542730206049517332
25016378,1777834271,399263131052728162526
25016401,1777834547,18952500000000000000
25016407,1777834619,1856508915665460000
25016572,1777836599,48643411569795000
25016688,1777838003,19277123081029728
25016737,1777838591,425454820719417376
25016820,1777839587,10972500000000000
25017212,1777844291,175039435926541749155
25017220,1777844387,2991721191687959580
25017303,1777845395,49201541128257988
25017861,1777852175,13267157000987876
25018964,1777865471,7149115605357802440
25019224,1777868615,49875000000000000
25019535,1777872371,12820331075555870
25019784,1777875383,997500000000000
25019977,1777877723,252094186143053653
25020426,1777883123,1535026197083057556
25020430,1777883171,441363684321561556
25020712,1777886579,496056750000000000
25020779,1777887407,202111790728267342572
25021105,1777891343,1516200000000000000
25021777,1777899479,1002506265664160
25021829,1777900103,631417500060695693593
25021936,1777901387,1415887219456394361
25022021,1777902407,488775000000000000
25022028,1777902491,4010025062656641604
25022040,1777902635,16968022463112245
25022093,1777903271,2857142857142857142
25022125,1777903655,16128120309840000
25022139,1777903823,1426425000000000000
25022413,1777907123,200501253132832080
25022569,1777909007,628478339927629113859
25022661,1777910111,946393087499999958
25022995,1777914119,3106936456506076531
25023049,1777914779,6471494383818059925
25023076,1777915103,2125719362350466351
25023182,1777916399,43720220544145797
25023311,1777917947,119726421743561304053
25023376,1777918727,9460213753917595
25023460,1777919735,10965104370771600000
25023502,1777920239,1742426182829870
25023614,1777921583,16302084962532180000
25023740,1777923119,6350910921208185
25023824,1777924127,1500000000000000
25023946,1777925591,20361404439892215000
25024081,1777927211,12271335164741205000
25024111,1777927571,2643077807126563
25024553,1777932911,12011397872960430000
25024725,1777934975,37531597874602241
25024758,1777935371,7770963000969210000
25024806,1777935947,5526150000000000000
25024814,1777936043,6633375000000000000
25024818,1777936091,20141520000000000000
25025074,1777939163,69142342307928608
25025242,1777941191,6982500000000000000
25025302,1777941911,6942600000000000000
25025438,1777943555,12223992395282745000
25025945,1777949675,2213563621500000
25026168,1777952351,8990719977586095000
25026372,1777954811,1970421188858018193
25026530,1777956707,598500000000000000
25026789,1777959815,65092760051449907
25026801,1777959959,922977249387060000
25026914,1777961339,99750000000000
25026979,1777962119,200267083581330
25027077,1777963295,385333004585340
25027202,1777964807,99750000000000000
25027514,1777968587,3748047932857372363
25027537,1777968863,532920189251599645
25027537,1777968863,44831955284423116
25027554,1777969067,46253965931744313
25027597,1777969583,173066250000000000
25027726,1777971131,1371104661741227790
25027739,1777971287,2097007841250000
25027795,1777971959,8389027568250000
25027888,1777973075,45885000000000000
25027988,1777974275,460273300732245000
25028052,1777975055,30061646010079212
25028071,1777975283,49810162500000003
25028174,1777976519,1801135476000000
25028192,1777976735,11431753111657153
25028193,1777976747,2093023028250000
25028211,1777976963,1001684401028268031
25028331,1777978403,853928238639691
25028332,1777978415,714175763699405
25028353,1777978679,223377865405800000
25028447,1777979807,3940125000000000000
25028462,1777979987,3990000000000000000
25028720,1777983095,1815450000000000000
25028817,1777984259,1992406500000000
25028874,1777984943,190381296594485644
25028913,1777985411,458850000000000000
25028947,1777985819,12967500000000000000
25029068,1777987283,1826422500000000000
25029276,1777989779,50125313283208020
25029401,1777991291,13566000000000000000
25029489,1777992347,44348186181705000
25029518,1777992695,1795500000000000000
25029649,1777994291,226555562079849461
25029745,1777995443,341813325000000000
25029880,1777997063,38510243004160443
25030109,1777999823,50589193441500001
25030150,1778000315,1487990700000000000
25030202,1778000951,451898887307817
25030292,1778002031,5986930274199242389
25030351,1778002739,14044800000000000000
25030369,1778002955,10719143280568204
25030406,1778003399,1532852399635863
25030462,1778004071,1017450000000000000
25030487,1778004371,238203000000000000000
25030501,1778004539,847875000000000000
25030586,1778005559,8401978210500001
25030598,1778005703,2992500000000000000
25030610,1778005847,2099996451000000
25030628,1778006063,1477495026446250000
25030750,1778007527,1556100000000000
25030889,1778009195,11951472569975715000
25031069,1778011355,2586718327004708
25031367,1778014931,99750000000000
25031413,1778015483,3192000000000000000
25031475,1778016227,24308063944886715000
25031485,1778016347,102227018935202791747
25031592,1778017631,24313393561250220000
25031604,1778017775,254362500000000000
25031798,1778020115,368008630645901759
25031931,1778021711,408975000000000
25031934,1778021747,11316989350495185000
25031961,1778022071,13376475000000000000
25032052,1778023163,450139393982775000
25032116,1778023931,3306028395926065
25032303,1778026175,3990000000000000
25032311,1778026271,15960000000000000000
25032415,1778027531,3479152086600477735
25032488,1778028419,29886097500000000
25032499,1778028551,3121865114183497
25032840,1778032655,3402218971555635000
25032878,1778033111,66129881333474051
25032943,1778033903,79800000000000000
25033066,1778035379,3689483537503470000
25033120,1778036027,9975000000000000000
25033385,1778039219,1611320101032704724
25033465,1778040179,100000000000000000
25033612,1778041943,1395000000000000000
25033746,1778043551,2524706221885865565
25033849,1778044787,109926821150580000
25034099,1778047799,60209289822328312
25034174,1778048711,3705859774833
25034203,1778049059,48877500000000000
25034339,1778050691,8410944039750001
25034373,1778051099,4202981511750000
25034385,1778051243,2101988857500000
25034581,1778053595,581782698000000
25034694,1778054951,2938547612331895204
25034706,1778055095,6498024441485342417
25035059,1778059331,3193599230281840
25035071,1778059475,20947500000000000
25035074,1778059511,1190772014042363
25035205,1778061083,9323533884052899006
25035309,1778062331,249375000000000000
25035330,1778062583,2072102760000000
25035460,1778064143,39598205417392596
25035759,1778067743,56729555840247260
25036083,1778071643,59408807330143388939
25036192,1778072963,1845375000000000000
25036343,1778074775,35582305508879446
25036516,1778076863,94639308750000001
25036818,1778080511,4555680522067634
25036875,1778081195,2401531966508575152
25036959,1778082203,35503242877410000
25037093,1778083811,380694907522404021270
25037579,1778089679,703567117949402758
25037584,1778089739,5985000000000000
25037706,1778091203,9646644420315000
25037781,1778092103,5709172008047386
25037810,1778092451,18779201477549903
25037862,1778093075,71421000000000000
25037882,1778093315,3557786634614457000
25037964,1778094299,3555472292740530750
25038361,1778099087,269395211912817248
25038629,1778102303,98752500000000000000
25038637,1778102399,86632875000000000000
25038652,1778102579,10025062656641604
25038696,1778103107,8563854024078883
25038790,1778104247,1203007518796992481
25039296,1778110355,49146356903299178
25039662,1778114759,6258219721916190000
25039802,1778116451,249375000000000000
25039837,1778116871,199500000000000000
25040090,1778119907,664658806937790000
25040267,1778122055,997500000000000000
25040305,1778122511,196454724144315000
25040322,1778122715,47158455964236641
25040348,1778123027,142102214310186661067
25040603,1778126135,59137981037015824680
25040662,1778126843,15261750000000000000
25040950,1778130299,137683303235883527
25040975,1778130599,151380374805773678
25041142,1778132603,88887388683476175
25041321,1778134763,698250000000000000
25041328,1778134847,498750000000000000
25041339,1778134979,498750000000000000
25041391,1778135615,3082165040819419179
25041557,1778137607,229822943742537920
25041617,1778138327,399000000000000000
25041621,1778138375,987901759661814772
25041847,1778141099,33557950231099666
25041957,1778142419,2992500000000000000
25042181,1778145107,67767182214408078
25042283,1778146331,2622006954000000117
25042315,1778146715,9684548106754491
25042334,1778146943,25352376509250000
25042426,1778148059,34677598640105349
25042461,1778148479,997500000000000000
25042472,1778148611,1720687500000000000
25042505,1778149007,357617131878497208
25042584,1778149955,2109673680154799770
25042624,1778150447,7024162069785000
25042754,1778152019,35256755848287750000
25043238,1778157839,21945000000000000
25043281,1778158355,997500000000000
25043298,1778158559,59500470597213818
25043303,1778158619,11970000000000000
25043322,1778158847,19828264140124602750
25043794,1778164535,1765575000000000000
25043857,1778165291,6111377959824973795
25043918,1778166023,15283091490432625
25043985,1778166827,13965000000000000
25044157,1778168903,2878891409364457807
25044158,1778168915,203622754591595866
25044166,1778169011,1294159816480020000
25044216,1778169623,2597305398184344
25045002,1778179091,203194708414909461
25045008,1778179163,993627599364750000
25045423,1778184191,1004981250000000
25045895,1778189867,39900000000000000
25045934,1778190335,2162639613624477046
25046128,1778192663,29923856747849610000
25046212,1778193683,438900000000000000
25046256,1778194211,11970000000000000000
25046302,1778194763,5991029071959323207
25046311,1778194871,1795149610490167765
25046667,1778199143,20050125313283208020
25046670,1778199179,245385000000000000
25046705,1778199599,5984463824122793285
25046725,1778199839,4280685365250000
25047218,1778205779,635627496896636823
25047268,1778206379,1188087916494119
25047401,1778207975,76351040871755540
25047457,1778208647,299250000000000000
25047657,1778211059,86228624209059793125
25047805,1778212835,9882132750000000000
25047906,1778214047,4987500000000000000
25048026,1778215487,18827946342420485
25048146,1778216927,26235240777019575000
25048321,1778219027,18829652899352295000
25048529,1778221523,17012905576585800000
25048538,1778221631,5012531328320802
25048789,1778224655,1087127778509760575
25048804,1778224835,11865906986139056
25048919,1778226215,2200000000000000000
25049260,1778230307,19950000000000000
25049338,1778231243,17456250000000000000
25049359,1778231495,1853025188092681300
25049451,1778232599,1895250000000000000
25049536,1778233619,7450950937500000000
25049859,1778237495,2536386075893680318
25050075,1778240087,6252161493807918
25050379,1778243747,31115894328435000
25050451,1778244611,8465645379486435000
25050508,1778245295,1815450000000000000
25050511,1778245331,3508771929824561403
25050588,1778246255,1127413075374014625
25050755,1778248259,969105716322240000
25050974,1778250911,199949744475257511
25051079,1778252171,451127819548872180
25051095,1778252363,245763632296767912
25051505,1778257283,5357177257609826
25051674,1778259311,388489507382818014
25051927,1778262359,1030009932912847081
25051988,1778263091,15944858704067233725
25052015,1778263415,637717883406704730
25052192,1778265539,2547634950000000000
25052195,1778265575,3597994987468671679
25052222,1778265899,32039835660000
25052490,1778269115,20886627129366208498
25052559,1778269943,47910399633066327
25052581,1778270207,183994744339241566
25052724,1778271923,4987500000000000000
25052745,1778272175,495961848198883258
25052787,1778272679,2939561770934314334
25052994,1778275175,70835675849798903
25053064,1778276015,12841757446878395
25053172,1778277311,39900000000000000
25053361,1778279603,1995581055658798316
25053421,1778280323,49875000000000000000
25053516,1778281463,360097500000000000
25053593,1778282387,762857142857142857
25053856,1778285567,1002506265664160401
25053892,1778285999,15579511604894664
25054073,1778288171,1000000000000000
25054237,1778290151,78657170336718763
25054292,1778290811,648634330624556671
25054301,1778290919,2054560599394923843
25054800,1778296931,448875000000000000
25055265,1778302511,1369600427758703
25055753,1778308391,3655623942069459
25055840,1778309435,200000000000000000
25055892,1778310059,17223357989250000
25056224,1778314043,992480455569198600
25056248,1778314343,1190014435254168657
25056277,1778314691,1283362599209035321
25056558,1778318075,49491961550393203151
25056575,1778318279,46623485064255705
25056576,1778318291,110722500000000000
25056582,1778318363,196776724604319527
25056586,1778318411,74048028094746041284
25056767,1778320583,199854335767035041
25056841,1778321471,10000000000000000
25056867,1778321783,13141813144468816
25056880,1778321939,1905225000000000000
25056945,1778322719,76834034144046065391
25057140,1778325071,445388498475541388
25057294,1778326931,82846203511754097
25057501,1778329427,151013536495316622234
25057510,1778329535,19950000000000000
25057586,1778330459,11861015559960000
25057710,1778331947,2722047556029513495
25057725,1778332127,8615863459245000
25057844,1778333579,1004981250000000
25057914,1778334419,1617326417356492
25057918,1778334467,1297926836092735
25058069,1778336279,10049812500000000
25058360,1778339807,6890547675524445066
25058413,1778340443,1092731829573934837
25058433,1778340683,39900000000000000
25058435,1778340707,12808849337672470
25058464,1778341055,1027684350000000000
25058778,1778344847,3601785182189947936
25059104,1778348771,64879521964969439
25059156,1778349407,3507956764485810000
25059267,1778350751,563408521303258145
25059318,1778351363,4611528822055137844
25059421,1778352599,4078170730977900
25059444,1778352875,5104428008741198
25059484,1778353355,379050000000000000
25059557,1778354243,518157449375593591
25059588,1778354615,415447078774376546
25059602,1778354795,1755600000000000000
25059622,1778355035,25065717489973520
25059673,1778355647,20832860590682509
25059677,1778355695,7559078090130000
25060062,1778360327,997500000000000000
25060454,1778365067,345920000000000000
25060517,1778365823,2707822569204242
25060520,1778365859,997500000000000000
25060803,1778369267,198156741677132316
25060947,1778370995,676723456700000000
25061566,1778378423,479745670607890941
25062498,1778389631,17022113584746113
25062978,1778395403,2995177122256203737
25063022,1778395931,33227303338530000
25063193,1778397995,977550000000000000
25063245,1778398619,748125000000000000
25063631,1778403275,14898770102276128
25063694,1778404031,57930226861500000
25063777,1778405027,399000000000000000
25063805,1778405363,389025000000000000
25063857,1778405987,99750000000000000
25064288,1778411231,947625000000000000
25064300,1778411375,26102532715796775000
25064412,1778412719,34505896824081350055
25064453,1778413211,2706198623915975444
25064625,1778415287,5985000000000000000
25064952,1778419223,604960382171985000
25064985,1778419619,2723175000000000000
25065168,1778421827,76272127792980000
25065184,1778422019,21937288364121018000
25065404,1778424659,80949637010277643125
25065519,1778426039,6811333446855000
25065543,1778426327,49244811067400927094
25065577,1778426735,197274251124920860
25065684,1778428019,287081003615805000
25065832,1778429819,2713200000000000000
25066146,1778433599,36656364613104716
25066230,1778434607,103141500000000000
25066334,1778435855,50125313283208020
25066768,1778441111,208838104354296903
25066962,1778443439,11287386810000000000
25067006,1778443967,30271161160466909
25067036,1778444327,698250000000000000
25067053,1778444531,698250000000000000
25067305,1778447579,5697720000000000000
25067348,1778448095,3593789513406960
25067437,1778449163,625750053176430621
25067750,1778452931,1973217895004246
25067757,1778453015,6250213415175840
25067787,1778453375,16957500000000000
25067932,1778455115,9975000000000000
25067948,1778455307,69913699649933
25067949,1778455319,132405929966107241
25068638,1778463623,6293467442640000
25068827,1778465891,15037593984962406015
25068989,1778467835,27329721030349284
25069578,1778474951,746240097102025524
25069794,1778477567,690144062353389763
25070094,1778481191,28889894250000001
25070547,1778486639,281399991836380043
25070958,1778491595,1993402703250000
25071426,1778497211,798000000000000000
25071441,1778497391,298252500000000000
25071517,1778498315,56965802774440905
25071711,1778500655,25384995252566146
25071821,1778501987,55860000000000000
25071915,1778503115,94252069748649069
25072071,1778504999,12968237892394717882
25072176,1778506271,9626952079333328
25072276,1778507483,34737636661927332000
25072335,1778508215,110996127241676546
25072449,1778509583,8035541060264314880
25072554,1778510843,27812085476460266
25073301,1778519843,2822925000000000000
25073528,1778522579,13355067562082610000
25073747,1778525207,333689188600309500
25073760,1778525363,315308791076023238
25073768,1778525459,73714040899389345
25073825,1778526143,118080161604338535
25073841,1778526335,45356350464885759
25073881,1778526815,132604863251551513
25073964,1778527811,6024944935624160336
25073976,1778527955,3192000000000000000
25074186,1778530511,93749453142030267
25074435,1778533511,9975000000000000
25074497,1778534267,661024915848160019
25074528,1778534639,330143361338678370
25074597,1778535467,200501253132832080
25074626,1778535815,3459825932343040890
25074646,1778536055,2372511465344160053
25074851,1778538527,4010025062656641604
25075039,1778540795,211835521376279745
25075104,1778541575,380000000000000000
25075221,1778542979,5985000049875000000
25075612,1778547683,2509260375785137262
25075881,1778550935,199500000000000000
25076014,1778552531,166368118913448301670
25076596,1778559539,782602181099810971
25076793,1778561915,3361786915225878
25077006,1778564471,996642338151949230
25077492,1778570315,2940757887703440000
25077526,1778570723,198244446750000010
25077535,1778570831,221059071839460
25077541,1778570903,10154354569146058197
25077542,1778570915,4332025567855789
25077547,1778570975,761710251566808
25077548,1778570987,467085974428180
25077553,1778571047,566114615071513
25077556,1778571083,400145645388101
25077573,1778571287,65851158356577
25077609,1778571719,8503687500000000000
25077927,1778575535,49875000000000000
25078017,1778576615,32801698323711431
25078058,1778577107,14203370766369684
25078137,1778578055,83352833889478287
25078238,1778579279,10803468600867523
25078478,1778582171,96246814906345942
25078718,1778585051,10811751080194644
25078777,1778585759,1260807138847320451
25079153,1778590307,249050812500000000
25079185,1778590703,246267420619500009
25079302,1778592107,10025062656641604
25079442,1778593799,99750000000000000
25079461,1778594027,8867836835665395000
25079565,1778595275,4511278195488721804
25079571,1778595347,49875000000000000
25079573,1778595371,4421052631578947368
25079727,1778597231,5765172412981380000
25079912,1778599451,32988616072230000
25079942,1778599811,159600000000000000000
25080143,1778602235,2772846465968968825
25080259,1778603639,246039654910875000
25080512,1778606675,420000000000000000
25080804,1778610203,798000000000000000
25080882,1778611139,10025062656641604010
25080963,1778612111,15343157243890237971
25081091,1778613647,6384164000466059
25081162,1778614499,4306840566391599144
25081277,1778615879,400000000000000000
25081697,1778620943,276877726267485000
25081791,1778622071,3492704691824363427
25081846,1778622731,33334692011407644
25081852,1778622803,598500000000000
25081858,1778622875,5985000000000000
25081864,1778622947,4987500000000000
25082148,1778626355,499073265832443381
25082388,1778629235,4360828374297506
25082392,1778629283,8322025598115268770
25082547,1778631143,199240650000000011
25082969,1778636219,8597919059134377
25083029,1778636951,1891867409554654
25083029,1778636951,19497924305024609
25083094,1778637731,149135517888279628243
25083235,1778639435,866209669168045338
25083453,1778642051,799375937934599099
25083502,1778642639,32065995342989586
25083519,1778642843,784792157162299855
25083526,1778642927,754207162652421996
25083532,1778642999,741762853894323928
25083538,1778643071,2178445742574743
25083621,1778644067,804249977805501607
25083625,1778644115,706124447772688287
25083644,1778644343,661673326708924037
25083725,1778645315,5293319455208431468
25084215,1778651195,2992500000000000000
25084345,1778652755,19950000000000000
25084506,1778654699,1979144705765450278
25084565,1778655407,113279790588275208997
25084611,1778655959,9975000000000000
25084639,1778656295,5305186843428787
25084643,1778656343,17660435297636133
25084665,1778656607,917272942173803582
25084843,1778658743,46078695216763764870
25084848,1778658803,997500000000000
25085112,1778661983,1995000000000000
25085169,1778662667,997500000000000
25085487,1778666519,249759043154008429
25085611,1778668019,207257761327155000
25085760,1778669819,5012531328320802
25085780,1778670059,9562406864682595
25085885,1778671331,2791157258995040996
25085913,1778671667,1087275000000000000000
25085950,1778672111,195109993073225337908
25086148,1778674487,200000000000000000
25086398,1778677511,9975000000000000
25086660,1778680667,5637306530611274
25086812,1778682503,71820000000000000
25086876,1778683271,30752609006062755000
25086916,1778683775,9875250000000000000
25087092,1778685899,3519677917955884650
25087175,1778686895,9975000000000000
25087290,1778688287,19850250000000000000
25087340,1778688887,79688112364140000
25087560,1778691551,103520000000000000
25087575,1778691731,306138239741249997
25087763,1778693999,15723181754495348
25087795,1778694395,9232615322071651
25088077,1778697791,375000000000000000
25088103,1778698103,15550732732500001
25088125,1778698391,19950000000000000
25088209,1778699399,2430000000000000000
25088278,1778700227,113918646724224234360
25088387,1778701535,12247016542237785000
25088461,1778702459,904402179618056952
25088639,1778704595,129675000000000000
25088714,1778705495,229425000000000000
25088788,1778706407,997500000000000000
25089620,1778716511,34527852712175756270
25089684,1778717279,924358650987205760
25089810,1778718791,157987864152634121
25090091,1778722175,29835225000000000000
25090126,1778722595,10032721395576860
25090261,1778724215,7519200075151554
25090314,1778724851,23574256986264640
25090484,1778726903,190361524092953676408
25090710,1778729651,997826922554108771
25090720,1778729783,537350756820664407024
25090942,1778732447,23378070696412648
25091574,1778740055,996390883942988633
25091676,1778741291,3295783550443716322
25091900,1778743979,8589264421500000
25092038,1778745647,711809284398884
25092389,1778749859,6334125000000000
25092393,1778749907,3895666561988936
25092474,1778750879,537491327592411534
25092640,1778752883,2500000000000000000
25092665,1778753183,2500000000000000000
25092811,1778754935,3163371750000000000
25092834,1778755211,6163632166340453
25093048,1778757779,65717051510250000
25093059,1778757911,3783393156996657005
25093081,1778758175,3824303878933657
25093200,1778759603,7404300026382770425
25093224,1778759891,8971792871988223
25093272,1778760467,1496250000000000
25093545,1778763743,4937625000000000000
25093620,1778764643,888031148530501492
25094132,1778770811,9362266977661707
25094362,1778773595,886107067706730975
25094541,1778775743,5153730786740865000
25094565,1778776031,27396277434441598
25094801,1778778875,1578432444579660599
25094894,1778779991,21381556243467651
25094910,1778780183,18653250000000000000
25094912,1778780207,4987500000000000
25095116,1778782667,49081358930798102
25095174,1778783363,5656902123704363
25095298,1778784851,393970129776289798
25095358,1778785583,30877192982456140350
25095408,1778786195,7012136573720557
25095414,1778786267,2573559266327059078
25095725,1778789999,9969396430585620000
25095773,1778790575,7485695081911812604
25095808,1778790995,13457464697805240000
25095966,1778792891,1002506265664160
25096038,1778793755,1993137503799802408
25096216,1778795927,48025496159970000
25096607,1778800631,1107769423558897243
25096667,1778801363,265815337656591083
25099389,1778834171,398481300000000022
25099533,1778835899,6883764457500000
25100273,1778844803,49797211857749999
25100291,1778845031,1084998120600569
25100830,1778851511,30806274598909102
25100841,1778851643,11116505328046860000
25101163,1778855507,100760297972884545009
25101195,1778855891,9395743921248264025
25101238,1778856407,3151759387602679193
25101359,1778857859,14822576355263076
25102012,1778865707,176092904718042647368
25102714,1778874143,297265044116832109
25102950,1778876975,5992318834670299
25103134,1778879183,3073103538037581756
25103232,1778880359,1093593400150010294
25103620,1778885039,2987468671679197994
25103630,1778885159,3187969924812030075
25103687,1778885843,59627785278808602
25104023,1778889887,59424984478920
25104159,1778891531,45866958840601823333
25104169,1778891651,6109196042888346194
25104538,1778896103,195283040487064403553
25104877,1778900171,17734247015252562428
25105031,1778902019,597352828620240000
25105035,1778902067,1147460189132254
25105101,1778902859,151083323751695
25105195,1778903987,7145204980090
25105223,1778904323,547911787500000044
25105250,1778904659,98946633336285000
25105253,1778904695,3207048650036401432
25105888,1778912339,27311130791252102
25105977,1778913407,49236232489025009
25106100,1778914883,5985000000000000000
25106103,1778914919,3870300000000000000
25106530,1778920043,996994701174612695
25106883,1778924303,4169550000000000000
25107167,1778927711,448875000000000000
25107180,1778927867,66426221362200000
25107408,1778930615,60977202204679865
25107537,1778932187,2495328076776812276
25107727,1778934467,446633430468750000
25108070,1778938607,6945277746710658
25108125,1778939267,2852850000000000000
25108656,1778945651,1797328111346534
25108781,1778947151,8977500000000000000
25108783,1778947175,1192397518920123
25108919,1778948807,8418390149820000
25108964,1778949347,254656424934547
25109342,1778953895,13560912750295551560
25109907,1778960675,13790140164495575596
25109921,1778960843,125231447132079929
25110506,1778967875,448875000000000000
25110585,1778968835,113908104603251991
25110871,1778972267,10877224984208504
25111895,1778984579,32868107323298852
25111948,1778985215,3145990239993469305
25112677,1778993987,16797900000000000000
25113282,1779001319,803301867108492
25113290,1779001415,75518732822272
25113686,1779006191,101200074401263014
25113809,1779007691,18598636196201868450
25113852,1779008207,674991591867705000
25114640,1779017687,449642663455440000
25114686,1779018239,3702536800427
25114987,1779021863,4987500000000000
25115154,1779023867,9965025000000000000
25115234,1779024827,7914522895367033
25115527,1779028343,5333189207174228396
25115573,1779028895,2364075000000000000
25115949,1779033419,5450000000000000
25116090,1779035123,1124314332451154806
25116101,1779035255,113085718460463164
25116498,1779040067,52145963916971248
25116526,1779040403,12113349107756907540
25116615,1779041471,487053766442565000
25116746,1779043043,184261744117500000
25117173,1779048167,1594303301176005000
25117769,1779055331,7124451087631144838
25117795,1779055643,30044700000000000
25118193,1779060419,304042932555720856148
25118441,1779063395,24000000000000000000
25118525,1779064403,227159584046220000
25118623,1779065579,15062250000000000000
25120290,1779085619,82720495452175502
25120333,1779086135,99750000000000000000
25120747,1779091139,97913912549188218
25120841,1779092279,19950000000000000
25120862,1779092531,86302159299405000
25121264,1779097379,497237161914150000
25121270,1779097451,162506367070136509704
25121292,1779097715,10173114020135745000
25121367,1779098615,7208331349833602020
25121417,1779099215,179144207962981
25121466,1779099803,9000000000000000000
25121486,1779100043,496826858467590000
25121868,1779104651,390000000000000000
25122294,1779109775,5012531328320802
25122598,1779113423,1494304875000000
25122634,1779113855,15940604599110724459
25122719,1779114875,99750000000000000
25122720,1779114887,5017425000000000000
25122787,1779115691,1645335900502865131
25122847,1779116411,170837899139250003
25122860,1779116567,11326830952500000
25123189,1779120515,7000000000000000
25123244,1779121187,9975000000000000
25123300,1779121871,17833596765633115875
25123420,1779123311,17281687500000000000
25123455,1779123731,18528531555555000
25123587,1779125315,649524519000000
25123717,1779126875,153290313041031972
25123729,1779127019,215262598688047
25123742,1779127175,4538756784103615963
25124293,1779133799,4745921137292495090
25124311,1779134015,496852274667840000
25124335,1779134303,2892750000000000000
25124446,1779135647,1995000000000000
25124452,1779135719,1995000000000000
25124583,1779137291,3100334965929060296
25124677,1779138443,3155695593911738007
25124764,1779139487,1634307227829838905
25124792,1779139823,100000000000000000
25124834,1779140327,4280632741394696657
25124882,1779140915,344164904261077504
25125019,1779142559,6957086730623725534
25125111,1779143663,20846834039422545000
25125200,1779144743,5051509374941627644
25126159,1779156335,81773423537330509165
25126274,1779157727,40857255547399169592
25126717,1779163079,2092835240047873125
25126787,1779163919,100250626566416040
25126890,1779165155,498750000000000000
25126932,1779165659,10971677193631350000
25127117,1779167879,7104921579000000
25127399,1779171263,270261958884120000
25127596,1779173627,930036825038874
25128230,1779181235,3743326017599669351
25128252,1779181499,12768000000000000
25128322,1779182339,1036448641815101130
25128602,1779185699,2470000000000000000
25128895,1779189215,40997250000000000000
25129146,1779192239,9026245393482403
25129289,1779193955,2992500000000000000
25129295,1779194027,12939710442171707250
25129567,1779197291,7513207956774161
25129710,1779199007,997062287761356741
25129755,1779199547,488266249130835000
25129777,1779199811,95319641024580000
25129833,1779200495,34892018831250001
25129888,1779201155,20335925615490668
25130109,1779203819,14140921437844628552
25130189,1779204779,6543425070583121194
25130192,1779204815,4935132795767329
25130213,1779205067,1086435678048531646
25130236,1779205343,850000000000000000
25130500,1779208523,4000000000000000
25130560,1779209243,2992500000000000000
25130606,1779209819,10025062656641604
25130711,1779211079,5449361641842955842
25130807,1779212231,13496012399000791880
25130950,1779213959,730472182252552100
25130993,1779214475,1175343564733004883
25131000,1779214559,11685089952559998722
25131329,1779218507,20050125313283208
25131365,1779218939,83576121639619862521
25131589,1779221639,9975000000000000000
25131827,1779224495,936431054999999949
25131905,1779225431,11951692543991221
25132039,1779227039,168819170246160000
25132187,1779228815,18868690744140232
25132371,1779231035,257833278810853665
25132489,1779232451,1584879519797367137
25132579,1779233531,14862750000000000000
25132668,1779234611,235607797851884205
25132845,1779236747,3114101566170000
25133043,1779239123,7363317177342485
25133263,1779241763,175454711500759907229
25133373,1779243095,3224239285194226
25133984,1779250463,178320381749999994
25134029,1779251003,291887552249999985
25134602,1779257903,8418832029511418
25134604,1779257927,10025062656641604
25134734,1779259487,399000000000000000
25134852,1779260903,52839892463415737
25134988,1779262535,29925000000000000
25135098,1779263855,990091310332530000
25135329,1779266627,110988735830250634
25135384,1779267287,19875585305596276
25135403,1779267515,5012531328320802
25135729,1779271463,9624060150375939849
25135814,1779272483,1041604010025062656
25135982,1779274511,5177750705324885
25136173,1779276815,3785564368891849349
25136215,1779277319,1394684550000000
25136237,1779277583,511432586538572821
25136337,1779278783,187812511147573218
25136366,1779279131,19950000000000000000
25136532,1779281123,4175581660757965385
25136611,1779282071,108727500000000000
25136786,1779284183,2005012531328320802
25137010,1779286883,7974745091887359740
25137115,1779288143,2222593082849877
25137154,1779288611,684415211317119
25137313,1779290519,363481444020565874
25137344,1779290891,205153591067355
25137586,1779293807,8534848517305932833
25137691,1779295079,927646383226693
25137771,1779296039,1784925474779475605
25137877,1779297311,7565208165799941575
25137882,1779297371,1000000000000000000
25137892,1779297491,340000000000000000
25138240,1779301667,174562500000000000
25138726,1779307511,8263770944772628
25138730,1779307559,3241875000000000000
25138889,1779309479,1915200000000000000
25138932,1779310007,99612576567748986
25138946,1779310175,227430000000000000
25138984,1779310631,487578000000000000
25139583,1779317855,997500000000000
25140243,1779325847,2694972255218342744
25140460,1779328463,2000000000000000
25140591,1779330047,3007518796992481
25140660,1779330875,5744360902255639
25140665,1779330935,21897796372812748987
25140820,1779332819,48663112576646829
25141743,1779343931,3370718335180361
25142008,1779347123,11172000000000000000
25142377,1779351551,19950000000000000
25142594,1779354155,72179774919107966
25142792,1779356531,10125062352523926988
25143053,1779359663,14314125000000000000
25143136,1779360671,10620712406441430
25143408,1779363935,2101574920396993
25143436,1779364271,4987500000000000
25143529,1779365387,8936888876962393
25143568,1779365855,15960000000000000
25144090,1779372131,25971511179599885
25144113,1779372407,44887500000000000
25144187,1779373295,1316700000000000000
25144361,1779375383,500000000000000000
25144505,1779377123,2344125000000000000
25144600,1779378263,247607470449672535
25144647,1779378827,29925000000000000
25144674,1779379151,104419479480381817
25144709,1779379571,1110099378672322285
25144715,1779379643,93476617589300489788
25144849,1779381251,11855557888652485
25144879,1779381611,1000492500000000000
25145132,1779384647,46792324755109549
25145179,1779385235,3178525201763728
25145276,1779386399,5494066257352575000
25145289,1779386555,1991123184194892630
25145421,1779388151,1479634515758179
25145621,1779390551,533752275000000000
25145674,1779391187,19121973931529238
25146106,1779396383,2795247904024427288
25146268,1779398339,6653766914562062486
25146609,1779402443,149286847500000000
25146700,1779403547,698250000000000
25146749,1779404135,1321687500000000000
25147184,1779409355,2503530951289929
25147455,1779412607,867825000000000000
25147499,1779413147,25833151833039671973
25147753,1779416219,901824367514595000
25147964,1779418763,2776031903898383
25148034,1779419603,75168058957835545
25148076,1779420107,4200002904930000
25148422,1779424271,7539478954398554968
25148483,1779425003,2477717485468377045
25148844,1779429359,296545830913395155
25148993,1779431147,14353127014130081
25149035,1779431651,761619985093357
25149065,1779432011,48625784487971018
25149341,1779435335,1167075000000000000
25149353,1779435479,1147125000000000000
25149414,1779436211,113250235463570044
25149776,1779440603,310356205913460000
25149875,1779441803,1992007500000000000
25150275,1779446615,50637098117377687
25150504,1779449375,935958396012990000
25150920,1779454367,4457747043585150000
25150946,1779454679,2005012531328320802
25150951,1779454739,11970000000000000
25151137,1779456971,10404999501064182
25151285,1779458747,1160000000000000000
25151297,1779458891,1552000000000000000
25151362,1779459683,2967223839457052137
25151511,1779461471,577384829632254366
25151822,1779465215,4584410011116705000
25151932,1779466535,3291750000000000000
25152044,1779467891,476688236141250014
25152501,1779473411,3048051955901803
25152663,1779475367,17034248805890721
25152784,1779476831,4611425916616365000
25152995,1779479363,37954746604148115000
25153676,1779487583,95315231236046959
25153817,1779489275,5007895184019158
25153935,1779490691,55497051076425000
25154141,1779493163,1094851896936704
25154805,1779501155,1128746083501432594
25155341,1779507611,24945896755500000000
25155379,1779508067,2305764411027568922
25155696,1779511871,7218587079591860106
25155952,1779514943,997500000000000000
25156285,1779518975,1878259641340128
25156699,1779523955,4150209311902867
25156709,1779524075,114881315878299
25156761,1779524711,1735099342891005
25156812,1779525323,497908521568500000
25156939,1779526847,3208924053827584451
25156965,1779527159,1002838319175656683750
25157137,1779529223,10025062656641604010
25157386,1779532223,7515201101500872
25157512,1779533735,511116024257999967
25157891,1779538283,141429024381256169
25158159,1779541511,11418314768424365
25158208,1779542099,472672788338583650
25158212,1779542147,8475697250999999124
25158244,1779542531,1260851616785250032
25158312,1779543347,4901319990000000
25158366,1779543995,3953876201198534
25158383,1779544199,3113228930267851
25158438,1779544859,64645781684238334
25158901,1779550463,303727921106180620
25159243,1779554591,49875000000000000
25159352,1779555911,22646688482250000
25159498,1779557663,14238733052250000
25159811,1779561443,509792328469112655
25159943,1779563039,1745625000000000000
25160042,1779564239,1814500000000000000
25160053,1779564371,3277678398047972100
25160081,1779564707,35274495413582194
25160133,1779565343,49875000000000000
25160299,1779567347,1901943618974595000
25160441,1779569051,36753874787809705
25160562,1779570503,35520579129378721806
25160879,1779574319,69825000000000000
25161085,1779576791,487396886112041455
25161358,1779580067,4128987751770000
25161385,1779580391,13524053345721467
25161790,1779585263,12451544421750000
25162080,1779588767,997500000000000000
25162103,1779589043,1995000000000000000
25162163,1779589763,46553856154695208
25162323,1779591683,13324658146106565
25162567,1779594611,646153499114433499
25162613,1779595163,642584147196060122
25162656,1779595679,638089968429466085
25163384,1779604463,1995000000000000000
25163534,1779606263,3054345000000000000
25163544,1779606383,56365600195584968114
25163599,1779607043,359000000000000000
25163833,1779609851,1695750000000000000
25163889,1779610523,1915200000000000000
25163910,1779610775,1293812323612084
25163933,1779611051,26667391563657968
25164082,1779612839,22559022596249999577
25164170,1779613907,283523953685935000
25164443,1779617195,18296280299141
25164668,1779619895,3266556303321938
25165038,1779624335,3021152882205513784
25165422,1779628955,8564070083122957
25165946,1779635267,530951070423431132
25166075,1779636827,4987500000000000000
25166082,1779636911,4987500000000000000
25166412,1779640895,18111595805772840000
25166434,1779641159,97243107769423558
25166479,1779641699,13419245147274819063
25166503,1779641987,199500000000000000
25166896,1779646751,225581853945000
25166908,1779646895,670961368473583451
25166931,1779647171,31924102028911552331
25167014,1779648167,49875000000000000
25167037,1779648443,9975000000000000
25167050,1779648599,198702000000000000
25167191,1779650303,180148500000000000
25167223,1779650687,54862500000000000
25167267,1779651227,273015750000000000
25167298,1779651599,231619500000000000
25167370,1779652463,9973389871685310000
25167530,1779654383,7425831890505000
25167603,1779655259,9975000000000000
25167790,1779657515,997416498513718055
25167921,1779659087,2992500000000000000
25167947,1779659399,5330004720155333
25168122,1779661511,20050125313283208020
25168204,1779662495,12821867041232130000
25168246,1779662999,11082914225217946531
25168565,1779666827,49314525243162712
25168598,1779667223,49040434526521558
25168604,1779667295,49082300743841972
25168931,1779671243,1512649216448511
25168937,1779671315,89775000000000000
25169196,1779674423,2134650000000000000
25169390,1779676775,591347816864370169
25169776,1779681431,837900000000000000
25169778,1779681455,59850000000000000
25169783,1779681515,2254350000000000000
25169923,1779683195,4545608956350000
25170036,1779684551,50373750000000000
25170121,1779685571,48283979120999999
25170457,1779689663,20640867913057899
25170700,1779692603,18423825000000000000
25170728,1779692939,140596666847001358
25170763,1779693359,97747239812580032758
25170981,1779695987,896582925000000022
25171086,1779697259,2377894801905000
25171226,1779698939,601925538261760047
25171335,1779700247,501253132832080200
25171401,1779701039,10972500000000000
25171458,1779701723,13463597015399911956
25171975,1779707939,35154486117404346904
25172096,1779709391,49145827341391790
25172425,1779713351,867825000000000000
25172472,1779713915,498750000000000000
25172476,1779713963,55642886404350000
25172632,1779715835,1773173332067301
25172672,1779716327,2347794080453640000
25172701,1779716675,4030075187969924812
25172756,1779717347,232685041831095000
25172778,1779717611,977624029110050176
25172842,1779718403,1765575000000000
25172944,1779719651,415529361275971090
25173071,1779721187,18045112781954887
25173317,1779724139,548625000000000000
25173515,1779726515,339150000000000000
25174188,1779734627,4992481203007518796
25174286,1779735803,585452819488075839
25174302,1779735995,632827214832153317
25174310,1779736091,552322563046044032
25174322,1779736235,493313849883089136
25174345,1779736511,435076323701308076
25174412,1779737315,20919099317773394
25174453,1779737807,1150526601200060448
25174501,1779738383,22074764259874518
25174545,1779738911,4731965437500000
25174574,1779739259,715273933499999974
25175631,1779752027,29539335422121919
25176093,1779757583,282857270756618691
25176173,1779758543,276193181079616358
25176283,1779759863,10025062656641604010
25176690,1779764771,200000000000000000
25177036,1779768935,44809812760948655287
25177155,1779770375,283709273182957393
25177327,1779772451,9418017790306899
25177892,1779779243,58373700000000000
25177949,1779779927,4812937500000000000
25178004,1779780599,2556366545579876
25178228,1779783287,230576441102756892
25178653,1779788399,128121893622618163
25179231,1779795359,6014925000000000000
25179571,1779799451,9975000000000000
25179633,1779800195,753036361702541002
25179682,1779800783,229593350570008219
25179758,1779801695,102771070345247811
25179873,1779803075,890000000000000000
25179943,1779803927,8822735082464965647
25180008,1779804707,47279747923859093
25180269,1779807851,4219998861596385000
25180424,1779809711,1190473512086565000
25181014,1779816791,4931206087500000
25181272,1779819911,1808842200169713
25181411,1779821591,49810162500000003
25181601,1779823883,299250000000000000
25181801,1779826295,997500000
25181994,1779828611,537110721515209340
25181996,1779828635,22055137844611528
25182413,1779833651,24937500000000000
25182462,1779834239,195830567669300661
25182744,1779837623,18902316238074483
25183142,1779842399,9975000000000000
25183357,1779844979,185582841164840104
25183674,1779848795,495642995378999976
25183848,1779850883,3867886829676472
25184013,1779852863,83152370134874817
25184045,1779853247,363857071628402697
25184273,1779855983,1000000000000000
25184301,1779856331,3000000000000000
25184608,1779860039,11679404848813621
25184815,1779862535,399000000000000000
25184900,1779863555,117696740141152823
25185715,1779873419,98216936813625000
25185753,1779873875,5497049533500000
25185781,1779874211,2991452453511795000
25185932,1779876023,2086127606264109
25186152,1779878675,3291750000000000000
25186158,1779878747,96136091856447662
25186298,1779880427,148671533364574290
25186506,1779882923,250641749090250015
25186526,1779883163,897750000000000000
25186608,1779884159,3836901587891226340
25186617,1779884267,502474649151190
25186665,1779884843,11767109759756715000
25186710,1779885395,7238282248885001302
25186784,1779886283,139475735681362643
25188007,1779901043,38899105235820900000
25188255,1779904019,4987500000000000000
25188349,1779905159,14282500926601884890
25188378,1779905507,5209092381453877
25188422,1779906035,12414200279645567409
25188468,1779906599,995075576856480000
25188586,1779908015,1312448715891013227
25188620,1779908423,24299100000000000000
25188627,1779908507,448875000000000000
25188811,1779910727,23425877095772852
25188848,1779911171,4101026292327404375
25188849,1779911183,1939849624060150375
25188997,1779912959,5985000000000000000
25189156,1779914867,3505618792406611
25189203,1779915431,7451325000000000000
25189218,1779915611,4553115024438698233
25189545,1779919547,56073296996836152
25189556,1779919679,11194964906472949830
25190066,1779925835,858578500641165927
25190105,1779926303,788143433003930577
25190206,1779927515,19950000000000000
25190268,1779928283,197505000000000000
25190414,1779930035,8678250000000000000
25190472,1779930731,99620325000000
25190638,1779932735,1995000000000000000
25190882,1779935675,5012531328320802
25190883,1779935687,186428815763824254
25191161,1779939035,1093488144719473125
25191176,1779939215,144637500000000000
25191330,1779941063,20964744400061066903
25191482,1779942911,18726351830673476
25191496,1779943079,1113303991541012459
25192037,1779949571,2992500000000000
25192395,1779953891,155579695503501045
25192479,1779954899,23390666590428596
25192515,1779955331,2072080318887390000
25192670,1779957191,479969868000000000
25193019,1779961379,4021674494482278927
25193140,1779962831,18903206569943980
25193261,1779964283,721827285366977349
25193411,1779966095,15459273646043263497
25193415,1779966143,14098346450616413584
25193445,1779966503,98949890544730313
25193506,1779967235,12468750000000000000
25193533,1779967559,3491250000000000000
25193654,1779969011,4987500000000000
25193666,1779969155,3665499467901846617
25193712,1779969707,12368313651484508025
25193763,1779970319,14962500000000000
25193868,1779971579,2206590198750000
25194602,1779980387,1020135961266137922
25195181,1779987395,10000000000000000
25195292,1779988727,4596481795500000
25195363,1779989579,1805120289000000
25195732,1779994031,10298920692082187
25195856,1779995531,2606958330389175
25196086,1779998303,22052637616457252
25196153,1779999107,4113129823483186290
25196168,1779999287,1681570332928184111
25196183,1779999467,1977085823258763
25196393,1780001987,2237984686502844549
25196797,1780006835,21922096417965240000
25196831,1780007243,98583369003586311
25196991,1780009175,996092603351895000
25197822,1780019195,10025062656641604010
25198526,1780027643,9268573043160026
25198604,1780028579,14080510500000000000
25198660,1780029251,211756158889800000
25198912,1780032287,66575373515526513
25199027,1780033667,9975000000000000
25199286,1780036787,498750000000000000
25199719,1780042007,1390446974074896
25199725,1780042079,247000000000000000
25199770,1780042619,808274250000000000
25199814,1780043147,997500000000000000
25200032,1780045763,7471275000000000000
25200150,1780047191,8922305764411027568
25200158,1780047287,1002506265664160401
25200187,1780047635,1295283217929540000
25200217,1780047995,1192012500000000000
25200262,1780048535,1996444725646436026
25200346,1780049555,245433691029296248
25200755,1780054487,41628585974325000
25200902,1780056251,99750000000000000
25201060,1780058183,24937500000000000000
25201097,1780058627,1850996996614455046
25201445,1780062803,2392564928595132462
25201455,1780062923,19750500000000000
25201466,1780063055,162757496426661
25201495,1780063403,17955000000000000
25201565,1780064243,104761904761904761
25201913,1780068419,606902341464776216
25202226,1780072187,17870251322724773
25202239,1780072343,274998796393195688
25202292,1780072991,1925027064765000
25202361,1780073831,780595091173984
25202572,1780076363,498750000000000000
25202609,1780076807,997500000000000
25202691,1780077791,2593500000000000000
25202947,1780080875,5246600708825004
25202947,1780080875,446249666235287581
25203586,1780088591,1995000000000000
25203705,1780090031,69212155112266591
25203753,1780090607,9975000000000000
25203829,1780091519,7000000000000000
25204383,1780098215,760539146557047
25204720,1780102283,70000000000000000
25205658,1780113575,100000000000000
25205776,1780115003,40100250626566416
25206380,1780122323,1000000000000000
25206423,1780122839,397775727180930000
25206563,1780124519,7980000000000000000
25206591,1780124855,1873947076044973569
25206870,1780128215,20516132275534633553
25207024,1780130063,14463750000000000
25207194,1780132103,9975000000000000
25207405,1780134659,34312772215864649598
25207899,1780140611,1111762827000000
25207900,1780140623,266020615559730494
25208217,1780144439,668584596094011
25208475,1780147547,129662337709065000
25208568,1780148663,4981016250000000
25208588,1780148903,142787742000960000
25209006,1780153931,67442582106165000
25209073,1780154747,661528800008444376
25209869,1780164407,975140062778910000
25210032,1780166375,12117915557898301930
25210154,1780167839,997015341183687597
25210264,1780169171,41022441910243318
25210281,1780169375,968364259374058077
25210414,1780170971,189278617500000002
25210984,1780177823,4987500000000000
25211046,1780178567,7767080995817107
25212509,1780196243,24905081250000001
25212686,1780198379,1979159700000000000
25212945,1780201499,137000000000000000
25213169,1780204187,997500000000000
25213894,1780212911,6108856554237713
25214024,1780214495,1496250000000000000
25214294,1780217771,19498746867167919
25214418,1780219259,1447977519234049
25214662,1780222223,3647007447533233451
25214845,1780224419,22777294778175000
25214865,1780224659,8483737500000000000
25215181,1780228463,195488721804511278
25215492,1780232195,4540855143722054755
25215619,1780233731,1735346186602405602
25215678,1780234439,9454830542850000000
25215940,1780237595,39900000000000000000
25216213,1780240883,144447075579221925
25216224,1780241015,1177050000000000000
25216260,1780241447,1226925000000000000
25216288,1780241783,610968750000000000
25216443,1780243643,3885192675000000
25216555,1780244987,348138195956471395
25216684,1780246535,97695706297770000
25216922,1780249391,1995000000000000
25217046,1780250903,49875000000000000000
25217084,1780251359,6926736601421614
25217258,1780253471,9975000000000000000
25217302,1780253999,996624328341810000
25217404,1780255235,66831279785931825189
25217685,1780258619,81948808137071280
25217978,1780262147,62838647996805716
25218092,1780263515,736419337500000000
25218427,1780267559,21816826805999320
25219250,1780277459,1822824909363428031
25219332,1780278455,5545900500000000000
25219689,1780282775,998632340739504972
25219915,1780285487,80200501253132832
25220869,1780296947,10025062656641604
25221429,1780303739,180671037785006606
25221689,1780306859,3007518796992481
25221737,1780307435,20050125313283208
25222306,1780314287,9471206581061243
25222416,1780315619,99750000000000000
25222471,1780316279,136538452365000000
25222598,1780317803,189525000000000000
25222654,1780318475,119700000000000000
25222665,1780318607,5985000000000000
25222667,1780318631,9975000000000000
25222674,1780318715,9975000000000000
25222991,1780322531,43890000000000000000
25223212,1780325183,15960000000000000000
25223270,1780325879,9975000000000000
25223580,1780329599,73359419552112974
25223613,1780329995,10025062656641604
25223613,1780329995,20723652374248026812
25223670,1780330679,1274795025000000000
25223675,1780330739,1685675250000000000
25223730,1780331411,997500000000000
25223999,1780334651,426688063892797403
25224271,1780337939,374085436521761236
25224509,1780340795,240000000000000000
25224592,1780341791,997500000000000000
25224775,1780343999,1210965000000000000
25224817,1780344515,8033865000000000000
25224990,1780346603,9975000000000000000
25225604,1780353983,701881331145545325
25225646,1780354499,29925000000000000000
25225673,1780354823,10025062656641604
25225962,1780358303,20947500000000000000
25226400,1780363583,937998287423001158
25226533,1780365179,19950000000000000000
25226746,1780367735,209354577812682472
25226756,1780367855,83851901334051433
25226759,1780367891,46735878473013218
25226801,1780368395,102910446401000958
25227025,1780371083,49122807017543859649
25227059,1780371491,14256318458563100
25227118,1780372199,4010025062656641604
25227381,1780375379,13466250000000000
25227398,1780375583,84210526315789473684
25227412,1780375751,100050125313283208020
25227639,1780378475,45191710265038629
25227789,1780380287,28771929824561403508
25228228,1780385567,26533500000000000000
25228353,1780387079,4175602272765022
25228371,1780387295,1918424662975050
25228495,1780388783,193846232400241403
25228602,1780390067,997500000000000000
25228649,1780390631,14763000000000000
25228709,1780391363,997500000000000000
25228884,1780393499,7980000000000000
25228896,1780393643,8977500000000000
25229320,1780398755,737177602432635000
25229367,1780399331,7785353480241383
25229596,1780402091,4799393434256925000
25229728,1780403675,419904613438673557
25229763,1780404095,49875000000000000000
25229918,1780405967,95801651797530000
25229970,1780406591,9828233895882110027
25229984,1780406759,26374328369327563
25230016,1780407143,72080200501253132832
25230262,1780410107,6475321480096649
25230583,1780413971,1405562067016590000
25230699,1780415363,100250626566416040
25230749,1780415987,997500000000000000
25230770,1780416239,6758062500000000000
25230852,1780417223,58266944908018439949
25230915,1780417979,2019140368008540000
25230925,1780418099,2506162784397748020
25231025,1780419299,32081012512768134
25231032,1780419383,8025804531675000000
25231044,1780419527,991515000000000000
25231129,1780420547,603665732134078345
25231136,1780420631,299196419666870
25231299,1780422599,239496852118860000
25231325,1780422935,375727577588220281
25231354,1780423295,392587331898693960
25231393,1780423763,22942500000000000
25231511,1780425179,559549711401717623
25231550,1780425647,398645173108986867
25231572,1780425911,365994435502488146
25231573,1780425923,9930649729274042446
25231590,1780426127,19860805501835232375
25231654,1780426895,363657575169905776
25231672,1780427111,777361409083840833
25231675,1780427147,363401513017405638
25231699,1780427435,19944262147624395000
25231780,1780428407,22443750000000000
25231852,1780429283,12827783077286242
25231874,1780429547,989265687614056662
25231874,1780429547,248312688348344400
25231881,1780429631,66474352079104775
25231938,1780430315,1302735000000000000
25231981,1780430831,1002506265664160401
25231997,1780431023,18514537613665999756
25232271,1780434311,59324681832940784356
25232277,1780434383,13093584237714152375
25232407,1780435967,241198331286244041
25232490,1780436999,24937500000000000000
25232521,1780437371,257821110168090000
25232632,1780438715,57786123401055000
25232962,1780442699,861635604408923022
25233222,1780445831,83929824561403508771
25233282,1780446551,32912280701754385964
25233490,1780449059,4024520212109670000
25233585,1780450199,29748251467557701022
25233626,1780450691,18621215132608200000
25233728,1780451915,14628099296686227
25233908,1780454075,8977500000000000
25234304,1780458851,17452684972522852668
25234328,1780459139,5785500000000000000
25234354,1780459463,5026203000000000000
25234854,1780465475,2772586445491793
25235274,1780470563,48550720410465000
25235471,1780472939,22216229267924644
25235532,1780473683,27172439847000002
25235537,1780473743,24820069639133627
25235554,1780473947,2154850697280
25235634,1780474907,10329092113127131470
25235923,1780478399,10174500000000000
25235950,1780478723,52668000000000000000
25236027,1780479647,558870023250000
25236209,1780481831,3211072405288231056
25236213,1780481879,11437593984962406015
25236236,1780482155,300751879699248120
25236411,1780484255,47286648462035047
25236463,1780484879,7464219635712725
25236469,1780484951,1104506915206590000
25236477,1780485047,9930411126073375875
25236865,1780489703,15760500000000000000
25237389,1780496015,2978642623911885000
25237455,1780496807,11396829666939552911
25237513,1780497503,99750000000000
25237538,1780497803,4509935046893401
25237558,1780498043,6533839235638093
25237591,1780498463,77306250000000000
25237618,1780498799,22315751723955528
25237686,1780499627,568697649928695000
25237863,1780501763,13969013095797907028
25237883,1780502003,997500000000000
25237948,1780502783,979859525973985366
25237973,1780503083,340504517381864724
25238021,1780503659,339560319498878266
25238068,1780504223,1974839925191280000
25238197,1780505795,379050000000000000
25238315,1780507211,11706240545381875191
25238355,1780507691,748125000000000000
25238370,1780507871,2397990000000000000
25238374,1780507919,2384025000000000000
25238427,1780508555,370191021365584068
25238449,1780508819,362446858774598690
25238466,1780509023,359713957090353779
25238576,1780510367,1155402936044675
25238666,1780511459,9971947864593418019
25238754,1780512515,34912500000000000
25238829,1780513451,997500000000000
25238903,1780514339,1087275000000000000
25239033,1780515899,39900000000000000
25239135,1780517123,220068485845080313
25239404,1780520363,34905480454830755887
25239473,1780521191,9543817979613742
25239924,1780526639,7910175000000000000
25240058,1780528259,11488335622958525
25240065,1780528343,360896270349786009
25240082,1780528547,199500000000000000
25240286,1780531007,199500000000000000
25240322,1780531439,4987500000000000
25240429,1780532723,798498750000000000
25240694,1780535915,846132026560788
25240749,1780536587,16674894225542869580
25241296,1780543151,8491813188469043069
25241368,1780544015,3990000000000000000
25241756,1780548719,698250000000000
25241888,1780550303,3985736081435443125
25242003,1780551695,4903410960980819
25242247,1780554671,997500000000000
25242259,1780554815,47082000000000000000
25242438,1780556963,487285923742029179
25242625,1780559207,13965000000000000000
25242634,1780559315,9975000000000000
25242671,1780559759,17210000000000000000
25242857,1780561991,9904825344330000
25242872,1780562171,643748352252671495
25242904,1780562555,14943048750000000
25242972,1780563371,11157795335760384
25243314,1780567535,25341580964701563
25243385,1780568387,6733285362578199
25243393,1780568483,12967500000000000
25243492,1780569683,51969750000000000
25243623,1780571255,10773963909868730
25243682,1780571963,65979365798241165
25243743,1780572707,40100250626566416
25243807,1780573487,85655856943043561078
25243852,1780574027,200604750595269566
25244034,1780576211,299250000000000000
25244524,1780582151,9975000000000000
25244554,1780582511,6856558414305626723
25244967,1780587503,3102225000000000000
25245010,1780588019,15958014014223950264
25245027,1780588223,4657195058693100
25245031,1780588271,9975000000000000
25245121,1780589351,14013761874044175
25245323,1780591787,69792619746030720000
25245479,1780593671,257529795724106691
25245564,1780594703,53952954153525000
25245677,1780596059,55388905319566140000
25245911,1780598867,5985000000000000
25246160,1780601879,804389880112349
25246214,1780602527,885451623000000
25246574,1780606859,241042022113330393
25246845,1780610171,597996445857006429
25246850,1780610231,496159948831515584
25246989,1780611911,102860974172250000
25247031,1780612415,9325195339277580000
25247115,1780613435,9687329566918028
25247330,1780616027,3665374373121027
25247354,1780616315,30135472500000000000
25247361,1780616399,155570175438596493
25247723,1780620755,40617690000000000
25248063,1780624871,498750000000000000
25248092,1780625219,6000000000000000
25248431,1780629299,2992500000000000
25248471,1780629791,216713138789280000
25248681,1780632335,10553246193925718
25248771,1780633415,19950000000000000
25248801,1780633775,10025062656641604
25248839,1780634231,150161682739743492
25249026,1780636475,617720422725792393
25249547,1780642763,4970126736565620000
25249617,1780643603,7910175000000000000
25249720,1780644851,1953236715672337630
25249808,1780645919,39900000000000000
25249819,1780646051,1000000000000000000
25249851,1780646435,48513325972913612
25249896,1780647011,992512263843023921
25249991,1780648175,2048582019829809046
25250199,1780650683,7786710185519383
25250382,1780652879,114661519186931111
25250391,1780652999,7087090608469448
25250415,1780653287,9937038127457269
25250429,1780653455,49865025000000000000
25250458,1780653803,149525250000000000000
25250502,1780654331,2331041555872392
25250749,1780657367,31713368374866077557
25250765,1780657559,1018352001686832837
25250862,1780658735,8982905582022825
25250943,1780659707,99750000000000000000
25250954,1780659839,49795200000000000000
25251161,1780662335,52845092754440051558
25251349,1780664603,382763826396420000
25251429,1780665563,13672889606249999647
25251545,1780666955,9975000000000000
25251920,1780671479,41052629673595369775
25252023,1780672715,41860962344886300000
25252042,1780672943,169410678730755000
25252090,1780673519,4962305603189655000
25252419,1780677467,7692221250000000000
25252422,1780677503,79140237779209383
25252495,1780678379,14936047978854345000
25252524,1780678727,9972902081200351340
25252534,1780678847,14930777801913855000
25252539,1780678907,14937686824274340000
25252721,1780681091,2992500000000000000
25252767,1780681643,40221831117011775000
25252780,1780681811,984286597576500750
25252788,1780681907,201616658350174212
25252905,1780683347,4865800090305000
25252908,1780683383,110116626233657400000
25253143,1780686215,199500000000000000
25253150,1780686299,99750000000000000
25253189,1780686767,997500000000000000
25253204,1780686947,61845000000000000
25253208,1780686995,20947500000000000
25253234,1780687307,14933066792569170000
25253375,1780688999,2992500000000000000
25253517,1780690715,6075566492409750000
25254065,1780697303,5543966880696356181
25254113,1780697915,91082388506869227
25254145,1780698299,17718023010114435398
25254262,1780699715,92050125313283208020
25254469,1780702199,9975000000000000
25254570,1780703411,1414999060184640000
25254596,1780703723,305638677674786538
25254724,1780705271,30876259044671451877
25255914,1780719635,24407680648727483
25255962,1780720211,16159500000000000000
25256329,1780724627,4987500000000000
25256366,1780725071,192167496223454694
25256568,1780727495,8977500000000000000
25256768,1780729907,941937571269345000
25257205,1780735163,10593405590779567
25257214,1780735271,19868395030046070375
25257245,1780735643,9928788091436508000
25257274,1780735991,200508075956345283
25257390,1780737395,14972475000000000000
25257412,1780737659,22942500000000000000
25257420,1780737755,299250000000000000
25257422,1780737779,1329593666786030879
25257450,1780738115,1090455789112009
25257457,1780738199,932899470201907
25257505,1780738775,3963037393343280000
25257567,1780739519,18181603940684823386
25257860,1780743059,450480370790310000
25257875,1780743239,4987500000000000000
25257930,1780743899,144543336000000
25258294,1780748279,42386671214183261
25258303,1780748387,299250000000000000
25258372,1780749215,19924065000000000
25258467,1780750355,40072567500000000000
25258568,1780751567,14790572751827599
25258661,1780752683,93765000000000000
25258670,1780752791,9432606171902786
25258671,1780752803,12967500000000000
25258821,1780754603,4987500000000000000
25258891,1780755443,4987500000000000000
25259039,1780757219,9935758793446804500
25259043,1780757267,22995403038972489274
25259115,1780758131,8766300607138645557
25259164,1780758719,1497906442402996545
25259192,1780759055,11510780332751995
25259206,1780759223,5506534397992272
25259222,1780759415,5313817280844065
25259232,1780759547,4983584739916663125
25259297,1780760327,5491237500000000000
25259299,1780760351,115710000000000000
25259367,1780761179,383315703936005043
25259369,1780761203,61999612500000000000
25259488,1780762643,22844636071842270864
25259531,1780763159,22970215515215052873
25259777,1780766111,385973102582025134
25259784,1780766195,13934499436135039782
25259908,1780767683,93765000000000000000
25259932,1780767971,997500000000000
25259958,1780768283,6982500000000000
25259979,1780768535,18952500000000000000
25260194,1780771115,7980000000000000
25260223,1780771463,139277570966020816
25260290,1780772267,30822750000000000000
25260468,1780774403,139650000000000000
25260472,1780774451,4788811429209875
25260562,1780775531,585979949963536
25260575,1780775687,4495519668942262
25260716,1780777379,197180826942388
25260921,1780779839,19856080715018535
25261227,1780783523,50125313283208020
25261535,1780787219,3582504532570042695
25262002,1780792895,11970000000000000
25262206,1780795343,6173073728462025000
25262299,1780796459,1051822793452499000
25262354,1780797119,735079264928135009
25262654,1780800755,20316980250000000000
25262718,1780801523,90000000000000000
25263227,1780807643,44003761339721123
25263654,1780812815,94761221916998871785
25263933,1780816175,996203250000000
25264009,1780817087,9975000000000000
25264474,1780822715,398100132819522078
25264508,1780823123,22942500000000000000
25264667,1780825055,1347619853789257882
25265182,1780831271,915787774205850000
25265225,1780831787,20043145455474285
25265285,1780832507,3959899749373433583
25265397,1780833851,514339160504295000
25265639,1780836755,3990000000000000
25265894,1780839827,771840467604677694
25265971,1780840751,4705984507442294298
25266131,1780842683,4612759552123980492
25266299,1780844699,9975000000000000
25266348,1780845299,11969298229447361305
25266522,1780847411,14962500000000000
25266660,1780849079,171776009030518481936
25266719,1780849787,498750000000000000
25266728,1780849895,498750000000000000
25266744,1780850087,99226690767677516
25266916,1780852151,10972500000000000
25267017,1780853363,18638499426785048
25267227,1780855895,155235266485593093
25267450,1780858607,9975000000000000000
25268187,1780867487,103767455437380000
25269146,1780878995,810750496129448701
25269495,1780883195,543195583544040000
25269652,1780885079,13705870496931384143
25269691,1780885547,3990000000000000
25269746,1780886207,1580831709040425477
25270214,1780891835,40000000000000000
25270564,1780896035,1092251701535820000
25270595,1780896407,233527973458499989
25271046,1780901843,1002506265664160401
25271111,1780902635,4504752683306295000
25271174,1780903391,4050541977592174814
25271512,1780907459,2693250000000000000
25271612,1780908659,19950000000000000000
25271699,1780909703,404084708378192953
25271813,1780911071,14962500000000000
25271876,1780911827,5618072653876830000
25272002,1780913339,18832183063648985
25272094,1780914443,22942500000000000000
25272193,1780915655,8957550000000000000
25272343,1780917467,9022556390977443
25272679,1780921523,100000000000000000
25272996,1780925339,7450092401249925000
25273065,1780926167,58389981861330000
25273084,1780926395,109469213964010707
25273121,1780926839,20306599296382969047
25273307,1780929071,28840598058212258
25273317,1780929191,11808222871596666
25273397,1780930151,85785000000000000
25273419,1780930415,525929836989433537
25273423,1780930463,30239968804500000000
25273590,1780932467,1828949878710681049
25273628,1780932923,249549151680522750000
25273736,1780934219,527972034219589493
25273953,1780936823,20945380070069552746
25274012,1780937531,514629707673570825
25274074,1780938275,5588972206379205000
25274125,1780938887,27930000000000000
25274149,1780939175,6853677373501912
25274182,1780939583,4504056409371750000
25274367,1780941827,10025062656641604
25274429,1780942571,297037860958125000
25274503,1780943459,7377751917231150000
25274610,1780944743,763821704961100139
25274762,1780946567,39900000000000000
25274844,1780947551,2447335306737038
25274865,1780947803,4321170000000000000
25275037,1780949879,24937500000000000000
25275128,1780950971,10997493734335839598
25275422,1780954499,5775525000000000000
25275429,1780954583,370065162907268170426
25275480,1780955195,19950000000000000
25275874,1780959971,13586095387382324109
25276634,1780969115,4928495745056779
25276641,1780969211,7514161023765245
25276748,1780970507,59750250000000000000
25277190,1780975823,87476464740000
25277498,1780979543,49875000000000000000
25277547,1780980131,1030112705332702942
25277578,1780980503,15181950000000000000
25278290,1780989059,4029900000000000000
25278700,1780994027,69824649046022991127
25278787,1780995083,828739378358716
25278790,1780995119,40797253665748
25278812,1780995383,1002506265664160
25278839,1780995707,3513684902853150874
25278843,1780995755,4987500000000000
25278880,1780996199,40204847376338835904
25278978,1780997387,19950000000000000000
25279173,1780999739,1785525000000000000
25279285,1781001083,1386819270454023604
25279440,1781002955,4633387500000000000
25279456,1781003147,29925000000000000000
25279622,1781005139,10025062656641604
25279629,1781005223,59568006809568006750
25279682,1781005859,997393463061998155
25280018,1781009891,19950000000000000000
25280092,1781010779,9962032500000000
25280117,1781011079,4956111168750000
25280164,1781011643,9971450387747310000
25280257,1781012759,9075066131694204535
25280331,1781013659,49810162500000003
25280384,1781014295,49875000000000000000
25280490,1781015567,11954439000000000
25280583,1781016695,7162914973198176595
25280604,1781016947,14281569792000000
25280650,1781017499,99750000000000000
25280656,1781017571,987525000000000000
25280699,1781018087,54869510637796278362
25280788,1781019155,278784477493216497
25280807,1781019383,7403495955690590226
25280949,1781021099,4981016250000000
25281008,1781021807,2411464707170833125
25281140,1781023391,1001133618759951404
25281157,1781023595,264330947269579260000
25281291,1781025215,49875000000000000000
25281531,1781028095,340428208092033884
25281601,1781028935,49876398302505969832
25281635,1781029343,5773727373564014
25281776,1781031035,2941613385292742
25281781,1781031095,2633224668871705
25281790,1781031203,3125593503695813
25281796,1781031275,6639041339650212
25281805,1781031383,9432346832457301
25282096,1781034875,208477500000000000
25282169,1781035763,10144575000000000000
25282174,1781035823,54687830097332307
25282211,1781036267,29517789073824144896
25282332,1781037743,3489395090766480621
25282369,1781038187,81644242662729937
25282429,1781038907,14868385716592466363
25282469,1781039387,9985440585402081916
25282621,1781041211,174824977624510
25282716,1781042363,15561631605639191879
25283087,1781046815,6385658136024086
25283105,1781047031,33913930397888932875
25283139,1781047451,99791995606908063
25283141,1781047475,40233528744747899635
25283454,1781051231,16541353383458646616
25283461,1781051315,315815323219249576
25283467,1781051387,307422695451389044
25283473,1781051459,290415282727322676
25283491,1781051675,265306761935469855
25283609,1781053115,3022425000000000000
25283793,1781055323,7359433708950469211
25283912,1781056751,22443181103555905064
25283918,1781056823,180737672315768851
25284177,1781059943,89775000000000000
25284311,1781061551,199500000000000000
25284403,1781062667,43075301558654882049
25284414,1781062799,17042165377802755
25284632,1781065415,20199540654999049364
25284710,1781066351,28059256392775699303
25284828,1781067767,46821150935843930211
25284937,1781069075,1695750000000000000
25285051,1781070443,26969627488097
25285185,1781072063,9973614312688530000
25285189,1781072111,10828840614312726
25285558,1781076563,88032341990650619610
25285612,1781077223,49875166519942091683
25285678,1781078027,179550000000000000
25285761,1781079023,98496708514724435
25285783,1781079287,3990000000000000000
25285890,1781080571,63145402717630520600
25285948,1781081267,1063215735887541
25286056,1781082563,996296555729055000
25286463,1781087459,36048724250410435659
25286470,1781087543,129135557918123011500
25286532,1781088287,3888061925810696288
25286576,1781088815,19950000000000000
25286587,1781088947,11676598826103784440
25286663,1781089859,4300274743355582218
25286850,1781092103,1844309345939584
25287324,1781097839,38179045098180000
25287733,1781102759,6979660390338195000
25287739,1781102831,601204919662725000
25287933,1781105171,6140906587286953
25287950,1781105375,1342112672964546192
25288058,1781106671,2355702270392730000
25288340,1781110079,1193791822883947348
25288490,1781111879,5367160304775020187
25288885,1781116679,4987500000000000
25289080,1781119019,62858413225982115000
25289227,1781120807,2876897331540485
25289435,1781123303,3788852694890235000
25289612,1781125427,148328250000000000000
25290009,1781130191,39897924864341250000
25290667,1781138111,1744351890750000
25290739,1781139011,28467210680776937340
25290866,1781140535,8735370441922249
25291589,1781149259,4593746753160334350
25291901,1781153003,1403508771929824561
25292720,1781162879,497829534860175000
25292785,1781163671,149625000000000000
25292957,1781165735,15037593984962406
25293117,1781167667,15984508812405000
25293213,1781168831,9933002758557167625
25293253,1781169311,9928904276200373625
25293461,1781171807,3742218506250000000
25293472,1781171939,2998041286578268553
25293513,1781172431,23640750000000000000
25294012,1781178431,2860585482859674554
25294224,1781180999,13900574523383454997
25294328,1781182259,32080200501253132
25294604,1781185571,1704528803882646525
25294614,1781185691,26932500000000000
25294632,1781185907,259131997205875605
25294795,1781187863,49433583959899749373
25294960,1781189855,19950000000000000
25295251,1781193347,8368722046579828367
25295750,1781199371,56685966061954362000
25296273,1781205671,299248403227328520000
25296333,1781206415,4630437759212723642
25296471,1781208083,29925000000000000
25296578,1781209379,79800000000000000
25296906,1781213315,112329108398380
25297114,1781215823,4338910633486063
25297427,1781219627,5304147455473669658
25297748,1781223491,2016379161075704893
25298011,1781226647,6973422750000000
25298268,1781229731,676614923515020671
25299158,1781240435,19419845944194570
25299170,1781240579,1546125000000000
25299180,1781240699,9879476028248876
25299336,1781242583,398395276790936352911
25299367,1781242955,1555604419481781780
25299575,1781245463,534894771276810000
25299817,1781248367,51151631806455930
25299923,1781249639,997500000000000
25300041,1781251067,9929294120774453250
25300079,1781251523,8976541272785100000
25300351,1781254835,298390120332962776
25300514,1781256791,991804275000000000
25300516,1781256815,397513350731197578
25300565,1781257403,99750000000000
25300743,1781259551,4884822011039743
25300813,1781260391,1063809107169774
25300820,1781260475,1486934131717399
25300826,1781260547,1266598177605855
25301096,1781263787,6463800000000000000
25301232,1781265443,1995000000000000000
25301260,1781265779,197664674458997970
25301376,1781267171,2778581544379061
25301430,1781267819,279000932681483156
25301739,1781271527,4984430569222965000
25301781,1781272055,8224182281359005644
25301814,1781272475,10777500735820554279
25301824,1781272607,1757089019502914580
25302072,1781275583,94765384754221471
25302171,1781276783,10299156262934644350
25302182,1781276915,7837270668309952
25302642,1781282447,997220627928430500
25302644,1781282471,9807639889205845873
25302652,1781282567,81937717312500004
25302965,1781286347,10886295654423420000
25303042,1781287271,5012531328320802
25303064,1781287535,10475418584529885000
25303376,1781291303,10416281172596880000
25303496,1781292743,99310072295104822
25303630,1781294351,1480000000000000000
25303644,1781294519,2796385474731829
25303854,1781297051,29951932500000000000
25303897,1781297579,8580503989470000
25303959,1781298323,40100250626566416
25303995,1781298755,248079381614059117
25303996,1781298767,68827910383907737801
25304345,1781302979,1484638127244602
25304540,1781305319,5012531328320802
25304794,1781308379,4864079053689975000
25304819,1781308679,15041981715485109105
25304965,1781310431,11870250000000000000
25305058,1781311559,738044360241697385
25305450,1781316275,1002506265664160401
25306168,1781324939,168004511794837702
25306909,1781333867,18828131141952594
25306922,1781334023,13834586466165413533
25306928,1781334095,29925000000000000
25307113,1781336315,2530267558604730000
25307561,1781341715,2298736339433463
25307654,1781342843,191669935590452119
25307697,1781343359,746827067669172932
25308183,1781349203,49432248995349842
25308193,1781349323,99060948470141602
25308218,1781349623,7006263618306547
25308219,1781349635,459917087153004
25308221,1781349659,918969481108990
25308222,1781349671,59278089873133783
25308223,1781349683,1143715620142801
25308227,1781349731,155515306730022897
25308229,1781349755,5608238505874344402
25308273,1781350283,17878752155149515000
25308284,1781350415,4496033852662859
25308323,1781350883,4714004454484912036
25308510,1781353127,7062413934667810
25308634,1781354615,2320656565800825
25308814,1781356775,206943319139897888
25308816,1781356799,27443509201775304
25308833,1781357003,998899896351840000
25308885,1781357627,29849164824113460000
25309471,1781364719,9514711132646471
25309608,1781366375,12967500000000000
25310554,1781377775,7474567897974422
25310683,1781379323,16038809565538373488
25310715,1781379719,10705815817173186381
25310810,1781380871,108671336322184881
25310960,1781382671,2412605022183079557
25310994,1781383079,5055433213600995750
25311007,1781383235,26988912485628142050
25311025,1781383451,31518295619441347951
25311032,1781383535,9975000000
25311042,1781383655,21519377361601595715
25311260,1781386283,84025338039953528
25311359,1781387471,124866528264842604159
25311842,1781393279,11511150000000000000
25312202,1781397611,49350813750000000000
25312468,1781400815,3491250000000000
25312827,1781405135,1002506265664160
25312936,1781406443,1443899340837156854
25313193,1781409539,5182649798660246
25313204,1781409671,3255273566818233
25313224,1781409911,5735625000000000
25314146,1781421023,2954595000000000000
25314324,1781423159,13183056432499893
25314380,1781423831,40936003500000000000
25314412,1781424215,2992280960577367745
25314900,1781430119,1416349320014818719
25315027,1781431655,49875000000000000
25315591,1781438471,6985630592474286218
25315605,1781438639,12039613563768031343
25315689,1781439671,60944686929583682780
25315751,1781440427,592585767344235000
25315773,1781440691,486049015202557536
25315778,1781440751,88237669933273320
25316051,1781444063,273367610020048973
25316083,1781444447,1995000000000000
25317051,1781456075,5000000000000000
25317260,1781458583,1993708099469940000
25317264,1781458643,1995000000000000
25317391,1781460179,997500000000000
25317737,1781464331,13692317753238761805
25317744,1781464415,16571868575534205885
25318790,1781477003,2798197637444239594
25318798,1781477099,12768000000000000000
25319347,1781483699,403552520794624433
25319792,1781489087,11659777500000000000
25319874,1781490071,4551003984975000
25319974,1781491271,18952500000000000
25320604,1781498831,3002938626171883116
25321091,1781504699,7662488447450378967
25321105,1781504867,997500000000000
25321155,1781505467,218777002939425000
25321163,1781505563,386032500000000000000
25321186,1781505839,498750000000000
25321402,1781508443,304237500000000000
25321601,1781510843,3096260737914605
25321647,1781511407,572565000000000000
25321661,1781511575,243846666382785929060
25321675,1781511743,2992500000000000000
25322012,1781515823,830557491714099744
25322198,1781518055,14635415451122681
25322309,1781519387,168577500000000000
25322344,1781519807,5655825000000000000
25322351,1781519891,4941442498995564285
25322682,1781523863,3801405088847081940
25322790,1781525159,588525000000000000
25323040,1781528159,859642199772803080
25323386,1781532323,4189500000000000
25323561,1781534423,1002506265664160401
25323591,1781534783,1620000000000000000
25323776,1781537015,10000000000000000
25323806,1781537375,1186964336427863412
25323844,1781537831,1000000000000000000
25323892,1781538407,399189822728923456360
25323918,1781538719,6246062734334916515
25323927,1781538827,53015856755199
25324560,1781546471,2000000000000000000
25324776,1781549075,4956625814951595750
25324889,1781550431,4081661463600428108
25324978,1781551499,989145357343725750
25325224,1781554451,98583262916201611
25325334,1781555771,549363441631489754
25325366,1781556155,3967612598416712765
25325404,1781556611,2000000000000000000
25325464,1781557331,159000000000000000
25325471,1781557415,219000000000000000
25325571,1781558627,400000000000000000
25325590,1781558855,90000000000000000
25325619,1781559203,320000000000000000
25325638,1781559431,2213326969880982612
25326075,1781564687,1277138430451187247
25326401,1781568611,263917502625000000
25326520,1781570039,5005028306200020000
25326533,1781570195,13685130066102578449
25326829,1781573747,4987500000000000
25327797,1781585399,744200107410539651
25327954,1781587283,902255639097744360
25328029,1781588183,5012531328320802005
25328039,1781588303,997500000000000
25328265,1781591027,21711175755172423
25328519,1781594087,8822213062738980
25328800,1781597471,24730690153125949
25328810,1781597591,12700000000000000
25329485,1781605715,19960108920948525
25329489,1781605763,3007366333130349435
25329494,1781605823,4734059739044703113
25329497,1781605871,3034348863460099815
25329567,1781606711,7185585571908619050
25329599,1781607095,25963743121929388
25329781,1781609279,45422866291003453140
25330004,1781611979,35135917670695941
25330113,1781613287,119700000000000000
25330127,1781613455,4000000000000000
25330263,1781615087,2493750000000000000
25330297,1781615495,1321292773614298
25330327,1781615855,5027400000000000000
25330348,1781616107,398660590066219609
25330363,1781616287,110190639774371699
25330470,1781617571,23227650517865151
25330576,1781618843,6714877158222340
25330949,1781623331,4775104147750361177
25330999,1781623931,37608629253297921000
25331027,1781624267,225563524857048229
25331035,1781624363,1740651016776512
25331120,1781625383,2646119024581750387
25331136,1781625575,401002506265664160
25331210,1781626463,61845000000000000
25331285,1781627363,655279261668045000
25331300,1781627543,83899422600494755
25331323,1781627819,18723075000000000000
25331465,1781629523,67039380604047459
25331466,1781629535,997500000000000
25331703,1781632379,77703853500000000000
25331967,1781635547,5985000000000000
25331976,1781635655,11599127962407095
25331978,1781635679,46882500000000000
25332279,1781639303,167643337569431971
25332310,1781639675,23561394130424984841
25332595,1781643095,1995000000000000
25332650,1781643755,24348975000000000000
25332766,1781645147,95135469888496420
25332799,1781645543,1587961698813417625
25332828,1781645891,3925188446665395125
25332862,1781646299,556003725026674737
25333242,1781650859,45414754561113210000
25333998,1781659955,16059091650000000000
25334090,1781661071,9975000000000000
25334469,1781665631,4034020073192895
25334476,1781665715,7406002582591453
25334489,1781665871,4111852371800987
25334978,1781671739,3990000000000000
25335056,1781672675,199500000000000
25335349,1781676215,4573824428587043228
25335365,1781676407,95728395412627811328
25336180,1781686199,46677127635804469489
25336321,1781687891,42615152469384
25336342,1781688143,440195715046000
25336349,1781688227,2402687111985101
25336527,1781690363,22843296783476486
25336646,1781691803,398606256504107812
25336671,1781692103,3291750000000000
25337024,1781696375,22910147009928053
25337034,1781696495,19932568342124046
25337064,1781696867,22232727738141927
25337094,1781697227,8553263227492672
25337366,1781700503,997500000000000
25337635,1781703731,23322977220368133
25337805,1781705771,38902500000000000
25338117,1781709539,14088102935340000
25338227,1781710859,99851564166395055
25338426,1781713271,21754113495504220
25338539,1781714627,742903384998460
25338633,1781715755,72817500000000000000
25338687,1781716403,189333964229898
25338819,1781717987,5430211912335000
25338830,1781718119,30419011065229500
25338862,1781718503,4987500000000000
25338871,1781718611,19995259676879113
25338901,1781718971,49875000000000000
25339163,1781722115,200501253132832080
25339184,1781722367,9181883279205000
25339261,1781723303,1406655234871068
25339310,1781723891,989623603924167064
25339325,1781724071,17590088708799517
25339896,1781730923,1244257859250000
25340302,1781735807,3060294176583080816
25340349,1781736371,997500000000000
25340383,1781736779,217683110845214642
25340411,1781737115,6992803034450314
25340749,1781741171,11000000000000000
25340915,1781743163,683778512490654
25341062,1781744927,113983965504990000
25341148,1781745959,20980917423399560
25341663,1781752139,1087275000000000000
25341671,1781752235,4712677131786558118
25341678,1781752319,140647500000000000000
25341688,1781752439,7986080348656784998
25341703,1781752619,43625403987493164895
25341710,1781752703,2822285602500000000
25341711,1781752715,139011656181996431
25341717,1781752787,11437705549140146494
25341724,1781752871,120697500000000000000
25341741,1781753075,242786460524264404
25341745,1781753123,29326500000000000000
25341801,1781753795,20721259755162887
25341815,1781753963,1196370961952985706
25342021,1781756435,128777250000000000000
25342024,1781756471,43639069009518439
25342204,1781758631,21026667637774046
25342648,1781764007,96023072972468133958
25343058,1781768951,316000000000000000
25343094,1781769383,20819097879468518
25343101,1781769467,11970000000000000000
25343274,1781771543,7866939408922941
25343358,1781772563,9930326917155345750
25343435,1781773487,6729255681902334
25343510,1781774387,4404738201013878701
25343557,1781774951,3639987165591880530
25343564,1781775035,83208020050125313
25343596,1781775419,8020050125313283
25343615,1781775647,10025062656641604
25343628,1781775803,19880907014172636
25343886,1781778911,5654137085505159159
25343894,1781779019,224740313624205336
25343909,1781779199,17955000000000000
25344031,1781780675,9975000000000000
25344107,1781781587,19891748402118165
25344254,1781783351,6738022905960824
25344313,1781784059,666770694061854657
25345149,1781794163,1929782492740441763
25345158,1781794271,19060926091779168
25345178,1781794511,99360270015079448629
25345503,1781798423,451127819548872180
25345625,1781799899,109582357500000001
25345752,1781801435,7626736938569280000
25345761,1781801543,2528563745242570
25345812,1781802155,2661298987725000
25345872,1781802875,6719976742492335000
25346266,1781807615,2991019322419748836
25346527,1781810771,861680829654051903
25346534,1781810855,588661108214542981
25346555,1781811107,498274996157094369
25346580,1781811407,438919913264136733
25346584,1781811455,361690357356783439
25346729,1781813207,98636403020095
25346759,1781813567,68853236389047
25346929,1781815607,1495103130431820000
25346996,1781816411,428925000000000000
25347460,1781822003,2678939112441800
25347844,1781826611,1996226773991413
25348264,1781831675,426783055781250000
25348398,1781833283,354316073464756183
25348888,1781839187,101606996018478047
25349020,1781840783,2948297763807898205
25349023,1781840819,1952558369999999966
25349270,1781843807,18354000000000000
25349506,1781846639,6596836676557796050
25349626,1781848079,6702747370896780000
25349791,1781850059,753112500000000
25349851,1781850779,7370103120439868084
25349977,1781852291,2950172823511173594
25350008,1781852663,10921560973990702875
25350038,1781853023,10124889599467440000
25350070,1781853407,997500000000000
25350083,1781853563,1283671187645282625
25350129,1781854115,99351275554594160
25350168,1781854583,178546365914786967418
25350227,1781855291,6579001527388725
25350228,1781855303,450854620354713
25350234,1781855375,827520487949922
25350240,1781855447,1301997305919744
25350245,1781855507,58778281399276635
25350256,1781855639,21889347878984539
25350263,1781855723,2424557484163572
25350269,1781855795,2076429285776079807
25350288,1781856023,2018474674952219427
25350294,1781856095,482840179297527057
25350304,1781856215,904490812775454844
25350351,1781856779,8852986378089675
25350718,1781861195,466729242259579614
25350744,1781861507,10867021428876836803
25350776,1781861891,2292615995250000000
25350850,1781862779,23172296690890
25350886,1781863211,1995000000000000
25351155,1781866439,10812625985748490433
25351235,1781867399,30075187969924812
25351242,1781867495,2133308679205989
25351242,1781867495,113074480611449212917
25351245,1781867531,1155439712807288
25351247,1781867555,3075365607364629
25351250,1781867591,28807637034884233
25351268,1781867807,10699526984134905000
25351293,1781868107,50000000000000000
25351300,1781868191,48000000000000000
25351372,1781869055,4403851941247287098
25351410,1781869511,3990000000000000
25351780,1781873951,9714921333270131667
25351814,1781874359,627631823730450000
25351929,1781875775,2613641786369723708
25352125,1781878139,659513424035895214
25352509,1781882747,21606875936149797
25353168,1781890679,8309378497589886
25353245,1781891615,99750000000000000
25353306,1781892347,4253021114874229
25353714,1781897243,99750000000000000
25354010,1781900807,993372202361021736
25354164,1781902667,997500000000000000
25354409,1781905607,1002506265664160401
25354507,1781906783,196815236569324197251
25354830,1781910695,540384024234600000
25354998,1781912723,997357423468821044
25355239,1781915627,3589246232134117465
25355545,1781919311,4800000000000000000
25356045,1781925323,675863430103627
25356204,1781927243,1051628539500000000
25356267,1781927999,8283247198903635000
25356601,1781932019,99750000000000000
25356710,1781933327,2894224416082926042
25357079,1781937767,30075187969924812
25357700,1781945279,2628197279194282
25357824,1781946767,208777777474224192
25357846,1781947031,106732500000000000
25357942,1781948183,270102374199155609
25358812,1781958647,14546365914786967418
25358834,1781958911,2089635263849130
25358875,1781959403,4923510243668057
25358939,1781960171,99750000000000
25359046,1781961455,598500000000000
25359119,1781962343,4560103764733838
25359216,1781963507,783385620374881174
25359324,1781964815,25901108585449460
25359724,1781969627,587763423313180
25359804,1781970587,3130000000000000000
25359813,1781970695,254798646561692888
25360156,1781974847,364208634789002351
25360206,1781975447,12343553760640557578
25360327,1781976899,2044479322035998894
25360530,1781979359,31718952156493035000
25360679,1781981147,186087132124031928
25360931,1781984207,9975000000000000
25361406,1781989931,1016864679406905000
25361821,1781994923,3000000000000000
25362050,1781997695,239400000000000000000
25362268,1782000311,15535125321852744048
25362511,1782003239,472647224005643936
25362624,1782004595,1450438017166863551
25362673,1782005183,554578429241812238
25362719,1782005735,974934326424619695
25362914,1782008075,7243110316089807846
25363311,1782012851,17554617842022538
25364056,1782021815,60828201412412347
25364406,1782026063,9775500000000000
25364441,1782026483,4757077500000000000
25365091,1782034355,16766100697500001
25365112,1782034607,66381032467088535
25365182,1782035447,753718786986592370
25365264,1782036431,19682608223699121750
25365385,1782037883,2992500000000000
25365440,1782038543,3025821340928788742
25365445,1782038603,189293089757415118
25365540,1782039743,1204804522814439045
25365629,1782040811,110000000000000000
25366077,1782046247,4987500000000000
25366180,1782047483,24937500000000000
25366469,1782050975,97957925909213874
25366470,1782050987,187761997327381695
25366565,1782052139,1872611339271578171
25366581,1782052331,353019270545864422
25367141,1782059075,1242531775275000000
25367141,1782059075,2992500000000000000
25367260,1782060503,1596000000000000000
25367380,1782061943,176486196428786215
25367395,1782062123,8971237639016734
25367401,1782062195,10509638459461330127
25367469,1782063011,13226850000000000000
25367739,1782066251,8379000000000000000
25367847,1782067547,17955000000000000000
25367947,1782068759,160373606779443
25368141,1782071087,52867500000000000
25368662,1782077351,579383129892564
25369542,1782087947,2499609382515131920
25369781,1782090827,186069659082857292419
25370063,1782094259,20050125313283208
25370203,1782095963,4987468671679197994
25370433,1782098747,95319669406296878
25370578,1782100487,1588817544568306669
25371607,1782112859,413032581453634085
25371679,1782113723,1006451235239103
25372029,1782117923,647281219841655000
25372066,1782118367,90000000000000000
25372265,1782120755,20289438263584901
25372494,1782123515,284983473403755000
25372597,1782124751,6301255432080248812
25372599,1782124775,149918101978575000
25372631,1782125171,9056332897815000
25372902,1782128423,399000000000000000
25372954,1782129047,19664092174375572
25373066,1782130391,107306434545514210
25373097,1782130763,533648115171240006
25373221,1782132251,5684086259553555000
25373265,1782132779,9975000000000000
25373269,1782132827,9975000000000000
25373438,1782134867,837745142370163397
25373454,1782135059,48165326683530000
25373529,1782135959,24915169692509794347
25373694,1782137951,381915342354761013588
25373821,1782139475,99750000000000
25373827,1782139547,64641639853650515145
25374160,1782143555,4538625000000000000
25374299,1782145235,18810913529529189
25374323,1782145523,997500000000000000
25374330,1782145607,1995000000000000000
25374380,1782146207,79696260000000002
25374607,1782148943,498750000000000000
25374748,1782150635,559125704783864789
25374768,1782150875,1703533053152800
25374785,1782151079,20609130962154763
25374830,1782151631,2493750000000000000
25374836,1782151703,2493750000000000000
25374926,1782152783,2693250000000000000
25375213,1782156227,2709469221663684900
25375303,1782157307,733436976540558541
25375303,1782157307,31920000000000000000
25375544,1782160247,997500000000000000
25375566,1782160511,19501360865174476
25375976,1782165443,1396500000000000000
25376171,1782167783,1446375000000000000
25376245,1782168671,9975000000000000
25376611,1782173075,1000000000000000000
25376641,1782173435,8918820717312657718
25376645,1782173483,3041890510695928448
25376711,1782174287,1121756962365690
25376733,1782174551,4488750000000000
25376836,1782175787,694045374122640931
25376856,1782176027,20040385053994262
25376943,1782177083,10000000000000000000
25377041,1782178283,99750000000000000
25377378,1782182339,17666775497553793852
25377587,1782184847,21192247679489049
25377603,1782185039,19828254374916614
25377931,1782188987,3391500000000000
25378008,1782189911,78727947289824683
25378054,1782190463,19833760661607913
25378726,1782198551,2635144028720700000
25379511,1782208019,1780603635696401
25379675,1782209999,66522045589230000
25379812,1782211643,18186616427038026
25380005,1782213983,63759398496240601503
25380031,1782214295,117333333333333333333
25380178,1782216071,119700000000000000
25380283,1782217343,99750000000000000
25380283,1782217343,2070033923352255000
25380284,1782217355,398777663133255000
25380410,1782218867,85266573712435317
25380549,1782220547,498750000000000000
25380566,1782220751,2036558250699784171
25380632,1782221567,399000000000000000
25380638,1782221651,13144457203971349483
25380800,1782223595,2989244816898045539
25381217,1782228635,997500000000000
25381516,1782232223,3731431905304845
25381522,1782232295,106116393486600
25381751,1782235055,1333220591733490162
25381768,1782235259,3341625000000000
25381792,1782235547,2860193828313255000
25381876,1782236555,25595176869856556025
25381998,1782238019,4864073307030398
25382042,1782238571,191470935207988069
25382096,1782239219,6163271669239421
25382392,1782242783,985765640732291
25382425,1782243179,838653145738017
25382540,1782244559,2892750000000000
25382752,1782247127,149733932902695
25382765,1782247283,382568836630841
25382977,1782249827,566832195703908
25383057,1782250787,17653003471916737655
25383132,1782251687,698619554507397024
25383192,1782252407,4994388545074684298
25383195,1782252443,4581874494588931470
25383708,1782258623,1072983174915977
25383793,1782259655,15960000000000000
25384113,1782263519,109725000000000000
25384331,1782266135,780542239671285000
25385016,1782274403,44887500000000000
25385877,1782284819,9808724153666171854
25385938,1782285551,6372423410146270484
25385944,1782285623,856181404547916009
25385947,1782285659,1461748848041810384
25385972,1782285959,14579884326534948269
25385977,1782286019,9916829427538225500
25386095,1782287459,16814164929128058989
25386186,1782288551,8271394257663379
25386223,1782288995,1212358395020607
25386478,1782292055,4944372512657
25386543,1782292835,2218026945454889
25386551,1782292931,2764038042042168
25386635,1782293963,5544351862076170
25386669,1782294371,19033675748803685
25386961,1782297911,2684983288312723
25387071,1782299231,552200174859645
25387144,1782300119,295714881502110000
25387154,1782300239,1812156874441272
25387479,1782304175,55190719340544979
25388413,1782315443,38902500000000000000
25388444,1782315815,5895060265999173
25388451,1782315899,5646640381864
25389008,1782322667,997500000000000000
25389347,1782326747,4389000000000000000
25389682,1782330815,4496575587854886428
25389684,1782330839,2445386029679252363
25389763,1782331787,248377500000000000
25390491,1782340547,2439696120475891
25391095,1782347819,997500000000000
25391847,1782356867,6725378019771188264
25391869,1782357131,34578504582194816
25392136,1782360335,3007518796992481
25392149,1782360491,1262668385974333948
25392188,1782360959,61542172939506213
25392241,1782361595,50000000000000000
25392623,1782366191,8795478494250000
25392648,1782366491,9950062500000000
25392721,1782367379,739182811500000
25392820,1782368579,1253223688500000
25392889,1782369407,365893152694650000000
25392902,1782369563,816954682698630
25392970,1782370391,2992500000000000
25393042,1782371255,40897500000000000
25393454,1782376211,2157922879003297532
25393568,1782377579,9743404375408032630
25393736,1782379595,4656433961953292
25393834,1782380795,141953910173130042
25393844,1782380915,2603972438978766903
25393866,1782381179,47211847727100000
25393945,1782382139,6331576284748982659
25394062,1782383543,2034359665048537418
25394092,1782383903,147402380971384197
25394130,1782384371,358257860973672864
25394688,1782391079,812532024044805559
25394716,1782391415,99324525124784715000
25395134,1782396443,5087906059454470084
25395311,1782398567,99292875823707300000
25395330,1782398795,81208790329170000
25395390,1782399515,86161633505926125
25395577,1782401759,304237500000000000
25395819,1782404699,97403267365451018
25395834,1782404879,9975000000000000000
25395839,1782404939,89327642969618411597
25395919,1782405911,12967500000000000
25396127,1782408407,1002761101541850000
25396130,1782408443,2205513784461152882
25396367,1782411323,15189394733548806
25396546,1782413483,473812500000000000
25396719,1782415571,1144004644959191
25396876,1782417455,2493750000000000
25397019,1782419219,4000000000000000000
25397100,1782420203,11012635644445756152
25397102,1782420227,6873921409085579232
25397254,1782422063,1403508771929824
25397324,1782422903,136495293309978537
25397379,1782423563,80200501253132832
25398188,1782433271,5051992649482001
25398664,1782439019,2161240816453933216
25399748,1782452111,875526427085744984
25400140,1782456827,115288220551378446
25400663,1782463139,1929518600375808269
25400819,1782465023,1890439774411756
25401296,1782470771,2376453338309966
25401444,1782472547,70430067483711075
25401897,1782478007,980239925259564
25401911,1782478175,1742313507233505
25401980,1782479003,6910031872818900000
25402215,1782481847,2076486536529995520
25402284,1782482675,114712500000000000
25402323,1782483143,127680000000000000
25402471,1782484931,10005699122519768850
25402513,1782485435,3477395672022233
25402549,1782485879,1006996776168606988
25402598,1782486467,1073861376503767321
25403091,1782492395,149625000000000000
25403424,1782496415,6154063763061585000
25403662,1782499283,558782311745921704
25403731,1782500111,5012531328320802
25403985,1782503171,98892471701730000
25404274,1782506651,20050125313283208
25404478,1782509123,18080025326093789
25404483,1782509183,3118921520040013
25404706,1782511859,139348370927318295
25405003,1782515423,26068632302951176
25405188,1782517643,42871487144131855
25405289,1782518855,571088700000000000
25405329,1782519335,6284250000000000
25405439,1782520667,310394490411241921
25405596,1782522551,31994972393709848045
25405882,1782526007,37836937909947347
25406554,1782534107,3047280939148241684
25406873,1782537947,3587843
25407141,1782541163,34294621942618032
25407257,1782542555,6158122882066995000
25407282,1782542855,169942581488856009
25407487,1782545315,99750000000000000
25407494,1782545399,6184500000000000000
25407500,1782545471,10025062656641604
25407501,1782545483,99750000000000000
25407506,1782545543,798000000000000
25407784,1782548903,29418321898237396
25407893,1782550211,58073094268468317
25407904,1782550343,687516868516905000
25408177,1782553667,25941134625000000
25408379,1782556103,36817427031353987
25408532,1782557939,251095954670400000
25408893,1782562271,27663316514925375
25409021,1782563819,132690170358460995000
25409233,1782566363,555268350000000000
25409384,1782568187,5044079115630825402
25409390,1782568259,3099693482159246119
25409399,1782568367,589190075652796328
25409680,1782571763,243968550000000000
25409732,1782572399,1291974983661986014
25409780,1782572975,14696499901216887
25409941,1782574907,9975000000000000
25409949,1782575003,81624414530742401
25410058,1782576311,2310871298362112288
25410647,1782583415,1495339588373400000
25410799,1782585239,4010025062656641
25411266,1782590867,49332331527360000
25411366,1782592091,4565421019989537567
25411371,1782592151,2362116115110231270
25411675,1782595799,12468750000000000
25411834,1782597719,996203250000000000
25412172,1782601775,5984877455558324587
25412628,1782607259,1336362720000000000
25412687,1782607979,1503759398496240
25413525,1782618047,17867514184596796125
25413759,1782620855,3000000000000000
25414572,1782630635,334790287651357460
25414728,1782632507,1139648615289925913
25415112,1782637139,31461150000000000000
25415353,1782640031,31441200000000000000
25415601,1782643007,99750000000000
25415981,1782647567,1994354382183765000
25416246,1782650759,1277542361321060019
25416503,1782653843,29406457466695827
25416574,1782654695,2991977360581230000
25417430,1782665027,472076199630000
25417462,1782665423,3167062500000000000
25417623,1782667367,30295992076981186500
25417787,1782669383,91650699000000000
25417997,1782671903,34009732575000000
25418019,1782672167,28285898424000000
25418130,1782673511,319847687256434109
25418215,1782674531,708225000000000000
25418244,1782674879,78802500000000000
25418319,1782675803,9970373625047443125
25418441,1782677267,99462801960443288
25418681,1782680159,15998629878942114
25418857,1782682283,919961616799657596
25418963,1782683567,1995000000000000
25418978,1782683747,5041192258069170000
25419003,1782684047,474065469379145232
25419317,1782687827,2543625000000000000
25419326,1782687935,119699042744963430000
25420007,1782696131,661299297215655000
25420716,1782704687,701754385964912280
25420742,1782704999,1097428448269588
25420890,1782706787,997500000000000
25421423,1782713207,521303258145363408
25421534,1782714551,83064972889168142
25421750,1782717155,80199967648509765
25421759,1782717263,2491993025107278754
25421768,1782717371,2992500000000000
25421849,1782718343,3990000000000000
25422016,1782720347,597352608831090000
25422069,1782720983,981859327387092105
25422138,1782721823,1459703882888828992
25422484,1782725999,992481203007518796
25422700,1782728591,121888450542220320
25422852,1782730415,19189733973073287267
25422863,1782730547,50125313283208020
25422880,1782730751,47381250000000000
25422916,1782731195,1625925000000000
25422992,1782732119,3536532936172468575
25423160,1782734135,3955942764158269
25423170,1782734255,6542688045540782
25423795,1782741791,2988609750000000
25423905,1782743123,27644462064302
25424025,1782744575,12713141121034963
25424104,1782745523,196882192411166073
25424359,1782748607,2056028685026791
25424571,1782751163,3478115645555719753
25424667,1782752327,170287040134260000
25424672,1782752387,140782086251804
25424881,1782754919,498750000000000000
25424925,1782755447,430424378537748263
25424942,1782755651,698250000000000000
25424994,1782756275,1496250000000000000
25425066,1782757139,5213447829981094
25425068,1782757163,19197480871137890
25425089,1782757415,3990000000000000
25425399,1782761135,3223531503944325000
25425733,1782765143,1196221950000000000
25425839,1782766415,60847500000000000
25425857,1782766631,9975000000000000
25425944,1782767687,2423665098625892
25425946,1782767711,11492984165631140498
25425949,1782767747,2702379027531912
25425953,1782767795,19269737744512223
25426056,1782769031,8479187496480931460
25426127,1782769895,16447777500000000000
25426285,1782771815,104528506046298779
25426318,1782772211,740039574225000000
25426343,1782772511,3491250000000000000
25426352,1782772619,1108342200000000
25426385,1782773015,2406015037593984962
25426467,1782773999,100250626566416040
25426507,1782774479,195922469025082021
25427007,1782780491,4454882104814728729
25427009,1782780515,4351814754233789719
25427011,1782780539,4125279378443034762
25427931,1782791603,5061785548514703
25428336,1782796487,997777470816090986
25428582,1782799451,170426065162907268
25428894,1782803219,278547372516507475
25428967,1782804107,20748000000000000
25429207,1782806987,320688877630871410
25429698,1782812927,4997861746440675000
25429814,1782814319,1296151500000000000
25429926,1782815663,1226576611499265310
25430022,1782816815,517609528837358193
25430022,1782816815,99750000000000
25430166,1782818543,25704181875135015000
25430204,1782818999,2344125000000000000
25430284,1782819959,14962500000000000
25430312,1782820295,56156881859932116586
25430312,1782820295,1301293204123500000
25430383,1782821147,1489995599805183755
25430708,1782825095,62842500000000000
25430762,1782825755,635437565359600237
25430923,1782827711,61845000000000000
25430940,1782827915,67836976913056774
25431196,1782830999,13670638265518092
25431443,1782833987,11397094834545000
25431462,1782834215,12478725000000000000
25431809,1782838391,31905632785602414300
25431906,1782839555,7603120402700235000
25431941,1782839975,4987500000000000
25432004,1782840743,57166567901881310775
25432097,1782841859,629850638470545667
25432123,1782842171,138748496008481875
25432481,1782846491,4216428900855400690
25432643,1782848435,845410253008904037
25433083,1782853715,9975000000000000000
25433102,1782853943,6106196362236705000
25433184,1782854927,345607014660839957
25433194,1782855047,6171479133750000
25433262,1782855863,325490406695685000
25433272,1782855983,795398117010000000
25433277,1782856043,1733393655000000
25433526,1782859043,1268297016911365107
25433548,1782859307,25935000000000000
25434968,1782876395,12751838785149434093
25435061,1782877523,895512079559629045
25435088,1782877847,618450000000000000
25435539,1782883271,1757108345246602
25435569,1782883631,700702726174377599
25435684,1782885011,37128262228135982
25435816,1782886607,2570426065162907
25436066,1782889631,2212737877342413
25436354,1782893099,339150000000000000
25436478,1782894599,7063765481117322613
25436628,1782896399,2181046638131725735
25436779,1782898211,1766811293529108
25436817,1782898667,11892888246540000
25436838,1782898919,3041901728940018
25436843,1782898979,3750066119956772
25436960,1782900395,14962500000000000000
25436961,1782900407,200501253132832080200
25437031,1782901247,66279184601380101182
25437110,1782902207,328987526147038353
25437201,1782903299,18458737500000000000
25437250,1782903887,77687169165013269
25437449,1782906287,126362255442031325
25437808,1782910631,12616380000000000000
25438004,1782912995,994076387843237103
25438265,1782916127,1661667021000000
25438295,1782916499,156156260326372322
25438551,1782919607,5296981350681114921
25438593,1782920111,243901248439381422
25438739,1782921863,3609022556390977443
25439154,1782926891,7420698992060130000
25439160,1782926963,1673950752193104725
25439196,1782927395,501253132832080200
25439242,1782927947,100250626566416040
25439274,1782928331,176557500000000000
25439359,1782929363,1800000000000000000
25439389,1782929723,287454999686295000
25439396,1782929807,287528641532265000
25439459,1782930563,147463405530000000
25439534,1782931463,380952380952380952
25439791,1782934571,279087637708320000
25439939,1782936347,6982500000000000
25440334,1782941135,5486250000000000
25440454,1782942575,22942500000000000
25440483,1782942923,2132291176842847
25440531,1782943499,163944707010000000
25440975,1782948839,966370957450838129
25440993,1782949055,62811800558068382100
25441228,1782951887,16831959056578112283
25441269,1782952379,6865051695566885
25441275,1782952451,1126169195297143229
25441458,1782954659,12468750000000000000
25441569,1782956003,26855742137039232522
25441619,1782956603,100488150000000000000
25441799,1782958775,3721225738931925000
25441889,1782959855,6441284541186243
25441995,1782961139,249375000000000000
25442071,1782962051,3938204402467268701
25442108,1782962495,25062656641604010
25442173,1782963275,8554832878309294
25442600,1782968423,802563519032972059
25442868,1782971639,9975000000000000
25442873,1782971699,5137129624419473856
25443094,1782974363,621553884711779448
25443240,1782976115,39900000000000000
25443323,1782977111,83909135641533682
25443552,1782979883,100250626566416
25443684,1782981479,29149823354147789
25443698,1782981647,76557501201060671
25443724,1782981959,1002506265664160401
25443837,1782983315,824562515559562982
25443968,1782984911,1000000000000000000
25443980,1782985055,6228378205393934
25444009,1782985403,6982500000000000
25444035,1782985715,464671943866886520
25444047,1782985859,4842099341262937504
25444173,1782987383,1762733545911027368
25444180,1782987479,55372486135501701
25444188,1782987575,8753998494718758540
25444250,1782988319,19500394066914818
25444290,1782988799,154612500000000000
25444408,1782990239,17150997996320092
25444411,1782990287,370785757460874190
25444461,1782990887,13065780972428867843
25444463,1782990911,5985000000000000
25444479,1782991103,19948856382874967515
25444897,1782996143,584136000000000000
25444918,1782996395,32300760773967838
25445142,1782999107,12388150002009422679
25445416,1783002407,974333584783020000
25445495,1783003355,39848130000000001
25445544,1783003955,1780020708993555000
25445897,1783008203,5762952126030330000
25445958,1783008935,135536306667663247
25445961,1783008971,68165152223199239
25445964,1783009007,81625256835823556
25445975,1783009139,4366384327623393191
25446151,1783011263,4992481203007518796
25446423,1783014539,1997720324336520000
25446425,1783014563,17781232677741007
25446815,1783019255,199500000000000000
25446837,1783019519,1269468375000000000
25446844,1783019603,633312750000000000
25446851,1783019687,1689765000000000000
25446993,1783021403,997500000000000000
25446995,1783021427,3680891090562058
25447027,1783021811,653647910239239011
25447328,1783025435,1498289688000000
25447455,1783026959,7148705624892470993
25447474,1783027187,10120519802901830
25447661,1783029479,997500000000000000
25447709,1783030055,28927251506990492355
25447722,1783030211,555862024602810272
25447815,1783031327,2583525000000000
25448245,1783036499,13963972946297478906
25448252,1783036583,5984459717321724004
25448421,1783038623,28024528250770809260
25448834,1783043627,580403952702000023
25448856,1783043891,21349315247231957053
25448873,1783044095,29947017149481221438
25448893,1783044335,18876455934559950772
25448930,1783044779,23571870169777617993
25448948,1783044995,17248202259150958138
25449521,1783051907,7905326644393
25449553,1783052291,155921166913219782778
25449692,1783053971,3490000000000000000
25450359,1783062083,22335473239364408
25450528,1783064111,7269065411390754353
25450537,1783064219,3486279632296855643
25450724,1783066487,49944156105183361
25450725,1783066499,14750000000000000000
25450965,1783069379,6908143846622130000
25450973,1783069475,6329482635945031183
25450980,1783069559,508725000000000000
25451038,1783070255,180135224233241074
25451109,1783071107,6596694831976645384
25451144,1783071527,196842977529481264
25451163,1783071755,55442741582181769
25451169,1783071827,5368457313676670
25451175,1783071899,261714913521392405
25451218,1783072427,2211418472124035
25451243,1783072727,1592202134036360
25451271,1783073063,1082051926138814
25451508,1783075931,1544743267377030000
25451509,1783075943,18453750000000000
25451689,1783078115,50000000000000000
25451699,1783078235,49875000000000
25451803,1783079483,403987500000000000
25451880,1783080431,38559832540453630
25452004,1783081919,8183617461764900
25452086,1783082903,30898851863040173790
25452307,1783085555,19950000000000000
25452588,1783088939,2444945496483853
25452666,1783089875,29320006275000000000
25452667,1783089887,1
25452676,1783089995,997500000000000
25452723,1783090559,69825000000000
25452844,1783092011,996450794631220665
25452875,1783092383,1002506265664160401
25452921,1783092935,78802500000000000000
25452937,1783093127,2991589519793280000
25453083,1783094891,1
25453113,1783095251,90000000000000000
25453550,1783100531,4075205027309652744
25453738,1783102787,192517500000000000
25453752,1783102955,2005012531328320802
25454077,1783106879,7719298245614035087
25454314,1783109723,6449023729948552305
25454456,1783111427,8874053139315000
25454576,1783112867,24727833071956832635
25454621,1783113419,2005012531328320802
25455041,1783118471,9000000000000000000
25455159,1783119887,212969916058422914
25455167,1783119983,217986769615960854
25455242,1783120907,2822003819100655733
25455252,1783121027,228340310001715359
25455360,1783122323,256717636382575616
25455371,1783122455,282507724534811
25455430,1783123163,254208898565833837
25455546,1783124567,588034455448965000
25455632,1783125611,36807750000000000000
25456076,1783130963,19950000000000000
25456157,1783131935,349224236550136225857
25456550,1783136651,1816785548632252
25456560,1783136771,497666766713840331
25456724,1783138739,47379082979079817
25456725,1783138751,16435412211913585
25456727,1783138775,78918208125672827
25456728,1783138787,92189380585838041
25456729,1783138799,20521463000298786
25456730,1783138811,28209758950114238
25456731,1783138823,74996032922030262
25456732,1783138835,104781628122785673
25456733,1783138847,28405372876583222
25456734,1783138859,28839544012793765
25456735,1783138871,47309884642347185
25456736,1783138883,16432400821700268
25456737,1783138895,78863427836576789
25456738,1783138907,92190647639552446
25456739,1783138919,20507749196720831
25456740,1783138931,28213285505646306
25456741,1783138943,75020905504865040
25456742,1783138955,105154783308310025
25456743,1783138967,28396262979390210
25456744,1783138979,28841242777519681
25456746,1783139003,47410924609412944
25456749,1783139039,16409188889764877
25456756,1783139123,78876350462382971
25456757,1783139135,92187849789503054
25456758,1783139147,20507440516267453
25456759,1783139159,28201551397761048
25456760,1783139171,75021159756807456
25456761,1783139183,104776928336506516
25456762,1783139195,28403415036222907
25456763,1783139207,28835764177041831
25456764,1783139219,47408989291218128
25456765,1783139231,16431138200089893
25456777,1783139375,92001040226215687
25456778,1783139387,20502766953621988
25456779,1783139399,28191651090522051
25456780,1783139411,75016420721576574
25456781,1783139423,105153562346552893
25456782,1783139435,28201090792662299
25456784,1783139459,28840016073660228
25456785,1783139471,47407725594298134
25456786,1783139483,16378731133944026
25456787,1783139495,78855796013741461
25456788,1783139507,404474559046184220735
25456788,1783139507,92189893099733987
25456789,1783139519,20505717295275234
25456791,1783139543,28211462420209915
25456792,1783139555,74827418501657967
25456793,1783139567,105152544230182989
25456794,1783139579,28404721818157227
25456795,1783139591,28424913778819461
25456796,1783139603,47376467940050179
25456797,1783139615,16419239716873458
25456799,1783139639,78732491881957483
25456800,1783139651,92187972701053962
25456802,1783139675,20481010647672145
25456803,1783139687,28211643375894052
25456804,1783139699,75017823734200285
25456806,1783139723,105108937790945493
25456807,1783139735,28408035784107547
25456808,1783139747,28823765966466271
25456809,1783139759,47349030119419306
25456810,1783139771,16419958442215691
25456811,1783139783,78893750459262285
25456812,1783139795,92165351785500549
25456814,1783139819,20412630347904136
25456815,1783139831,28192356040954616
25456816,1783139843,74820122350762836
25456817,1783139855,105150014175907092
25456818,1783139867,28385705295022279
25456820,1783139891,28751325364406737
25456821,1783139903,47245687601275595
25456822,1783139915,16352015725694346
25456823,1783139927,78846855749243414
25456824,1783139939,91865807943415990
25456826,1783139963,20424326814830340
25456827,1783139975,28110996067024630
25456828,1783139987,74754501918804557
25456829,1783139999,104778967631072185
25456831,1783140023,28310749957633168
25456832,1783140035,28741770353213960
25456835,1783140071,47245278214238555
25456836,1783140083,16359769534342234
25456837,1783140095,78619344021414013
25456838,1783140107,91864102351370803
25456840,1783140131,20437765808608414
25456842,1783140155,28096945217430099
25456843,1783140167,74755286139544151
25456847,1783140215,104778633887962889
25456848,1783140227,28310736463367749
25456849,1783140239,28742480882296672
25456850,1783140251,47243054229266581
25456851,1783140263,16314303582363141
25456852,1783140275,78615334795345081
25456853,1783140287,91845276025581891
25456854,1783140299,20436299255740620
25456855,1783140311,28115228894759566
25456857,1783140335,74752265893120940
25456858,1783140347,104775214169745153
25456860,1783140371,28309690673276074
25456861,1783140383,28738920804334540
25456862,1783140395,47242468821996060
25456863,1783140407,16372582322112087
25456864,1783140419,78616445302697741
25456866,1783140443,91729642990116498
25456867,1783140455,20437215442430731
25456868,1783140467,28111466688991930
25456869,1783140479,74698768885209548
25456870,1783140491,104605587396026336
25456871,1783140503,28308128469166943
25456872,1783140515,26761977804923263
25456873,1783140527,47208347103734544
25456874,1783140539,16374848517972563
25456877,1783140575,78619124808269890
25456878,1783140587,91720007065230820
25456880,1783140611,20437922966512249
25456881,1783140623,28094394148305537
25456882,1783140635,74750695289546653
25456885,1783140671,104773065761754749
25456886,1783140683,28285626129468314
25456887,1783140695,28738881528851305
25456890,1783140731,47243080970247122
25456892,1783140755,16374825955266354
25456897,1783140815,78620026491142356
25456898,1783140827,91858990222430049
25456899,1783140839,20414442961434766
25456901,1783140863,28114682232958229
25456903,1783140887,74749052887197569
25456904,1783140899,104707524862168795
25456905,1783140911,28306414344873089
25456906,1783140923,28723122550878755
25456907,1783140935,47243056236390918
25456908,1783140947,16332961070695802
25456909,1783140959,78603406095126224
25456910,1783140971,91632051606271704
25456911,1783140983,20434634667006152
25456912,1783140995,28115149504992246
25456913,1783141007,74748633676880945
25456914,1783141019,104708174474467057
25456916,1783141043,28307264969392739
25456918,1783141067,28732257009816805
25456919,1783141079,47131524000953917
25456920,1783141091,16370911262521946
25456921,1783141103,78566049840617411
25456922,1783141115,91858419320022526
25456925,1783141151,20423949832763909
25456926,1783141163,28117935896684029
25456927,1783141175,74649811175552536
25456928,1783141187,104704835486883690
25456929,1783141199,28305861395570170
25456930,1783141211,28518523364151690
25456931,1783141223,47214312586386815
25456932,1783141235,16369252275530474
25456935,1783141271,78606910361148365
25456936,1783141283,91803790977341253
25456937,1783141295,20443711989983628
25456938,1783141307,28093662646316957
25456940,1783141331,74699550649047288
25456941,1783141343,104700826624975204
25456942,1783141355,28301113713137745
25456944,1783141379,28726716391519356
25456945,1783141391,46883813861211527
25456946,1783141403,16411382757105520
25456947,1783141415,78582319960532895
25456948,1783141427,91798289636861523
25456949,1783141439,20406155497904826
25456951,1783141463,28110321596696058
25456952,1783141475,74700769269724846
25456953,1783141487,104695850117591422
25456954,1783141499,28299161068559060
25456955,1783141511,28720740616548987
25456956,1783141523,47226014660935266
25456957,1783141535,16353629440271781
25456958,1783141547,78561892460402794
25456959,1783141559,91798310729978327
25456960,1783141571,20270504067578268
25456961,1783141583,28093949107135185
25456962,1783141595,74697901758332339
25456963,1783141607,104688481286294643
25456967,1783141655,28278947537621119
25456968,1783141667,28717516374533943
25456969,1783141679,47210018042551553
25456970,1783141691,16363029985655201
25456974,1783141739,78598786104782159
25457117,1783143455,2561000000000000000
25457360,1783146371,170426065162907268
25457608,1783149347,1668773909523005
25458107,1783155383,748446234299505000
25458240,1783156991,49875000000000
25458283,1783157507,10031873526017360
25458651,1783161959,49875000000000
25458681,1783162319,647881673637232934
25458763,1783163315,369445884241560000
25458827,1783164083,49875000000000
25458880,1783164719,279300000000000000
25459134,1783167791,790618210423122830
25459160,1783168103,3246473614028838893
25459258,1783169279,598500000000000
25459603,1783173443,2294250000000000
25459997,1783178183,2015037593984962406
25460083,1783179227,42788854506316065000
25460373,1783182719,25935000000000000
25460440,1783183523,37236431247193290000
25460578,1783185191,5742951819188014182
25460614,1783185647,146207227279196008
25460747,1783187255,8625430330562068590
25460751,1783187303,9881503965947244593
25460755,1783187351,12590358024159064
25460759,1783187399,18424802053219065000
25460760,1783187411,1917234871137333510
25460894,1783189019,4210526315789473684
25461149,1783192079,1794053703882240549
25461165,1783192271,1264236662647230204
25461549,1783196915,3137627516460172995
25462583,1783209419,871108939763607300
25462709,1783210955,36798536740882980000
25462709,1783210955,5012531328320802
25462764,1783211615,1002506265664160401
25462767,1783211651,11005142059607044388
25463279,1783217807,30995339745363210000
25463863,1783224851,888223675705192
25463977,1783226231,20754086254070400000
25464028,1783226855,9169740933550435
25464439,1783231811,23081620347723517716
25464642,1783234247,31977387793692837
25464911,1783237475,22636348301857738541
25465013,1783238711,399000000000000000
25465256,1783241651,17799357341151066280
25465580,1783245563,24089044088113515000
25466027,1783250951,20034328833683640000
25466093,1783251743,51870000000000000
25466115,1783252007,5990250796533496009
25466236,1783253459,2319744403287886
25466241,1783253519,8644950434661106
25466246,1783253579,2053354270892770
25466340,1783254707,3594939011197288692
25466376,1783255151,26202812680203180000
25466496,1783256603,2298084869574112
25466686,1783258883,5214358090736629817
25466706,1783259123,1855226315278326020
25466722,1783259315,828400402509648769
25466747,1783259627,870543862943917254
25466771,1783259915,1244352471791906738
25466797,1783260227,735518977195460640
25466818,1783260479,463328771109361973
25466832,1783260647,989105202781999251
25466864,1783261031,1002506265664160401
25466896,1783261415,262633246611929862
25467003,1783262699,89224206640485000
25467051,1783263275,22733813034532110000
25467054,1783263311,9975000000000000
25467113,1783264019,58333491737802034360
25467176,1783264787,2506265664160401002
25467183,1783264871,1025285678960232215
25467277,1783265999,55733331716598003643
25467532,1783269071,3766560000000000000
25467535,1783269107,50025834495289984
25468167,1783276739,27557901158317023275
25468214,1783277303,1916374113606343653
25468480,1783280507,43267720850789589
25468493,1783280663,3192000000000000000
25468506,1783280819,9975000000000000000
25468511,1783280891,14463750000000000000
25468585,1783281779,4291502484480103463
25468587,1783281803,3707939157450136121
25468589,1783281827,5547611222318519183
25468592,1783281863,18912931515547284705
25468822,1783284647,137513298905581735
25469161,1783288751,1263512155546667231
25469256,1783289891,7879608873208403949
25469260,1783289939,760839446922522058
25469461,1783292351,3185691729008474380
25469640,1783294511,5575827458192606823
25469813,1783296611,9181240311188774220
25469821,1783296707,13322150400595353135
25469893,1783297571,2736864526158424388
25469959,1783298363,544096705872706194
25469984,1783298663,3018547953658832228
25470005,1783298915,997184264815468958
25470114,1783300223,399000000000000000
25470136,1783300487,42745661243271833445
25470145,1783300595,3582789806206800000
25470790,1783308359,16638678425296464941
25471048,1783311467,4843929868174793
25471358,1783315199,301268853568082050
25471394,1783315631,35862176546220150000
25471875,1783321427,17333201178539519013
25472148,1783324727,29925000000000000000
25472426,1783328075,672747963946400180
25472504,1783329011,29081919243538717251
25472589,1783330043,1046092331102073557
25472632,1783330559,703952861847526576
25472700,1783331375,2005012531328320802
25472930,1783334135,221106366910904
25472955,1783334435,33258108858654753748
25473002,1783334999,24937022818321494498
25473034,1783335383,491904356840510922
25473109,1783336283,1877392040332177
25473148,1783336751,16957500000000000000
25473179,1783337123,4539101552319187885
25473806,1783344647,15037593984962406015
25473893,1783345691,186971698942724195
25473996,1783346927,989459059210623174
25474039,1783347443,2580626130652710000
25474118,1783348403,501253132832080200
25474295,1783350539,15793637150101854973
25474322,1783350887,9276129793495462
25474379,1783351583,498750000000000000
25474418,1783352063,109534342715557229
25474508,1783353143,49675500000000000000
25474578,1783354007,20050125313283208
25474599,1783354259,761584258008948237
25474662,1783355015,6832441970411190000
25474789,1783356539,194538044114140866
25474882,1783357655,9875250000000000000
25474926,1783358183,9975000000000000000
25474936,1783358303,29800549541910000
25474942,1783358375,50623014455055000
25474947,1783358435,48877500000000000000
25474962,1783358615,20050125313283208020
25475064,1783359839,95655784963916571
25475251,1783362083,15538847117794486215
25475295,1783362611,9975000000000000000
25475329,1783363019,9975000000000000000
25475886,1783369715,27498892470000000000
25475931,1783370255,5129762648229450000
25475939,1783370351,20501862884999998303
25476051,1783371707,2140002921596655185
25476333,1783375091,373313097593520000
25476395,1783375835,337891378440000000
25476505,1783377155,394657206111703859
25476522,1783377359,10000000000000000
25476598,1783378271,29925000000000000
25476688,1783379351,1416347794152942280
25476709,1783379603,3521204663199424399
25478103,1783396367,2342373498703116899
25478176,1783397243,625559392972500000
25478221,1783397783,10618698092160390898
25478319,1783398959,6982500000000000000
25478323,1783399007,847875000000000000
25478603,1783402391,129675000000000000
25478934,1783406411,79644791169643138098
25479149,1783409003,10565670968562664947
25479174,1783409303,619482464128913
25479343,1783411331,1869002551824764
25479384,1783411823,390278315154293
25479579,1783414175,94821741904923737
25479599,1783414415,35134352719934914
25479891,1783417931,8341310814194295000
25480374,1783423739,98323317239613417
25480483,1783425047,3457821480750000
25480541,1783425743,9975000000000000
25480734,1783428071,138691988807544163
25480774,1783428551,881635993443345000
25481103,1783432499,2726340206315000730
25481104,1783432511,19950000000000000000
25481287,1783434719,43238592950367885000
25481397,1783436051,997500000000000000
25481427,1783436411,10414094291800000
25481573,1783438163,14962500000000000000
25482009,1783443419,8026895328045510000
25482103,1783444547,99251250000000000000
25482518,1783449527,299250000000000000
25482591,1783450403,599446092028761800
25482666,1783451303,9975000000000000
25482695,1783451651,9975099750000000
25482830,1783453271,997500000000000
25482930,1783454483,1384340790362109146
25482932,1783454507,69825000000000000
25482962,1783454867,3098584170583091164
25482964,1783454891,4897607499398334972
25482968,1783454939,4642623179819141108
25482971,1783454975,2540857732923042540
25482972,1783454987,1704053777539410150
25482976,1783455035,2478752908290142182
25483035,1783455743,14962500000000000
25483052,1783455959,9975000000000000
25483066,1783456127,4488750000000000
25483128,1783456871,3890250000000000
25483245,1783458275,13860497473225400689
25483367,1783459739,2130449106386752725
25483842,1783465451,19949909031107211028
25483996,1783467299,4894425979650997
25484299,1783470947,379050000000000000
25484416,1783472351,28000000000000000000
25484550,1783473959,1740000000000000000
25484857,1783477667,1117173103410000
25484955,1783478855,38902500000000000000
25485077,1783480319,137655000000000000
25485579,1783486355,11720625000000000000
25485671,1783487459,4228342630647645642
25485809,1783489127,96829536386007727
25485909,1783490327,5599580928178020000
25486090,1783492499,8060797500000000000
25486241,1783494323,1863956290546441
25486264,1783494599,10025062656641604
25486314,1783495199,996728562503917478
25486560,1783498163,190410685191818989
25486684,1783499651,13963415251073820000
25486992,1783503371,3500000000000000000
25487003,1783503503,3500000000000000000
25487105,1783504727,5328185770899817272
25487109,1783504775,5070193415376391497
25487128,1783505003,20000000000000000
25487147,1783505231,2992500000000000
25487326,1783507391,2119810176161733880
25487398,1783508267,4912280701754385964
25487406,1783508363,997500000000000000
25487479,1783509239,10104675000000000000
25487483,1783509287,249375000000000000
25487604,1783510739,8551282706129078947
25487621,1783510943,1692763654575000
25487771,1783512755,1995000000000000000
25488072,1783516391,997500000000000000
25488260,1783518647,9676616304652950
25488293,1783519043,59324581047480000
25488312,1783519271,856076189640000
25488368,1783519955,6195631150380000
25488573,1783522427,45609382272842940357
25488836,1783525595,1442930994283275000
25488976,1783527287,6982500000000000
25489131,1783529171,1754910401355031140
25489136,1783529231,1032255052871638715
25489269,1783530827,8975662406292015000
25489272,1783530863,6980710318982085000
25489615,1783534991,11272533827520000
25489625,1783535111,1806967875848223
25489630,1783535171,2159567957441475
25489791,1783537103,2900000000000000000
25489844,1783537739,4987500000000000000
25489886,1783538243,3068306010000000
25489918,1783538627,54862500000000000
25490115,1783541003,2493750000000000
25490126,1783541135,2493849750000000
25490190,1783541903,701567118723606077
25490310,1783543355,8427303643650148
25490363,1783543991,8718273609784055
25490814,1783549415,83208020050125313
25490916,1783550639,92401437450000000
25490970,1783551287,34912500000000000000
25491177,1783553771,601503759398496
25491395,1783556387,113276074281969659
25491611,1783558979,2857837500000000000
25492031,1783564055,1666981046776234895
25492244,1783566611,8020050125313283
25492508,1783569791,4202937818297291394
25492725,1783572407,18557348045569914
25492967,1783575311,8018240531409164
25493420,1783580771,11402304463531818
25493693,1783584071,13183319717590376589
25493841,1783585847,64788218855737704
25493887,1783586399,930856284377464
25493955,1783587215,981754945686192
25494241,1783590671,1676403674940389
25494292,1783591283,9121673111014021
25494306,1783591451,4318045587569851
25494358,1783592087,6812726207616516
25494448,1783593167,2991764349260390997
25494451,1783593203,3568576415655123968
25494454,1783593239,5804363409980786658
25494457,1783593275,7587966792904992402
25494460,1783593311,2202221676490615815
25494497,1783593767,18952500000000000
25494668,1783595819,391185082923152
25494863,1783598159,54172813096324224
25495077,1783600739,205294425164058195
25495137,1783601459,9967404761973621168
25495346,1783603979,498750000000000
25495423,1783604927,7171236722205760
25495462,1783605395,27782753329588707248
25495689,1783608131,37905000000000000
25495716,1783608455,11970000000000000
25495725,1783608563,39900000000000000
25495980,1783611623,1864425176491536068
25495996,1783611815,498750000000000000
25496018,1783612079,54464047862626972
25496078,1783612799,14463750000000000000
25496108,1783613159,5339640285784272
25496313,1783615631,6869715611820059801
25496471,1783617527,1980000000000000000
25496494,1783617815,14493675000000000
25496510,1783618007,5887749176342145000
25496877,1783622411,9217498981572273945
25496895,1783622627,6918262508870055307
25497126,1783625399,1546125000000000000
25497480,1783629683,43307919755582513
25497509,1783630031,593999039879108566
25497518,1783630139,56187762145915577
25497538,1783630379,199500000000000000
25497769,1783633175,20881404142259686834
25497967,1783635587,7058684060759187439
25497981,1783635755,498073041988620000
25498381,1783640567,726273141740777161
25498563,1783642775,477940132596309601
25498581,1783643015,496472910477354825
25498584,1783643051,9975000000000000000
25498610,1783643363,517595605249318619
25498640,1783643723,528328865183527652
25498661,1783643975,531452995569064065
25498783,1783645439,9216556740509475
25498826,1783645955,9443065329275424
25498983,1783647863,66134250000000000
25499518,1783654295,20448841847805000
25500160,1783662059,32446253505744760
25500220,1783662779,897750000000000000
25500556,1783666811,9035134763783809381
25500568,1783666955,1681215942416897959
25500674,1783668239,8395854912582112982
25500703,1783668587,403790346261520
25500821,1783670003,329054627087957492
25501008,1783672247,938259226304282873
25501084,1783673159,9659052051904285
25501105,1783673411,1016326610204630104
25501350,1783676363,3073251569683575000
25501446,1783677527,1579060280408345
25501765,1783681403,9965558405197456284
25501883,1783682819,1596000000000000
25501963,1783683791,1102756892230576441
25501972,1783683899,32204287500000000000
25502129,1783685783,3090851711845649847
25502143,1783685951,997500000000000000
25502429,1783689395,4957969979239550
25502463,1783689803,57177987797799519
25502550,1783690847,995375715351583733
25502553,1783690883,665997007789890630
25502606,1783691519,9975000000000000
25502662,1783692191,10000000000000000
25502707,1783692731,1244046583952025000
25502833,1783694255,1346015862456751
25502845,1783694399,398995904626819185000
25502862,1783694603,698247472610683065000
25502871,1783694711,3008885274995604704
25502925,1783695359,18884515029636625
25502941,1783695551,4007368624964066653445
25502984,1783696067,3995579935521195000
25503273,1783699547,40552062202890000
25503634,1783703879,415332176727876937
25503642,1783703975,133266000000000000
25503669,1783704299,820205662907505000
25504296,1783711835,9808662680350982
25504425,1783713383,7216421102178278
25504472,1783713959,2008768080689695
25504769,1783717523,709568495749294598
25504801,1783717907,70386043478792324
25505038,1783720763,9064377155874721614
25505045,1783720847,3539529541270008329
25505315,1783724087,3361575000000000000
25505771,1783729583,5406340709301151
25506010,1783732451,2940584968485719
25506353,1783736567,90225563909774436
25506638,1783739987,20660293209867458
25507092,1783745435,4987500000000000
25507100,1783745531,18239579767500000000
25507245,1783747271,109587742459096613
25508254,1783759403,18442522307510146
25508538,1783762835,274562565172391651
25508572,1783763255,2635977110154627199
25508574,1783763279,4434648830381691285
25508577,1783763315,5421518003071799685
25508578,1783763327,9176373021580995720
25508974,1783768103,197536340190829796
25509244,1783771367,1055975445000000053
25509668,1783776491,6541605000000000000
25509820,1783778315,1644573676200727409
25510118,1783781891,1993383212495010000
25510153,1783782311,1145180319938148795
25510256,1783783547,1000000000000000000
25510308,1783784171,141949310812835
25510480,1783786247,3150494134208365
25510575,1783787411,2493750000000000
25510608,1783787807,75978971955478564
25510828,1783790447,19938098963418329229
25510939,1783791779,3990000000000000
25511775,1783801835,61605095480593055
25512408,1783809467,648633468144165000
25512765,1783813787,39850125000000000000
25512832,1783814603,1180597565798773185
25512836,1783814651,1260496316350061674
25512839,1783814687,5931961038432034515
25512841,1783814711,6162804815874437535
25513059,1783817363,4987405397361504204
25513449,1783822055,15646174115040000
25513453,1783822103,4260591846945000
25513642,1783824383,49875000000000000000
25514088,1783829759,140550421645858085
25514353,1783832939,102275188850903883
25514411,1783833635,232724101170098860
25514510,1783834823,5009650672328324
25514529,1783835063,835905000000000000
25514539,1783835183,549423000000000000
25514542,1783835219,989520000000000000
25514675,1783836839,75729096801302359
25514956,1783840211,7961655975000000000
25515005,1783840799,707223570953356464
25515115,1783842119,9553294081065000
25515340,1783844831,14035087719298245
25515434,1783845959,14038405774892375
25515637,1783848419,8883592587825341007
25515808,1783850471,39963840000000000
25516207,1783855271,113724676071268779
25516248,1783855763,191807327628307810
25516328,1783856735,554324302634271068
25516361,1783857131,14041387001843769
25516407,1783857683,7483219076835873278
25516649,1783860599,97287216988499997
25516676,1783860923,456873562157756354
25516789,1783862291,18753000000000000000
25517025,1783865147,2462959888114031
25517130,1783866407,107682963116182743
25517463,1783870415,270322500000000000
25517786,1783874315,41976145646090990
25517897,1783875647,4511278195488721
25518136,1783878551,750273940798283090
25518296,1783880471,2593500000000000000
25518537,1783883363,8952045414115382
25518542,1783883423,1352180406026099855
25518876,1783887431,997500000000000
25518949,1783888307,998496510657033916
25521004,1783913039,1995000000000000000
25521031,1783913363,867400711812172860
25521909,1783923935,3500000000000000
25522121,1783926515,14947368421052631578
25523007,1783937267,10972500000000000000
25523332,1783941179,3095152925307638843
25523333,1783941191,8377334392528889813
25523436,1783942439,939437205079559330
25523580,1783944167,1710000000000000000
25523738,1783946063,520457329862152
25523759,1783946327,8099073695880689
25523774,1783946507,10025062656641604
25523800,1783946819,3091246188498300000
25523827,1783947143,997500000000000
25524170,1783951295,8464853138184365163
25524318,1783953071,222348145655831839
25524397,1783954019,2822925000000000000
25524527,1783955579,17500130017923526138
25524633,1783956851,67331250000000000
25524828,1783959203,7760550000000000000
25524878,1783959815,2783025000000000000
25524943,1783960595,48113920058847679
25524996,1783961231,945998724150630
25525042,1783961783,760086047206820
25525072,1783962155,2094705039932559173
25525121,1783962743,1483726387433804
25525134,1783962899,1189446392123661
25525154,1783963139,711724717322441
25525166,1783963283,367880357629953
25525169,1783963319,89475465928269577
25525173,1783963367,632938163680655
25525174,1783963379,39900000000000000000
25525192,1783963595,1753207959112755
25525194,1783963619,3041402623100846406
25525204,1783963739,9875250000000000
25525266,1783964483,15960000000000000
25525408,1783966223,2681556725825565810
25525576,1783968239,143412570000000000000
25525593,1783968443,157562025637971620
25525640,1783969007,3979328495625000000
25525682,1783969511,6758957443055908598
25525741,1783970219,20947500000000000
25525889,1783971995,191386387867500000
25525953,1783972763,28428750000000000
25526031,1783973699,6647535536288115000
25526453,1783978775,30075187969924812
25526512,1783979483,11717129341699693827
25526524,1783979627,1522683750000000000
25526641,1783981043,13643369656047899
25526769,1783982579,620445000000000000
25526865,1783983731,168524069395290000
25526951,1783984763,12221448750048018
25527129,1783986899,3573049641331540256
25527283,1783988747,488775000000000000
25527842,1783995479,2227417500000000000
25528184,1783999607,25062656641604010
25528245,1784000339,355000000000000000
25528261,1784000531,1209093873006456
25528321,1784001251,800000000000000000
25528340,1784001479,800000000000000000
25528375,1784001899,248907896832999185
25528652,1784005235,167580000000000000
25529155,1784011295,555292451776545000
25529420,1784014487,7546633432221230
25529603,1784016683,538520655493338294
25529779,1784018819,1793058024531221610
25529906,1784020343,3990000000000000
25530223,1784024147,51192158921820000
25530387,1784026127,299250000000000000
25530643,1784029211,59850000000000000
25530850,1784031695,8290403446500000
25531213,1784036063,13024176618533838
25531218,1784036123,466765764773967
25531347,1784037683,120198750000000000
25531602,1784040767,1824561403508771929
25531751,1784042567,706054665936416164
25531822,1784043419,282200000000000000
25531883,1784044151,147599238853141994139
25531947,1784044931,99380925000000000000
25531966,1784045159,5436646541881896
25532109,1784046875,12549325022244385
25532112,1784046911,3934220778093294
25532144,1784047295,2353010239000312856
25532223,1784048255,2669065725106798
25532295,1784049119,14962500000000000000
25532354,1784049827,6907625156996130000
25532482,1784051375,28555241384146654
25532518,1784051807,7679104817332035
25532559,1784052299,17755500000000000000
25532585,1784052611,9932791599453079875
25532623,1784053067,2694157396701014
25532733,1784054435,433536840160372463
25532761,1784054771,63020481312876
25532792,1784055143,5286750000000000000
25532805,1784055299,299250000000000000
25532983,1784057447,425906167687854888
25532991,1784057543,411578648339218569
25533034,1784058059,2762463598187126
25533036,1784058083,381680296560176551
25533042,1784058155,386262903419529159
25533381,1784062259,359100000000000000
25533593,1784064815,9929732197140648375
25533660,1784065619,1063117555822590264088
25533787,1784067143,11864661737229711198
25533910,1784068631,9928608147218173875
25534023,1784069987,24890392652129561
25534073,1784070587,847104109460565088
25534226,1784072423,5985000000000000000
25534270,1784072951,249375000000000000
25534284,1784073119,9177000000000000
25534547,1784076275,31920000000000000
25534587,1784076755,250192049342420188
25534589,1784076779,4437324109646886885
25534831,1784079695,9666357968443398
25534912,1784080667,288820608944940461
25534988,1784081591,4803596177308081145
25535335,1784085767,1059377197954061885
25535491,1784087663,99750000000000000
25535503,1784087807,498750000000000000
25535643,1784089487,159600000000000000
25535680,1784089931,50547877805460000
25535848,1784091959,7814974948223022
25536150,1784095583,857942540251410443
25536277,1784097107,1224593515225748295
25536474,1784099483,887775000000000000
25536490,1784099687,987525000000000000
25536530,1784100167,7955969735473900
25536534,1784100215,4101827506489989985
25536537,1784100251,1148074318608766856
25536574,1784100695,8927708358973653
25536857,1784104091,243731550962547327
25536874,1784104295,5985000000000000
25537001,1784105819,48719476071222248
25537197,1784108171,2037892500000000000
25537255,1784108867,51660170146469706
25537291,1784109299,7117626645548588
25537308,1784109503,1995000000000000000
25537357,1784110091,9929830922946949875
25537575,1784112707,14000000000000000
25537790,1784115299,12828664746030000
25538087,1784118887,1405072980168068899
25538103,1784119079,490371000000000000
25538250,1784120855,55137844611528822
25538477,1784123591,19950000000000000
25538684,1784126075,2000000000000000
25538802,1784127503,977550000000000000
25538884,1784128499,1002849872749429107
25539102,1784131115,11970000000000000000
25539112,1784131235,997500000000000000
25539155,1784131763,8876170957500000
25539202,1784132327,130272502799249998
25539313,1784133671,2394000000000000
25539463,1784135507,5939360792145585000
25539726,1784138663,5340021910139607
25539922,1784141015,70175438596491228
25540065,1784142731,2818405039704295
25540075,1784142851,2818405039704295
25540103,1784143187,22443750000000000
25540340,1784146055,240315291767670000
25540459,1784147483,1452559500000000000
25540661,1784149907,57855000000000000
25540967,1784153591,11470271831703615000
25541852,1784164235,104102175292500000
25542476,1784171759,14306212289788756
25542912,1784177003,92844129498375261
25543120,1784179499,104031517842840000
25543127,1784179583,4010000000000000000
25543319,1784181887,139649536665898350000
25543584,1784185091,1435925244758760000
25543695,1784186435,167785762782264
25543802,1784187719,28927500000000000
25543842,1784188199,87281250000000000
25543893,1784188811,1055355000000000000
25544089,1784191175,735974047013067549
25544154,1784191967,13965000000000000
25544326,1784194031,143939250000000000
25544688,1784198387,34128658515859254
25544758,1784199227,14962500000000000
25545551,1784208791,676068354596250054
25545849,1784212367,76875668076795895
25546660,1784222147,364053427773354744
25546686,1784222459,124882923901888496
25546798,1784223803,2562766993834110000
25546989,1784226095,1660749888152963907
25547104,1784227475,20050125313283208
25547488,1784232119,47355705359655000
25547504,1784232311,9850882038639385174
25547999,1784238275,35715676186543923625
25548148,1784240063,21157990597249939288
25548319,1784242115,3007075131708922576
25548483,1784244083,379209902414795303
25548592,1784245391,368663922313375290
25548735,1784247119,357734228980267062
25548743,1784247215,332505673373440663
25548765,1784247479,309141282544978512
25548973,1784249999,762203198690935371
25549485,1784256143,2493750000000000
25549519,1784256551,990027858445815000
25549621,1784257787,529677267222075000
25549855,1784260595,35243397779973973509
25549920,1784261375,9267772500000000000
25550192,1784264651,349044159749203
25550212,1784264891,13212266426844763000
25550236,1784265179,6095293575000000000
25550792,1784271863,9975000000000000
25550893,1784273075,3000000000000000000
25551279,1784277707,1481287500000000000
25551381,1784278931,2972550000000000000
25551465,1784279951,2500000000000000000
25551468,1784279987,32096011819976708
25551798,1784283983,29925000000000000
25551805,1784284067,498645799355499100
25551866,1784284799,4189500000000000
25552021,1784286659,279300000000000000
25552162,1784288351,3500000000000000000
25552237,1784289251,2770627928481009936
25552249,1784289395,6072884097460244
25552260,1784289527,8156242673492585
25552269,1784289635,6782251794543019652
25552336,1784290439,27449850616135945864
25552395,1784291147,42265824681474
25552533,1784292815,2654091488867748
25552777,1784295767,32636834544575833
25552791,1784295935,5207917500971435403
25552791,1784295935,255935816397045515
25553182,1784300627,1616000389097725
25553186,1784300675,1301652791369286
25553189,1784300711,981680671651246
25553432,1784303627,6955398166395000
25553502,1784304467,2923395316782780000
25553509,1784304551,710763650294116
25553841,1784308535,9384496851541764
25553936,1784309675,69825000000000000
25554068,1784311259,390662740517467
25554115,1784311823,167895917573370
25554390,1784315123,2229795708853058
25554410,1784315363,173743231971263348
25554445,1784315783,182174055740298597
25554528,1784316779,19924065000000000
25554986,1784322299,528675000000000
25555164,1784324435,19950000000000000
25555271,1784325719,23781109176822825319
25555423,1784327543,5048892592883921250
25555462,1784328011,976484985332752841
25555528,1784328815,3200000000000000000
25556119,1784335943,419499269542605000
25556631,1784342111,997500000000000000
25557440,1784351867,12688474155962999
25557473,1784352275,4804985776612591
25557688,1784354855,59848462604957
25558079,1784359547,3552587430125827007
25558146,1784360351,3937771248869856
25558259,1784361719,576722503446823
25558292,1784362115,9163374449997353
25558671,1784366687,9994262288647943
25558674,1784366723,29165751264878492250
25558786,1784368067,99750000000000
25558849,1784368823,623646560513040
25558872,1784369099,16886495916597646500
25558892,1784369339,997500000000000
25558944,1784369963,3901005243801735
25559106,1784371907,29914136430993893243
25559120,1784372075,64983307073061
25559228,1784373383,19950000000000000
25559464,1784376215,2701071238392002910
25559467,1784376251,212370317748837754
25559470,1784376287,2559311276950120403
25559474,1784376335,2722968650525030933
25559476,1784376359,556420945517301323
25559480,1784376407,8429154628955036288
25559481,1784376419,10626687592444111965
25559651,1784378459,386108337150033124
25559736,1784379479,116587167559554489
25560060,1784383391,2868073596213274
25560062,1784383415,2846112339329907
25560065,1784383451,2680857861000572
25560067,1784383475,1470785930038066
25560070,1784383511,1194373573409819
25560120,1784384111,19949550731336625000
25560251,1784385695,1995000000000000
25560374,1784387183,45515338831444397936
25560463,1784388251,249055419153738754
25561100,1784395907,1631780923500000
25561249,1784397695,4861671992415000
25561311,1784398451,53928872557547362
25561357,1784399003,107647440940071686
25561391,1784399411,56190603914704636
25561511,1784400863,2461332874274039
25561615,1784402111,3291511334160000
25562123,1784408243,3014511034500000
25562264,1784409959,3087750529655512098
25562277,1784410115,997146295268025000
25562288,1784410247,847083130032510000
25562291,1784410283,91671750447285783
25562624,1784414291,13556680460873790
25562676,1784414915,184266671486074338
25562731,1784415587,8628375000000000
25562828,1784416751,6409228646477947459
25563160,1784420771,992120400596327862
25563374,1784423339,180819498976482675
25563772,1784428127,14962500000000000
25563972,1784430551,99750000000000000
25564088,1784431943,179643816154100523
25564423,1784435987,91644953954356845
25564568,1784437739,14763000000000000000
25564603,1784438159,4212442500000000000
25564609,1784438231,4205460000000000000
25564653,1784438759,37369837631070000
25564723,1784439599,157228778316296
25564806,1784440607,299417235337052910
25565023,1784443247,109582357500000
25565210,1784445503,1503759398496240
25565251,1784445995,29229968310535288
25565301,1784446595,34288053788409253
25565462,1784448527,50806365750000
25565787,1784452439,2148002505177583284
25566003,1784455043,83471473943484454
25566037,1784455451,11552240974130430000
25566038,1784455463,52338825000000000
25566172,1784457071,149625000000000000
25566206,1784457491,208330697011447273
25566235,1784457839,12912320224520640000
25566295,1784458571,49581757985819996
25566472,1784460695,3990000000000000
25566951,1784466467,9975000000000000
25566956,1784466527,2977099363912924767
25567107,1784468339,4843497100716363
25567115,1784468435,13281387392887114777
25567228,1784469803,1995000000000000000
25567240,1784469947,489174000000000000
25567503,1784473115,1693373996895000
25567609,1784474399,3510726393299672188
25567640,1784474771,10013800394180810
25568030,1784479451,10737429700782210
25568063,1784479847,79800000000000000
25568140,1784480771,112801536414420000
25568224,1784481779,9376500000000000
25568362,1784483447,3293745000000000000
25568612,1784486471,60000000000000000
25568873,1784489615,7181816543561729618
25568964,1784490707,35742235956241282
25569791,1784500667,7981594202063905295
25569824,1784501063,2394000000000000000
25569872,1784501651,4010025062656641
25570038,1784503643,29326500000000000000
25570312,1784506943,1572925104580033155
25570640,1784510879,1795500000000000000
25571692,1784523563,50410365601025353
25571784,1784524667,43842551769476765
25571956,1784526767,650630209118019229
25572118,1784528711,2493750000000000000
25572232,1784530091,3480644256313835
25572703,1784535767,2265664160401002506
25573038,1784539811,222672693544259427
25573293,1784542883,758166707184033313
25573420,1784544407,997251935325975000
25573641,1784547059,99750000000000000
25574257,1784554487,897750000000000000
25574257,1784554487,2976880129800360000
25574272,1784554667,1695750000000000000
25574284,1784554811,1596000000000000000
25574297,1784554967,7562723545413658
25574613,1784558795,1000000000000000
25574625,1784558939,13527742139904824
25574649,1784559227,42772166835036578
25574885,1784562071,197832958263482186
25574900,1784562251,665563042559789931
25574923,1784562527,76056432947994186
25574925,1784562551,648514140704554040
25574941,1784562743,645523794088946679
25575054,1784564135,24235730815312253
25575075,1784564387,2892750000000000
25575170,1784565527,506633676662637451
25575385,1784568119,1595646480433102417
25575916,1784574527,6647327183195440913
25575919,1784574563,751355970782306899
25575921,1784574587,4392695476099729024
25575924,1784574623,2695706060692332713
25575926,1784574647,2968321909785152445
25575929,1784574683,5349537454918899244
25575931,1784574707,2873287726189897748
25576089,1784576615,2619435000000000000
25577251,1784590583,9975000000000000000
25577384,1784592179,5251837500000000000
25577404,1784592419,1402286197936785
25577475,1784593271,25000000000000000
25577965,1784599187,10025062656641604
25578006,1784599679,3211671902623866970
25578024,1784599895,16000970094437772789
25578044,1784600135,439398750000000000
25578124,1784601095,1000000000000000000
25578301,1784603231,49875000000000000
25578375,1784604119,1458921025164476310
25578432,1784604803,104567244439348
25578501,1784605631,1901935915272929
25578632,1784607203,15937498166005931
25579100,1784612867,20000000000000000
25579519,1784617919,997500000000000000
25579537,1784618135,16531586278616340296
25579540,1784618171,45495600732409
25579693,1784620007,31032778522427927
25579696,1784620043,92225857500000000000
25579747,1784620655,18845116155480317
25579817,1784621495,1150000000000000000
25579888,1784622347,114563373750000005
25580558,1784630411,11894065478983430
25580847,1784633879,5000000000000000
25580861,1784634059,1242492200669360746
25581233,1784638523,44887500000000000
25581542,1784642243,743137500000000000
25581569,1784642567,992481203007518796
25581678,1784643875,1251789910844393
25581681,1784643911,1416464281541965
25581683,1784643935,1334195756241492
25581687,1784643983,1752808881290820
25581691,1784644031,1649519891305903
25581695,1784644079,8117207740313960
25581697,1784644103,199500000000000000
25581770,1784644979,169699561112320739
25581821,1784645591,1893739588146731588
25581853,1784645975,3549007672721170598
25581989,1784647607,11844741473348349
25582084,1784648759,19924065000000000
25582228,1784650487,3991510543422139
25582239,1784650619,99750000000000
25582667,1784655779,2992500000000000
25582796,1784657327,6617101549590000
25584631,1784679431,5196975000000000000
25584932,1784683055,1984217291008613745
25585070,1784684711,11970000000000000
25585171,1784685935,49875000000000000
25585286,1784687351,319200000000000000
25585290,1784687399,11970000000000000
25585414,1784688887,315234739400975
25585613,1784691275,992467948503932098
25585641,1784691611,13303978372022003
25585866,1784694323,387457917663733
25586327,1784699855,29957479566004906
25586791,1784705423,39421417998535755000
25587076,1784708867,272317500000000000
25587459,1784713475,1025005362257383922
25587468,1784713583,6214425000000000000
25587562,1784714711,144637500000000000
25587816,1784717795,123726729439387
25588019,1784720255,14169638499285398
25588084,1784721035,299250000000000
25588277,1784723387,5417500461483434940
25588425,1784725175,2992500000000000
25588985,1784731967,99750000000000
25588996,1784732099,71418783218084859
25589088,1784733203,99750000000000
25589300,1784735771,52883337272158278
25589448,1784737559,456725755537045028
25589754,1784741243,2292819322600609583
25589911,1784743127,1493702718387471927
25589957,1784743679,1262268620692791548
25590021,1784744447,798758622353915817
25590050,1784744795,453029352834808712
25590742,1784753159,1352475603793442
25590774,1784753543,1217433030906098888
25590842,1784754371,9962032500000000
25590870,1784754707,145523486426894818
25590877,1784754803,9962032500000000
25591532,1784762687,6982500000000000
25591570,1784763143,1518020437500000000
25592102,1784769527,1127134982513187
25592422,1784773379,397252651089465298
25592423,1784773391,15000000000000000
25592452,1784773739,1946908579783916747
25592691,1784776607,111720000000000000
25592825,1784778227,4010025062656641604
25592896,1784779091,1991175919917317234
25592959,1784779859,1452699396438306
25592979,1784780099,4961270785908569764
25593014,1784780531,4962541685104154661
25593135,1784781983,6954821048894032
25593319,1784784215,54135338345864661654
25593646,1784788163,502348631611858464
25593692,1784788715,54135338345864661654
25593960,1784791955,2819826822855000
25594451,1784797871,89775000000000000
25594538,1784798915,34912500000000000
25594566,1784799251,726842214714000000
25594657,1784800343,3984813000000000
25594827,1784802383,5899577079551795640
25594829,1784802407,2671685848658789235
25594833,1784802455,3171740751591463013
25595054,1784805119,258482730709261448
25595079,1784805419,2122312543772925000
25595178,1784806631,2793000000000000000
25595272,1784807771,49200000000000000
25595441,1784809823,28369578234218414176
25596076,1784817503,52130325814536340852
25596421,1784821667,5476772274764177
25596613,1784823995,54135338345864661654
25596714,1784825207,248686725000000000
25596732,1784825423,249075750000000000
25596745,1784825579,249075750000000000
25597014,1784828807,55137844611528822055
25597371,1784833103,4986190455082845540
25597378,1784833187,5386500000000000000
25597392,1784833367,55137844611528822055
25597946,1784840063,36090225563909774436
25598328,1784844659,17294875982694574636
25598390,1784845403,726497834104246
25598515,1784846915,22103605432498598
25599013,1784852939,97532469751835458
25599113,1784854139,2792267406104925000
25599163,1784854739,1017450000000000000
25599966,1784864399,7692607988653156531
25599967,1784864411,15860250000000000
25600035,1784865227,64810219270755000
25600082,1784865791,26888587077295071
25600245,1784867747,1700000000000000000
25600691,1784873135,36337557962624000
25600991,1784876771,15255728313299477
25601131,1784878463,311731861281103442
25601150,1784878691,5126102519052193221
25601435,1784882111,2000000000000000
25601460,1784882411,1681780835642321
25601714,1784885459,792445639320177778
25602644,1784896643,533662500000000000
25602743,1784897831,28556643079387709
25602780,1784898275,418950000000000000
25602843,1784899031,1446375000000000000
25603182,1784903099,22000000000000000
25603682,1784909111,18045112781954887
25603699,1784909315,20050125313283208
25603853,1784911163,8066035446977340000
25604103,1784914175,11452294726247774
25604472,1784918615,50036926398289415853
25604479,1784918699,49989038810010815837
25604533,1784919347,7949807053545000
25604592,1784920055,4975404291400609
25604607,1784920235,100250626566416040
25604608,1784920247,4987500000000000
25604998,1784924939,452094341255612
25605192,1784927267,24000000000000000
25605477,1784930687,100250626566416040
25605482,1784930747,1156549293337085236
25606559,1784943683,1496250000000000
25607002,1784949023,8522005745496285000
25607294,1784952539,498750000000000000
25607298,1784952587,2180535000000000000
25607361,1784953343,53952555641192775000
25607462,1784954555,3514952108829537813
25607556,1784955683,697339255107429127
25607855,1784959271,3508771929824561
25608257,1784964143,7980000000000000000
25608451,1784966471,1562521592259417649
25608553,1784967695,2469783774084745
25608561,1784967791,8861152984226015
25608888,1784971727,682257229796612123
25609265,1784976251,9043648280784212
25609366,1784977463,4992481203007518796
25609672,1784981171,875783430301944
25609719,1784981747,4781934621719117180
25609746,1784982071,162731480008751136
25609928,1784984255,16040100250626566
25610042,1784985623,4937625000000000000
25610785,1784994551,523288500000000000
25611064,1784997911,4987500000000000
25611558,1785003851,39247236543952578228
25611617,1785004559,39501000000000000
25611793,1785006671,5097761965232458265
25611864,1785007523,619447500000000000
25612098,1785010331,99291729261431861265
25612143,1785010871,99043153901691105625
25612505,1785015239,351120000000000000
25612557,1785015863,149176125000000000
25613232,1785023987,267330000000000000
25613381,1785025775,513712500000000000
25614111,1785034559,8690220000000000000
25614217,1785035831,862570314466005
25615011,1785045371,142518964485958788
25615024,1785045527,32944583758700564
25615033,1785045635,642464770158066
25615038,1785045695,10897551360732173
25615070,1785046079,7168347769423558897
25615239,1785048107,209890668286905705
25615359,1785049547,262272331685573175
25615938,1785056507,394617090800835000
25615966,1785056843,4987500000000000000
25616140,1785058931,9932833673607172125
25616569,1785064139,3039611837425737
25616920,1785068351,69468012656405858
25616923,1785068387,31986517501333338
25617030,1785069695,33915000000000000
25617065,1785070115,315633096780147364
25617334,1785073343,997500000000000000
25617354,1785073583,9975000000000000
25617709,1785077843,1551548124152145000
25618020,1785081575,3520582285500000
25618025,1785081635,69102610466538981
25618150,1785083135,1995000000000000
25618463,1785086903,309835458564229201
25618737,1785090203,7433618457300000
25618784,1785090767,19950000000000000
25619282,1785096743,1129712902421886101
25619294,1785096887,11315164490747380
25619721,1785102035,51975883231807732
25619952,1785104819,25416300000000000000
25620268,1785108611,23940000000000000
25620504,1785111443,6492607780014090000
25620705,1785113855,698250000000000000
25620761,1785114527,19002375000000000000
25620988,1785117251,2005012531328320802
25621114,1785118763,6982500000000000
25621686,1785125651,3187850400000000
25622038,1785129887,83722559099911346
25622075,1785130343,6442417314518804
25622094,1785130571,1002506265664160
25622273,1785132743,997500000000000
25622477,1785135215,83040441425767551
25623033,1785141899,4137238465251857153
25623035,1785141923,26274741258590631513
25623167,1785143519,14458067535955705641
25624158,1785155459,9975000000000000
25624265,1785156743,144025289750802683
25624328,1785157511,25123545732579615
25624383,1785158171,764111492361105000
25624455,1785159035,814548812053328580
25624607,1785160871,5657468995019639
25624864,1785163979,5071670745750000
25625113,1785166967,8909848367099822100
25625197,1785167975,3001864368223102875
25625226,1785168323,49875000000000000
25625553,1785172259,1126453288126847269
25625584,1785172631,1920256561381427
25625633,1785173219,2953063490370000
25625770,1785174875,2607441167580375000
25625777,1785174959,1422184994036134
25625818,1785175451,5336625000000000000
25625822,1785175499,4010025062656641
25626031,1785178019,753910500000000000
25626306,1785181331,214462500000000000
25626436,1785182891,196507500000000000
25626516,1785183851,8836071465775111
25626590,1785184739,101129675076673077
25626658,1785185555,1416787839212632
25626780,1785187019,996028490652210210
25627241,1785192563,996205111238216043
25627383,1785194291,6455146565786
25627614,1785197099,7978921580457870000
25627787,1785199175,989966339048643043
25628016,1785201923,11349805019697670365
25628460,1785207287,2702513385898204
25628535,1785208187,117852097439341
25628599,1785208955,15461250000000000
25628660,1785209699,1778474086712558153
25628751,1785210791,13366500000000000
25628775,1785211079,14713125000000000
25628814,1785211571,26059687500000000
25628837,1785211847,19751382871715495
25628870,1785212243,4162760761281087000
25629195,1785216143,1762435715510347
25629333,1785217811,1996879959147858357
25629391,1785218519,1030000000000000000
25629428,1785218975,351734133645652812
25629518,1785220055,2774476106793510000
25629557,1785220523,5286750000000000000
25629928,1785224987,9973469428598550000
25630439,1785231119,164585735334065482
25630588,1785232907,175940085335965917
25630903,1785236687,1413058500000000000
25630962,1785237395,5076650310878895000
25631164,1785239831,876070154480159818
25631327,1785241787,527394194157705000
25631391,1785242555,174552000000000000
25631400,1785242663,121882492502041428
25631454,1785243311,3690750000000000
25631577,1785244787,379054904817992577
25631586,1785244895,149625000000000000
25631633,1785245459,7132470289335906
25631644,1785245591,3830040852344038
25631820,1785247727,41170418534752607
25631824,1785247775,1100000000000000000
25631836,1785247919,496335135053120
25631837,1785247931,522431961855747392
25631965,1785249467,149430487499999996
25632097,1785251063,19950000000000000
25632522,1785256199,14943048750000000
25632565,1785256727,7850788416299640000
25632728,1785258707,9975000000000000000
25632941,1785261263,100000000000000000
25632968,1785261587,81868824682068268
25633106,1785263243,1696686687700638
25633137,1785263615,6982500000000000
25633168,1785263987,99748905530531250000
25633186,1785264203,4065481977087313125
25633342,1785266087,9575020106377740000
25633388,1785266639,24670126899648222568
25633505,1785268043,29924584041429579193
25633517,1785268187,41865693911177830
25633578,1785268931,1679139030855438596
25633694,1785270323,408195773060498992
25633869,1785272423,100879324308342825
25633884,1785272603,265832707922414552
25633917,1785272999,226630718378503422
25633992,1785273923,9975000000000000
25634000,1785274019,55320321762276231
25634021,1785274271,5012531328320802
25634076,1785274931,1974691670965157759
25634155,1785275879,99750000000000000
25634253,1785277067,1548390914493516975
25634511,1785280175,1489267500000000000
25634514,1785280211,5131692540307424535
25634559,1785280751,61988204765491875857
25634987,1785285899,1648670790887666070
25635315,1785289859,1596000000000000
25635659,1785293999,24937500000000000
25635660,1785294011,110275689223057644
25635882,1785296687,2963627375661015000
25636224,1785300803,9975000000000000
25636623,1785305639,309942868820154964
25636931,1785309359,5749041935941608601
25636959,1785309695,9962032500000000
25637101,1785311399,14962500000000000
25637135,1785311807,1712979027950957637
25637286,1785313619,55648974892132016
25637288,1785313643,5500000000000000000
25637292,1785313691,5500000000000000000
25637346,1785314339,160123608561840000
25637565,1785316967,1995000000000000000
25637648,1785317963,2593500000000000
25637758,1785319295,349125000000000000
25638260,1785325331,10021070144732697
25638309,1785325919,1941135000000000000
25638600,1785329411,319200000000000000
25638614,1785329579,4024900483219245000
25638632,1785329795,8337289691549634
25638742,1785331115,994741486045386484
25638880,1785332783,307230000000000000
25638992,1785334127,1552166559140992029
25639204,1785336695,758040888785796164
25639554,1785340907,13458095825775376128
25639601,1785341471,723381009874513940
25639663,1785342215,13414481078623180
25639678,1785342395,49157311317583456
25639694,1785342587,24329169810760599
25639748,1785343235,8594467791039409729
25639753,1785343295,93266250000000000
25639866,1785344651,1337832655782906504
25640273,1785349535,2676404323359471871
25640279,1785349607,1331602853396114729
25640388,1785350915,4216368209022682043
25641037,1785358763,180451127819548872
25641290,1785361823,11970000000000000
25641393,1785363059,148546380895566269
25641639,1785366011,16468839739702151
25641756,1785367415,104109116589138769
25641919,1785369371,6482752500000000
25641987,1785370187,7970386781973127
25642000,1785370343,29353946098795098
25642009,1785370451,10782378808648957
25642020,1785370583,44139896419929887
25642230,1785373127,255260250000000
25642436,1785375599,79960137208147950
25643095,1785383507,1995071740014416642
25643301,1785385979,234114265086034656
25643314,1785386147,138281207825797865
25643357,1785386663,215786970571908735
25643732,1785391175,9470612181296770
25644289,1785397859,113930140556442298
25644337,1785398435,161853172741383848
25644466,1785399983,4987500000000000000
25644555,1785401051,941186044631229974
25644758,1785403499,1817675801036322
25644818,1785404219,1995000000000000
25644846,1785404555,5060151998595102465
25644926,1785405515,3885035541587660040
25644927,1785405527,7548883426381243170
25644929,1785405551,5212931396572895625
25644931,1785405575,726086553771443902
25644931,1785405575,9859722235329764674
25644933,1785405599,2258046991136738288
25644936,1785405635,1199971644790139221
25644938,1785405659,2397056975451599265
25645001,1785406415,3000000000000000
25645141,1785408095,65681185500000000000
25645155,1785408263,13965000000000000000
25645176,1785408515,1995000000000000
25645907,1785417311,21056094718603131
25646051,1785419039,422737784260856683
25646080,1785419387,383266072843945515
25646119,1785419855,99750000000000000
25646413,1785423407,12896967824704240294
25646455,1785423911,99750000000000000
25647193,1785432815,4511278195488721804
25647206,1785432971,83291250000000000
25647291,1785434003,267626394107531861
25647385,1785435143,24937500000000000
25647419,1785435551,16727775136755852757
25647441,1785435815,175530677792166373
25647527,1785436859,283788750000000000
25647610,1785437879,1075460469944616
25647620,1785437999,513243432308990999
25647643,1785438275,24787529266500001
25648018,1785442799,350453998524268700
25648033,1785442979,1476300000000000000
25648077,1785443519,14962500000000000
25648115,1785443975,2597137949648755682
25648154,1785444443,380856380113420570
25648303,1785446255,2390458213937337
25648335,1785446639,10014900000000000
25648757,1785451727,19076805106223194
25648789,1785452123,154612500000000000
25648816,1785452459,3992817957369747
25648948,1785454043,1045135329151881
25649011,1785454811,4321152149770498
25649069,1785455507,10357803319059365
25649577,1785461615,139650000000000000
25649733,1785463499,2810289368250000
25649857,1785464999,523635450569637787
25649864,1785465083,188527500000000000
25650097,1785467891,2992500000000000
25650166,1785468731,851091558348255000
25651023,1785479027,5511547331807895000
25651604,1785486023,1305353549111653298
25651721,1785487427,11970000000000000000
25651837,1785488819,6186846700442805
25651990,1785490667,867536786965710603
25652201,1785493211,151138372621572
25652329,1785494747,9172526184862994
25652352,1785495023,1024752291048675000
25652515,1785496979,4477972080575022
25652577,1785497723,9472368451515845648
25652662,1785498743,56059973203462304
25652682,1785498983,16594728266080106
25652682,1785498983,203232826666237
25652784,1785500207,15960000000000000
25652841,1785500891,2525376285553244
25652864,1785501167,1043277053579681813
25652915,1785501779,9936193916366260
25653000,1785502799,6278656960635501
25653137,1785504455,419863480641394245
25653241,1785505715,299250000000000000
25653633,1785510419,179615174619090000
25653655,1785510683,997500000000000000
25653998,1785514811,244387500000000000000
25654088,1785515891,99750000000000000
25654365,1785519251,2486018202020425222
25654482,1785520655,6700806526603289
25654540,1785521351,5512320045443292
25654543,1785521387,4803996252756511
25654640,1785522551,132667500000000000
25654691,1785523163,416246416017705000
25654927,1785526019,3700679918253931
25655072,1785527759,9257911215000000
25655168,1785528911,4627799693811076
25655371,1785531347,1992406500000000
25655655,1785534755,33229547057712612
25656147,1785540659,990956385656299125
25656343,1785543011,193668153174818595
25656673,1785546995,5023070495007200401
25656906,1785549803,18532456321544126642
25656976,1785550643,11891197500000000000
25657380,1785555515,106455969569505275
25657989,1785562835,9676728829975590681
25658102,1785564203,5764155644625000
25658758,1785572087,3254009876036274642
25659066,1785575795,7284561234584513234
25659635,1785582623,8484461699041737476
25659697,1785583367,1069736777567600331
25659796,1785584555,4987500000000000
25659963,1785586571,997500000000000000
25660094,1785588143,1055695524343229753
25660130,1785588575,385347742042390237
25660277,1785590339,11970000000000000000
25660291,1785590507,10304175000000000000
25660362,1785591359,1305367152587544396
25660395,1785591755,3091362811284615000
25660555,1785593675,31944937500000000000
25660719,1785595655,7684990725640142
25660790,1785596507,5128894340105120
25660852,1785597251,2435695479749964
25660862,1785597371,2083822324442016
25660985,1785598847,31215236704567639
25660987,1785598871,2363706446205184
25660988,1785598883,55936726998443740
25660992,1785598931,93208927772360822
25660999,1785599015,213521113966006706
25661003,1785599063,345132866855860806
25661008,1785599123,394820254061428503
25661012,1785599171,1634562479625021452
25661016,1785599219,1103159514286088372
25661020,1785599267,1720690080474532357
25661025,1785599327,2057197105045153365
25661041,1785599519,49308599993776951
25661418,1785604115,54862003936784966093
25661427,1785604223,144210194150619402
25661438,1785604355,36480020400593522
25661487,1785604955,39901943856486831
25661824,1785609023,748125000000000
25661913,1785610091,1334959302853859862
25662082,1785612131,1795500000000000000
25662704,1785619607,2793000000000000
25662717,1785619763,10673250000000000
25662890,1785621839,997500000000000
25663159,1785625067,1394001678365730000
25663172,1785625223,4763340112536583706
25663174,1785625247,49261682253210000
25663199,1785625547,49796130152232249
25663407,1785628055,478800000000000000
25663409,1785628079,35447350736678932
25664472,1785640859,2635395000000000000
25664574,1785642083,199500000000000000
25664873,1785645671,9723641285614534564
25665049,1785647795,35690874187500
25665096,1785648359,816852750000000000
25665371,1785651659,2799700784005125000
25665560,1785653939,19900125000000000
25665665,1785655199,2992500000000000
25665680,1785655379,2908190348979777
25665690,1785655511,2915227510182474
25665699,1785655619,12252663655691670
25665785,1785656663,1434035444225635119
25665854,1785657491,29526399685906981
25666123,1785660719,452910901301535775
25666764,1785668459,7007880433108585932
25666767,1785668495,5532381193216329165
25666771,1785668543,7730133130856037773
25666773,1785668567,9305130351099859605
25666775,1785668591,3206953529259875955
25666777,1785668615,7941821409051668828
25667041,1785671795,73576088807578805
25667120,1785672755,5486250000000000
25667197,1785673691,31366869740427374
25667913,1785682331,1743596344704970
25667930,1785682535,63145973796714614
25668174,1785685463,2285468347155000
25668207,1785685859,188353392137748023
25668411,1785688307,6195919329346304
25668537,1785689831,15960000000000000
25668595,1785690527,124687500000000000
25668732,1785692171,3546924342493018
25668943,1785694703,798000000000000
25669412,1785700331,100645166037021571
25669549,1785701987,3491250000000000
25669716,1785704003,20257378221893420843
25670114,1785708815,4887750000000000
25670168,1785709463,2117902199380877910
25670175,1785709547,2117360838836938432
25670290,1785710939,51870000000000000
25670320,1785711311,188112287632500000
25670437,1785712739,31589604572780718
25670588,1785714563,12500000000000000
25670759,1785716639,499688727935925911
25671067,1785720359,99499762623934116
25671156,1785721427,10000000000000000
25671213,1785722111,90000000000000000
25671259,1785722663,997500000000000000
25671315,1785723335,608475000000000000
25671321,1785723407,80000000000000000
25671647,1785727331,927675000000000000
25671655,1785727427,18653250000000000
25671671,1785727619,26712054208615428
25671856,1785729863,29718934907148996
25671862,1785729935,10268467123974545612
25672176,1785733703,18901207763249732
25672587,1785738659,5479560938084265848
25672603,1785738851,99750000000000000
25672607,1785738899,223524805142358563
25672745,1785740567,97942757669400000
25673181,1785745835,3209546102307803
25673184,1785745871,274627895123843
25673502,1785749687,6690467541507690
25673537,1785750107,444029594886865333
25673673,1785751739,196324030029925
25673694,1785751991,34117539924383286
25673745,1785752603,2122374798112696785
25673828,1785753599,25919612859379208
25673835,1785753683,69825000000000000
25673847,1785753827,3649973845913377
25673933,1785754859,1110995827332074145
25673976,1785755387,2450000000000000000
25673999,1785755663,1198928888535630
25674135,1785757295,25151610592007852
25674256,1785758747,1101771948033676041
25674309,1785759395,8265553375855504260
25674656,1785763559,500000000000000000
25674851,1785765899,6462370482750000
25674884,1785766295,6462370482750000
25674898,1785766463,6462370482750000
25674917,1785766691,6462370482750000
25675430,1785772871,2990954207875725000
25675623,1785775187,1396224233107605556
25675690,1785775991,5247602294819325000
25675746,1785776663,833453968485302
25676316,1785783539,41051768513280019
25676340,1785783827,1478557263261961
25676368,1785784163,200501253132832080
25676614,1785787115,1994805859505683641
25676626,1785787259,498750000000000000
25676638,1785787403,2094750000000000000
25676648,1785787523,1645875000000000000
25676811,1785789479,285298330854045262
25677186,1785793979,250930415758321425
25677216,1785794339,5005237744267318677
25677750,1785800771,30858351457290000
25678284,1785807191,354711000000000000
25678620,1785811259,4030150627351980556
25678848,1785814007,1883211393618359450
25679295,1785819395,538403270745694964817
25679792,1785825359,50125313283208020
25679798,1785825431,10600056137015017
25680274,1785831143,98737914168369000
25680323,1785831731,12720755509441789
25680332,1785831851,5778281138365050000
25680335,1785831887,559172302999025085
25680567,1785834683,27500000000000000000
25680578,1785834815,4838186413213755000
25680673,1785835955,2120898677816438805
25680753,1785836915,429000000000000000
25681451,1785845315,746528832781095000
25681545,1785846443,3142125000000000000
25681725,1785848603,17027051606059845000
25682080,1785852863,363889542911055000
25682292,1785855419,170000000000000000
25682370,1785856355,45280000000000000000
25682562,1785858659,3448137334667483415
25682685,1785860135,76000000000000000
25682715,1785860495,80000000000000000
25683018,1785864143,50125313283208020
25683398,1785868703,7698529416827148
25683658,1785871835,4010025062656641
25683869,1785874367,15337024903897755140
25683984,1785875747,2094477512384016
25684034,1785876347,10375536624810000
25684094,1785877067,44795734925655000
25684101,1785877151,3766742947118540
25684769,1785885239,1047375000000000
25684828,1785885947,2124675000000000000
25684831,1785885983,68822604477289
25685738,1785896879,20050125313283208020
25686822,1785909935,303521213803500004
25686830,1785910031,7170670993500000
25687098,1785913271,18704111644708403548
25687118,1785913511,1952439814958926227
25687144,1785913823,4613437500000000000
25687277,1785915431,69775085078064733
25687473,1785917807,19950000000000000000
25687499,1785918119,27837919578752115000
25687524,1785918419,1767328238823735000
25687538,1785918587,19950000000000000
25687553,1785918767,49202391858925983
25687695,1785920483,5012531328320802
25687835,1785922163,71617782911820649
25687896,1785922895,567980684099860
25688131,1785925727,11122125000000000000
25688207,1785926639,1051602022906529745
25688668,1785932207,145532051486325000
25688698,1785932567,6412295995476198
25688845,1785934331,245528339127315659
25689031,1785936563,30922500000000000
25689063,1785936947,64837500000000000
25689123,1785937679,4389000000000000000
25689401,1785941039,6295625577780000
25689409,1785941135,1320925631396809
25689481,1785942011,20000000000000000
25689563,1785942995,47641437417210000
25689632,1785943823,43224657555150755
25689705,1785944711,997500000000000000
25689746,1785945203,107786309928360000
25689794,1785945779,97799252547360000
25689869,1785946679,385035000000000000
25689940,1785947531,21152229138485760
25689942,1785947555,49875000000000000
25690129,1785949811,34912500000000000000
25690155,1785950135,136909988094098947
25690692,1785956591,22942560847500000
25690711,1785956819,11162392827985130914
25690848,1785958463,765961770692248184
25691091,1785961379,47229862331175486
25691146,1785962039,36208213672923868
25691538,1785966755,5000000000000000
25691657,1785968195,1253132832080200501
25691661,1785968243,123832102761478650
25691680,1785968471,54858267184454786
25691687,1785968555,345682036454691499
25691690,1785968591,300751879699248120
25692004,1785972371,207206291186999988
25692075,1785973223,105596622218102619
25692680,1785980507,2987468671679197994
25692976,1785984071,25471805060747761
25693728,1785993095,76190476190476190
25693883,1785994955,3491250000000000
25693981,1785996143,1837994996250000
25694184,1785998579,9667363852602577
25694224,1785999059,49875000000000000
25694408,1786001267,6694385792072267
25694793,1786005899,5304782306250000
25694831,1786006355,99461907772118850
25694957,1786007879,694060500000000000
25694996,1786008347,36068083127686995
25695020,1786008635,14464375644140711
25695167,1786010399,8461439891003437
25695643,1786016111,3990000000000000
25695815,1786018175,3816295566905999
25696321,1786024247,7126822969305124
25696394,1786025123,3890250000000000000
25696689,1786028663,787402309202565000
25696811,1786030127,21945000000000000000
25696817,1786030199,1250125313283208020
25697205,1786034867,5985000000000000
25697236,1786035251,14962500000000000000
25697312,1786036163,338439622599190884
25697316,1786036211,296113774332168299
25697463,1786037975,1486275000000000000
25697762,1786041575,612465000000000000
25697800,1786042031,1800563775788519732
25697947,1786043807,320004654396641113
25697953,1786043879,14000036745090067
25697960,1786043963,559997107766991
25697996,1786044407,3007518796992481
25698017,1786044659,2183169917871699
25698146,1786046219,9473684210526315789
25698153,1786046303,23995961922555000
25698300,1786048067,7263097183433842
25698405,1786049327,146534631683044472
25698414,1786049435,417381041041078
25698446,1786049819,280297500000000000
25698537,1786050911,60150375939849624
25698866,1786054859,353709852212326233
25698904,1786055315,104801812327416567
25698917,1786055471,13851371604414454
25699044,1786056995,14054746884031058
25699951,1786067903,4987500000000000
25700242,1786071407,299250000000000
25700835,1786078547,2539789498347943600
25701294,1786084079,14952850804709332
25701322,1786084415,60150375939849624
25701597,1786087739,13964729258510339331
25701851,1786090787,8586916710242802
25702094,1786093703,2626549728947889
25702223,1786095251,996680679443637353
25702270,1786095815,1995000000000
25702333,1786096571,84816602523135465944
25702511,1786098719,3591000000000000000
25702665,1786100579,4458310438864221023
25702695,1786100963,4058304855790188426
25702851,1786102847,7748305442310557787
25702888,1786103291,5787315874803911679
25702946,1786103987,997500000000000000
25702953,1786104071,4488750000000000
25703200,1786107035,2093752500000000000
25703245,1786107575,6184500000000000000
25703273,1786107911,19950000000000000
25703305,1786108295,550010287785964581
25703616,1786112039,218084681662419300
25703624,1786112135,2487867655642382715
25703693,1786112963,336648707487587031
25703837,1786114691,2957052406335555527
25703922,1786115723,7006185535430808592
25703984,1786116479,12045093495750000
25704027,1786116995,101019987825569437609
25704051,1786117283,10000000000000000
25704227,1786119431,3452660716087345601
25704305,1786120367,263809909124995391
25704392,1786121411,17208407888623766
25704412,1786121651,5142150800156047546
25704565,1786123511,496755000000000000
25704802,1786126355,1046085370941935485
25705024,1786129031,2244375000000000
25705280,1786132139,19950000000000000000
25705362,1786133123,4962406015037593984
25705633,1786136411,10274250010274250000
25705642,1786136519,501294891449989655
25705869,1786139243,443107769423558897
25705876,1786139327,4987500000000000
25706500,1786146827,76537244944566752467
25706541,1786147319,136055710955633422
25706676,1786148963,20050125313283208020
25706777,1786150187,11717394758285276
25706963,1786152419,2338556287941825000
25707241,1786155767,18947368421052631
25708128,1786166567,398516500422390000
25708202,1786167455,986774979750000000
25708284,1786168463,119700000000000000
25708549,1786171679,807975000000000000
25709090,1786178183,49810162500000003
25709284,1786180547,7235938225023263
25709515,1786183331,8050185475180201574
25709949,1786188563,36840791815224119389
25710175,1786191287,126824771690652086
25710201,1786191611,9975000000000000
25710299,1786192787,1197000000000000
25710437,1786194443,3083728105506967313
25710450,1786194599,1960087500000000000
25710677,1786197335,10025062656641604
25710965,1786200803,1193632019070960000
25711212,1786203779,32703187929128125674
25711279,1786204583,50948912821638845
25711337,1786205279,1187630529709833967
25711408,1786206131,12472338660418364
25711458,1786206731,2370355299900000
25712467,1786218887,100250626566416040
25712503,1786219319,29925000000000000
25712541,1786219775,138345864661654135
25712697,1786221647,3353964691602630000
25713007,1786225391,16040100250626566416
25713249,1786228307,420625532285779
25713294,1786228859,40565310367590
25713454,1786230779,19950000000000000
25713794,1786234859,1789357143288097
25715226,1786252067,5187000000000000000
25715282,1786252739,802005012531328320
25715292,1786252859,16217400735460333
25715294,1786252883,24602372781046247
25715665,1786257335,718200000000000000
25716339,1786265435,530142497310304799
25716463,1786266935,3694189977249151392
25716549,1786268003,172196194087306954
25716884,1786272035,5055520929803062
25716984,1786273247,5000000000000000
25717344,1786277567,519419885354659778
25717851,1786283663,12329993215438242
25717891,1786284143,2013685179900577
25718094,1786286591,2423925000000000000
25718207,1786287947,9513731710875000
25718310,1786289195,684940571610002326
25718366,1786289867,9975000000000000
25718733,1786294283,544193297465119227
25718811,1786295219,19864412807500250010
25719037,1786297931,179000901787905174
25719107,1786298771,9975000000000000
25719261,1786300631,3371365940042935757
25719298,1786301075,7980000000000000
25719727,1786306235,53894493313920000
25719857,1786307795,1284398627420700750
25720014,1786309727,997500000000000
25720366,1786313963,61392458115660888
25720390,1786314251,6982500000000000
25720471,1786315235,11340756000970510449
25720480,1786315343,1793894579527793
25720488,1786315439,8469772500000000000
25720501,1786315595,7795358030517115
25720505,1786315643,11750475113268616036
25720673,1786317659,65552170628109536
25721145,1786323359,117680014779401028245
25721264,1786324799,99750000000000000
25721344,1786325759,10422725781491930821
25721349,1786325819,31801263034654272
25721703,1786330079,99750000000000000
25722101,1786334855,25228128598403106
25722159,1786335551,99750000000000000
25722187,1786335887,9829879739485764258
25722572,1786340531,1000000000000000
25722595,1786340807,99750000000000000
25722661,1786341599,1000000000000000
25722949,1786345067,996203250000000
25723078,1786346627,1494304875000000
25723086,1786346723,23939402441650539065
25723401,1786350515,5688586868675445000
25723416,1786350695,12227966962433974
25723491,1786351595,1249735117038870000
25723559,1786352423,33723452107419358161
25723652,1786353551,50927823883792472
25723653,1786353563,1534012736325967346
25723657,1786353611,104356561793839862
25723663,1786353683,18632027596694281
25723668,1786353743,47211597368260881
25723834,1786355735,3008106647652542742
25723912,1786356671,1546324727239511
25724069,1786358555,211062129826768726
25724083,1786358723,99536621945930400
25724213,1786360307,2897612501384394802
25724327,1786361675,96757500000000000
25724467,1786363355,4223742523275830
25724505,1786363811,5000000000000000000
25724589,1786364831,10397629007179371
25724600,1786364963,499141971076258280
25724846,1786367927,1690706169396688920
25724865,1786368155,2493750000000000000
25724913,1786368731,2040885000000000000
25724918,1786368791,11416750383688447
25725050,1786370375,53773951645365000
25725087,1786370819,1311000000000000000
25725305,1786373459,5162091212354897783
25725348,1786373975,995933208349068486
25725432,1786374983,21385312521430935
25725629,1786377359,2000000000000000
25725635,1786377431,50847610259108328725
25725837,1786379855,722049019763934781
25725842,1786379915,2991806526055957346
25725931,1786380983,8637460466509065
25725945,1786381151,1496397472085521
25725987,1786381655,7771912041705104
25726570,1786388663,203775669486295819
25726604,1786389071,2791808974212484
25726658,1786389719,1496250000000000
25726779,1786391183,5224905000000000000
25726811,1786391567,12687927907831750
25726844,1786391975,11255256710486
25726850,1786392047,1143911910453499
25726920,1786392887,1006560907813860000
25727048,1786394435,74715243749999999
25727069,1786394687,1635750154926060088
25727204,1786396319,39900000000000000
25727210,1786396391,2735891737680840109
25727279,1786397219,41009406822816153
25727337,1786397927,30069219143799598
25727372,1786398347,664405958475210000
25727376,1786398395,123782959971256410
25727954,1786405367,63761217937726800457
25728128,1786407467,20000000000000000
25728381,1786410539,428545853559543405
25728647,1786413791,16040100250626566
25729202,1786420475,114931991739026382
25729205,1786420511,3208020050125313283
25729265,1786421231,578550000000000000
25729410,1786422983,44782324697250000
25729512,1786424207,184297601250000000
25729669,1786426103,16827849822680934083
25729754,1786427123,1568661472478835000
25729770,1786427315,13469935231063787016
25729840,1786428155,5546577481212532
25730283,1786433507,19859815838096679375
25730366,1786434515,19864023142944001875
25730372,1786434587,4409207831767902015
25730385,1786434743,996805476193170000
25730388,1786434779,616488386260370053
25730492,1786436039,6316086398413862805
25730741,1786439027,1993804704940611317
25730895,1786440899,21945000000000000
25730954,1786441631,86063572216870760
25731126,1786443695,126019711125000001
25731272,1786445459,405879757912508245
25731305,1786445855,370397460993420000
25731320,1786446035,20275545929819301
25731333,1786446191,337731931314085230
25731375,1786446707,300220259141667601
25731386,1786446839,296688774740925000
25731418,1786447223,50000000000000000
25731445,1786447559,287946990607859205
25731455,1786447679,10824771659110816943
25731458,1786447715,3414179982373327965
25731461,1786447751,2335316037258054507
25731465,1786447799,10970538942803227725
25731474,1786447907,1954967110121563440
25731532,1786448615,152520448246971120
25731686,1786450463,5485252500000000000
25731718,1786450847,50125313283208020
25731828,1786452179,5062427737037198
25731919,1786453271,244084878510426675
25731972,1786453907,8079541381602796
25731977,1786453967,9931918462155260
25732067,1786455059,55501405851057039258
25732086,1786455287,220000000000000000
25732210,1786456775,17664159280036185000
25732213,1786456811,10898656909531883392
25732383,1786458863,23123528005725000
25732383,1786458863,10972500000000000
25732679,1786462475,186360793419539569
25732683,1786462523,1608815443114636570
25732777,1786463651,771370404760620715
25732815,1786464107,100713224044602477838
25732983,1786466123,412077183430054956
25733059,1786467047,71759742926856584165
25733643,1786474079,2067848078288698
25733659,1786474271,26120189300420985000
25733694,1786474691,8921155453086990205
25733793,1786475879,3961703102793728213
25733992,1786478267,10438677027441021
25734188,1786480619,1661268004815525
25734506,1786484459,8021703155755738
25734584,1786485395,4987500000000000
25734870,1786488827,1506971349812654
25734956,1786489859,1363797974432075
25735041,1786490891,58401959458162320000
25735252,1786493423,28572889098850464573
25735300,1786493999,18268655809555106
25735423,1786495475,48299136347408690893
25735616,1786497815,100737525000000000000
25735674,1786498511,161595000000000000
25735690,1786498703,4975031250000000
25735708,1786498919,9158454460821390
25735763,1786499579,49875000000000000
25735913,1786501415,631578947368421052
25736030,1786502819,257355000000000000000
25736083,1786503455,68129250000000000000
25736155,1786504331,19950000000000000
25736182,1786504655,7001778253763819
25736252,1786505507,6469242332070000
25736439,1786507799,15776027447906460000
25736468,1786508195,55840050000000000000
25736485,1786508399,24947475000000000000
25736503,1786508615,62842500000000000
25736535,1786508999,30000000000000000
25737388,1786519307,9382658049957236
25737566,1786521455,7790049533763091
25737627,1786522187,586716401130467202
25737671,1786522715,1171649368345098
25737897,1786525439,996633622611907865
25738052,1786527299,9975000000000000
25738057,1786527359,8402291359149036
25738061,1786527407,3032400000000000000
25738132,1786528259,10533454305671085093
25738133,1786528271,9974445837753810000
25738148,1786528451,369075000000000000
25738571,1786533527,4981016250000000
25738583,1786533671,204487500000000000
25738608,1786533971,12734949992274644325
25738659,1786534583,996980025605970000
25738695,1786535015,388056032988750020
25738731,1786535459,25036297236181714
25738819,1786536515,9700687500000000000
25738856,1786536959,141903859462653431
25738929,1786537847,1256850000000000000
25738945,1786538039,498326864787024279
25738960,1786538219,26630121926257402013
25738995,1786538639,48877500000000000000
25739002,1786538723,50620396298330345149
25739129,1786540247,139692153188356594980
25739340,1786542779,12966416008039830000
25739344,1786542827,13323679165837145084
25739439,1786543979,1483709273182957393
25739449,1786544099,229241565714938280
25739589,1786545791,2094750000000000000
25739702,1786547159,710870067403803613
25739795,1786548275,129974250000000000000
25739803,1786548371,1754602500000000000
25739813,1786548491,58852500000000000
25739887,1786549379,128540547849580062
25740104,1786551995,236090225563909774
25740122,1786552223,55137844611528822
25740170,1786552799,1710855934571498
25740186,1786552991,514096901896920178
25740377,1786555295,820000000000000000
25740430,1786555931,10296767563982839726
25740431,1786555943,10223133024340950000
25740774,1786560071,4279877569051875
25740904,1786561631,2003707351509885000
25741045,1786563335,997500000000000
25741090,1786563875,67368122795313165000
25741090,1786563875,512011871025875800
25741166,1786564787,997500000000000
25741170,1786564835,997500000000000
25741180,1786564955,1995000000000000
25741182,1786564979,1605975000000000000
25741454,1786568243,4210526315789473684
25741572,1786569659,2992500000000000
25741585,1786569815,17082656571618922740
25741750,1786571795,53170742219904863
25741841,1786572887,1007475000000000000
25742009,1786574903,1496250000000000000
25742059,1786575503,3514192500000000000
25742334,1786578815,498750000000000
25742870,1786585247,9160052973301796
25743141,1786588499,997074208597639138
25743290,1786590299,297166543206743185
25743469,1786592447,15270516444527038036
25743708,1786595327,4242574780974418602
25743717,1786595447,282381662955914
25743880,1786597427,498750000000000
25744215,1786601471,7481250000000000000
25744367,1786603295,613884711779448621
25744408,1786603787,100000000000000000
25744824,1786608791,28442281747409273048
25744836,1786608935,49875000000000000
25744838,1786608959,6184500000000000000
25745102,1786612127,409363789801044437
25745138,1786612559,3000000000000000000
25745345,1786615055,1956097500000000000
25745442,1786616219,2400000000000000
25745559,1786617623,99251250000000000
25745940,1786622207,9917341689566777
25745963,1786622483,442448201737508708
25745973,1786622603,10971518648312040000
25745975,1786622627,10277108737436498301
25745999,1786622915,2645598858274606
25746161,1786624871,134493578981261946
25746410,1786627859,4987500000000000
25746427,1786628063,270658668594509304
25746727,1786631663,252132981586306
25746743,1786631855,544024434426084
25746883,1786633535,748125000000000
25746995,1786634879,11969013242929365000
25746996,1786634891,11969019439367445000
25746998,1786634915,11986374847759482653
25747050,1786635539,1054792779673409
25747161,1786636871,3238254075000000
25747242,1786637843,1370000000000000000
25747357,1786639235,5181887078122132926
25748080,1786647911,28927500000000000
25748231,1786649747,184644638046452074
25748246,1786649927,3130514243034691
25748413,1786651931,63447899978163723
25748431,1786652147,37017137915777685522
25748533,1786653371,505327306327225882
25748582,1786653959,812275406024202714
25748593,1786654091,976467226677871901
25748640,1786654655,135189197791254108
25749014,1786659155,90154545710339944
25749504,1786665047,2197187865738968
25749602,1786666223,4770987958461861715
25749871,1786669463,10906506840079152777
25749932,1786670219,354546980676000000
25750049,1786671647,262992095757874613
25751067,1786683899,105666282524249999
25751075,1786683995,2404312817276876
25751275,1786686407,11392656221475674053
25751338,1786687163,196222865016862644
25751420,1786688147,113684980259935258
25751530,1786689479,1994508007210635000
25751581,1786690091,30624993410944107
25751595,1786690271,113521386426932
25751902,1786693991,6619156177501144441
25751959,1786694687,8676231777519631281
25751971,1786694831,17604282839658795000
25752553,1786701815,525012946722975533
25753059,1786707887,9512455442565930
25753783,1786716623,26537805845951445
25753790,1786716707,143050756710535429
25754008,1786719335,21330703989000000
25754106,1786720511,7980000000000000
25754169,1786721267,4394206982488884421
25754255,1786722299,523562342412543053
25754845,1786729391,19940025000000000000
25754967,1786730867,5611873085346570000
25754967,1786730867,901557375980845
25755281,1786734647,1061672961245413125
25755495,1786737239,4988020632031878
25755909,1786742219,5183495144250394
25755923,1786742387,9333811761766933
25756205,1786745783,1262832861583440000
25756442,1786748639,797504102850000000
25756545,1786749887,997500000000000000
25756986,1786755203,2380324275000000
25757037,1786755815,1506087907863403
25757637,1786763063,189525000000000000
25758568,1786774235,1412695165798371515
25758595,1786774559,9552435799855479
25758746,1786776371,830000000000000000
25758863,1786777775,7418546365914786967
25759170,1786781471,997001250000000000
25759327,1786783367,10572984739272270000
25759406,1786784315,9391242654432237
25759627,1786787003,4987500000000000
25759782,1786788863,99251250000000000
25760076,1786792463,9974930410308136990
25760110,1786792871,5549513255379960082
25760414,1786796519,5012531328320802
25760454,1786796999,1632881769649095000
25760633,1786799159,5470494424602871
25760963,1786803131,1811663419807831
25760974,1786803275,2234237162494216
25760997,1786803551,2197744825338333
25761000,1786803587,2382792988491937
25761080,1786804547,9975000000000000
25761253,1786806635,307566038301390312
25761503,1786809635,1204111750416661
25761609,1786810907,498750000000000000
25761610,1786810931,2464606840500000199
25761713,1786812179,101704727982605608
25761967,1786815227,190976469416699476
25762122,1786817087,2459500412477893395
25762149,1786817423,3107769423558897243
25762262,1786818779,1129957486350000
25762443,1786820975,20811054973548840
25762597,1786822835,25893006111101878
25762841,1786825775,9924795217881600000
25762899,1786826471,9924079051239465000
25762963,1786827251,99345437529814035000
25763009,1786827803,99441878184275130000
25763058,1786828391,99326946403876065000
25763134,1786829303,3781028416055553219
25763146,1786829459,3967212670934711111
25763858,1786838051,108572501532119998
25763865,1786838135,7000000000000000
25764126,1786841267,502241250000000000
25764475,1786845455,4711779448621553884
25764701,1786848191,8797861786445793
25765220,1786854431,512900000000000000
25765299,1786855391,200000000000000000
25765404,1786856651,10560843345357623166
25765791,1786861307,10526315789473684210
25765963,1786863395,20932681443988125000
25766092,1786864943,423038074187330354
25766163,1786865795,2992500000000000000
25766214,1786866407,7387000000000000000
25766286,1786867271,491813517551688614
25766331,1786867811,394012817492485321
25766417,1786868843,498374374206030000
25766435,1786869059,368329200000259531
25766485,1786869659,91241220066990000
25766574,1786870727,131033739662707160
25766838,1786873895,2194500000000000000
25766855,1786874099,1992406500000000
25766956,1786875311,498750000000000000
25766988,1786875695,9650619897767413
25766998,1786875815,747760905356337
25767216,1786878431,140620565429421323
25767221,1786878491,49483106680063214
25767237,1786878683,997500000000000000
25767686,1786884095,2727604498500000
25767739,1786884731,2546230044916994274
25767796,1786885415,2069720610300000000
25767847,1786886027,19561388172358305000
25767996,1786887815,2321515844663084769
25768225,1786890563,49875000000000000
25768354,1786892111,24027839655845955
25768371,1786892315,6470249551508283174
25768774,1786897151,2045293152687477
25769026,1786900175,991518325999810875
25769131,1786901435,25000000000000000
25769187,1786902107,34369012125000003
25769209,1786902371,700000000000000
25769558,1786906583,1573154058188148
25769623,1786907363,4286786345031855000
25769922,1786910951,3337635000000000000
25770299,1786915475,1954887218045112781
25770449,1786917275,485018552391965
25770538,1786918343,118235462640530
25771365,1786928315,99482188355130000
25771521,1786930199,1050000000000000000
25771654,1786931807,3900000000000000000
25771667,1786931963,3961413156698558788
25771819,1786933787,9925269852886185000
25771838,1786934015,9925731626921775000
25771858,1786934255,9922570911256920000
25771903,1786934795,6983972130734825290
25771910,1786934879,9924187651342755000
25771927,1786935083,6962811949551532675
25771945,1786935299,9925846856920785000
25771948,1786935335,9934703217921300000
25771973,1786935635,6402830068898081606
25771993,1786935875,5814131995822548578
25772016,1786936163,5417780501467687499
25772039,1786936439,1480358029499999990
25772043,1786936487,5168495294848907107
25772064,1786936739,5018581280120739448
25772110,1786937291,99412530973902825000
25772134,1786937579,7999206437911766563
25772159,1786937879,5243107769423558897
25772482,1786941779,9975000000000
25772553,1786942631,13963917100260889
25772781,1786945391,48636269134281547
25772982,1786947815,6743522661397604305
25773104,1786949279,759972704598921
25773236,1786950863,98376190782947228
25773572,1786954895,9800000000000000
25773589,1786955099,9789860483712435
25773656,1786955903,7000000000000000
25773714,1786956599,99251250000000000
25773754,1786957079,5268550449116621
25774026,1786960355,9693402156316725000
25774059,1786960751,9975000000000
25774078,1786960979,537213918871580
25774128,1786961579,52551627285166765
25774137,1786961687,551758638138703174
25774218,1786962671,9974501250000000000
25774627,1786967579,2860820997522607
25774636,1786967687,1650020708034096
25774641,1786967747,3911008496295135
25774643,1786967771,440664856467987
25774681,1786968227,801891227026869
25774725,1786968755,4927845346870966
25774739,1786968923,1011704319733737
25774748,1786969031,62221765259852303
25774752,1786969091,1594621799488800
25774777,1786969391,2306444880773838
25774783,1786969463,2347283068855296
25774787,1786969511,8220107765587413
25774791,1786969559,8546556597000294
25774839,1786970135,63141616560769967682
25774979,1786971839,90225563909774436
25775175,1786974191,1007598146799405000
25775229,1786974839,68559630819330000
25775268,1786975307,69515775000000000000
25775286,1786975523,99750000000000000
25775466,1786977683,4987500000000000
25775503,1786978139,1295059192995540000
25775615,1786979483,206482500000000000
25775725,1786980803,937650000000000000
25775887,1786982759,2700833036970116
25775897,1786982879,622756985215798
25775992,1786984019,88563804871524672
25776043,1786984643,10719806813424940
25776045,1786984667,31022250000000000000
25776290,1786987607,1450351732673482
25776356,1786988399,420501490072482287
25776567,1786990943,31077694235588972431
25776746,1786993103,9566253837262143
25776747,1786993115,186703480675304
25777212,1786998743,51786157969694824
25777391,1787000891,696603568997618722
25777457,1787001683,4146707250000000000
25778063,1787008955,432125619670809073
25778496,1787014151,199144564968615000
25778596,1787015363,4864656967786947066
25778855,1787018495,10935592500000000000
25779001,1787020247,1002506265664160401
25779022,1787020499,350877192982456140
25779118,1787021663,487071454203983927
25779259,1787023355,9933049638958427625
25779380,1787024807,4306614361409133063
25779512,1787026391,5714285714285714285
25779982,1787032067,99251250000000000
25780069,1787033111,22033892613195750000
25780197,1787034659,838000000000000000
25780403,1787037155,2044875000000000000
25780431,1787037491,32817750000000000
25780499,1787038307,283290000000000000
25780538,1787038775,152118750000000000
25780578,1787039255,105735000000000000
25780735,1787041163,6000000000000000
25780815,1787042123,43823286235636684
25780824,1787042231,50270031071742171
25781017,1787044547,282093000000000000
25781090,1787045423,11638631642732010000
25781291,1787047835,99251250000000000
25781404,1787049191,1095698001162049145
25781592,1787051507,1069202310788651142
25781593,1787051519,323246197435426
25781598,1787051579,160419897321294
25781677,1787052539,3447753338465071056
25781686,1787052647,249623994765833835000
25781801,1787054027,4696768051500000
25781946,1787055767,1092926815251194453
25781968,1787056043,398295420866490000
25782035,1787056847,199500000000000000
25782066,1787057219,17954084622098205000
25782326,1787060339,275455330285695000
25782391,1787061119,822062186557541190
25782661,1787064359,78470900824499147
25782665,1787064419,53202566431780721
25782666,1787064431,94397532593424733
25782668,1787064455,85036187744045121
25782671,1787064491,41810780839868313
25782709,1787064947,41874686716791979949
25782796,1787066003,3494211211039459790
25783004,1787068511,9975000000000000
25783009,1787068571,49875000000000000
25783446,1787073827,682419158452904250
25783801,1787078099,676831435453914636
25783889,1787079155,193065640618672
25783938,1787079743,8932015530602698
25784317,1787084303,5178614805371385000
25784337,1787084543,1812427037742218
25784348,1787084675,85122540966362
25784416,1787085491,139883040089445065
25784553,1787087135,3773275168553625000
25784561,1787087231,2143498364930790000
25784617,1787087903,1995000000000000000
25784746,1787089451,317412118346552
25784759,1787089607,36588272690709
25784761,1787089631,2960947600199632523
25784769,1787089727,57534007560873
25784798,1787090087,590628741114899445
25784832,1787090495,353869697118826245
25784876,1787091023,291991315337494605
25784901,1787091323,280302269231652007
25784933,1787091707,1226396880547650000
25785010,1787092631,264195652087551004
25785250,1787095511,698885483890040080
25785415,1787097491,180848833964119083
25785477,1787098235,4683144958698010
25785967,1787104127,13709137504294403325
25786429,1787109671,348127500000000000
25786728,1787113271,5614035087719298245
25786797,1787114111,5219637597097911476
25786831,1787114519,997804737323143378
25787089,1787117627,312309718875000001
25787217,1787119163,99251250000000000
25787637,1787124215,188631318309845468
25787747,1787125535,3450279611387297302
25787952,1787128007,458105259265313
25787958,1787128079,588009062215401
25788174,1787130683,93898450009227134
25788386,1787133239,46138382715689563
25788461,1787134139,445456211345268595
25788675,1787136707,4089750000000000000
25788679,1787136755,625615641000000
25788697,1787136971,41419364839410843
25788959,1787140139,19950000000000000
25788979,1787140379,53794975500000000
25789209,1787143151,3798319526995025307
25789423,1787145743,3401475000000000000
25789517,1787146871,99750000000000000
25789549,1787147255,7440641729075763
25789558,1787147363,4987500000000000
25789617,1787148071,1362334786184317
25790405,1787157551,69825000000000000
25790470,1787158331,963997644860092950
25790601,1787159927,46533659056987551
25790818,1787162543,6769027518750000000
25790995,1787164667,17382435000000000000
25791268,1787167979,118193241834255000
25791272,1787168039,17767296678390000
25791416,1787169767,284047275950026768
25791695,1787173127,6691843041322227295
25792264,1787179955,54162032144445026
25792390,1787181467,16089675000000000000
25792946,1787188151,4089750000000000000
25793182,1787190983,45333215132467503
25793206,1787191271,225539334486060000
25793283,1787192195,90935016986833495
25793289,1787192267,1396341836627097
25793342,1787192903,34243669861851414312
25793916,1787199803,542500679780126522
25794039,1787201279,5785500000000000000
25794205,1787203283,2114303813685202
25794285,1787204243,19760640882755184083
25794321,1787204675,9929846926668721500
25794331,1787204795,1939926534076962777
25794398,1787205611,233722961083302704
25794622,1787208311,74050020084413048
25794747,1787209811,128336295497672082
25794929,1787212019,9975000000000000
25795087,1787213915,506730000000000000
25795274,1787216159,6867167919799498746
25795311,1787216603,97272764248090523
25795361,1787217215,14962500000000000000
25795591,1787219975,4536160028209516
25795657,1787220791,1002506265664160401
25795734,1787221715,3123706074091663
25795778,1787222243,16368360528107046
25796231,1787227727,5886982457058351676
25796253,1787227991,300000000000000000
25796314,1787228723,103267382325684093
25796360,1787229275,34413750000000000
25796384,1787229563,239446790530500000
25796402,1787229779,2065743797250000
25796764,1787234135,11535285557664555
25796834,1787234975,1542866175742671000
25796845,1787235107,9975000000000000
25796901,1787235779,19219749302250001
25797712,1787245523,1271812500000000000
25797745,1787245919,238430424203546228
25798399,1787253791,150310015032177507
25798399,1787253791,9964315806485086
25798429,1787254151,263391274220372724
25798528,1787255339,8965829250000000
25798734,1787257823,347593723409804731
25798961,1787260559,99750000000000000
25799214,1787263595,2362763039913378
25799602,1787268263,12499672500000000000
25799603,1787268275,74664793409955000
25799642,1787268743,9462987699958298
25799653,1787268875,988456467293402
25799789,1787270519,9677275950145878
25799982,1787272835,544731137156362667
25799990,1787272931,4987500000000000
25800047,1787273615,10366967607144821
25800064,1787273819,9975000000000000
25800199,1787275439,99750000000000000
25800207,1787275535,75385817158697606
25800227,1787275775,997500000000000000
25800599,1787280263,3313749611570810078
25800623,1787280551,3296064402613722190
25800648,1787280863,3353008084923773766
25800665,1787281067,1792545192045696246
25800716,1787281679,2220326861567455435
25800790,1787282579,972490501800152100
25800856,1787283383,173928253670428011
25801155,1787286983,76000832755636656
25801189,1787287391,311811617250000
25801430,1787290283,162712437917715000
25801663,1787293091,2364075000000000000
25801721,1787293787,851200140448052907
25801737,1787293979,49810162500000003
25801790,1787294615,207964655194891270
25801825,1787295035,179092119460106540
25801892,1787295839,18765878935599975
25802044,1787297675,997500000000000000
25802156,1787299019,638400000000000000
25802163,1787299103,3982618250625000
25802369,1787301587,40863549330690819
25802392,1787301863,15541050149625000000
25802448,1787302535,5985000000000000
25802579,1787304119,9680060858986223
25802598,1787304347,1515202500000000000
25802600,1787304371,391441848753421178
25802620,1787304611,6575685442376008
25802623,1787304647,399784224699378181
25802626,1787304683,4063142366048923253
25802629,1787304719,78411542540696132
25802677,1787305295,61233182813240572
25802798,1787306759,407995679903100583829
25802816,1787306975,8099209748086278318
25802983,1787308979,992677908937260000
25803235,1787312003,4849292580316321410
25803249,1787312171,5316093834614657982
25803276,1787312495,1973080813354944327
25803278,1787312519,9967440899978017050
25803283,1787312579,3774246397805916953
25803286,1787312615,3622493082881023733
25803353,1787313419,52289641532120105444
25803982,1787321003,588824707746765000
25804185,1787323439,262644354586555321
25804417,1787326223,39900000000000000
25804452,1787326643,82792500000000000
25804512,1787327363,848872500000000000
25804552,1787327843,8247600385978407
25804653,1787329055,647108726118750014
25804792,1787330723,408925125000000000000
25804809,1787330927,9399618813512138938
25804838,1787331275,27181875000000000000
25804847,1787331395,170073750000000000000
25805027,1787333555,3163470340716677809
25805085,1787334251,43055956558037927281
25805385,1787337851,149625000000000000000
25805482,1787339027,27577813358913522
25805565,1787340035,1443210128315365756
25805654,1787341103,250863771174381679
25806261,1787348411,122522497178704557
25806284,1787348687,1516647378750000000
25806423,1787350355,72443531831415006
25806867,1787355707,12006206572326162
25807085,1787358323,448875000000000
25807124,1787358791,13372485000000000000
25807130,1787358863,1795500000000000000
25807253,1787360339,13573146821477157342
25807594,1787364503,8092556911211316859
25807654,1787365223,34686974925517138
25808119,1787370803,16764053676063370
25808331,1787373359,39705768642453272625
25808433,1787374595,14867175440376735000
25808704,1787377859,997500000000000000
25808733,1787378207,13056441889871251
25808811,1787379143,9975000000000000
25808921,1787380463,83898284413115445000
25808960,1787380931,1732157728941118228
25809000,1787381411,72897146020185104
25809029,1787381771,27455052193532673301
25809285,1787384843,11050741440586964
25809293,1787384939,48244108571195588
25809295,1787384963,23940000000000000
25809306,1787385095,4987500000000000
25809414,1787386391,498750000000000000
25809658,1787389331,98750350498542138900
25809748,1787390411,164610197116708244
25809867,1787391851,6551409826228736
25809872,1787391911,7869662849769925
25809875,1787391947,2072676423757319
25809878,1787391983,2077765755527996
25809882,1787392031,5543684312577630
25809884,1787392055,1169686031948754
25809888,1787392103,1009958094422223
25809949,1787392835,2005012531328320
25809952,1787392871,2433900000000000000
25810007,1787393531,3030450286499999817
25810094,1787394575,2457633417750000082
25810099,1787394635,831465472361217001
25810249,1787396435,213365250000000000
25810814,1787403239,3000000000000000
25811191,1787407787,99064576664510394
25811271,1787408759,329524125000000000
25811478,1787411255,23619240442117251
25811628,1787413067,2406015037593984962
25811642,1787413235,3386528501934208665
25811651,1787413343,2078375104461140614
25811703,1787413967,86708453108965853316
25811740,1787414411,10284225000000000000
25811848,1787415707,1966849714889454579
25811921,1787416583,59344590428581429307
25811953,1787416979,121407498071377464
25812711,1787426087,564005211105000000
25812764,1787426735,9975000000000000
25812997,1787429531,10283100000000000000
25813003,1787429603,1444779254129447340
25813024,1787429855,33455872217651984
25813171,1787431679,2081224113630226
25813172,1787431691,822128661207032621
25813231,1787432399,9975000000000000
25813298,1787433239,5012531328320802005
25813446,1787435015,60150375939849624
25813454,1787435111,80200501253132832
25813459,1787435171,408975000000000
25813597,1787436827,32917500000000000
25813941,1787440979,264964877821978
25813966,1787441279,1437280263825000
25814124,1787443175,3039970361649049
25814171,1787443739,2923672500000000000
25814269,1787444915,6938783766116221996
25814746,1787450639,210473849123676150
25814804,1787451347,139650000000000000
25814845,1787451839,2399853629249999810
25814893,1787452415,84294427630425935
25814913,1787452655,698011609435842922
25814944,1787453027,3755686252500000018
25815217,1787456315,27851574661520976239
25815585,1787460767,810959255662500051
25815720,1787462387,49875000000000000
25815836,1787463791,6716791979949874686
25816110,1787467079,4470018425898332709
25816806,1787475455,5012531328320802005
25816881,1787476355,12494468741849078250
25816903,1787476619,14201826448606885715
25816957,1787477267,33405382965390713
25816993,1787477699,131669476819987978305
25817019,1787478011,2437709352750000064
25817023,1787478059,28660791737078694
25817047,1787478347,26629013336767021
25817058,1787478479,18544275045454158
25817061,1787478515,52834350887095472
25817152,1787479607,2094128467326000000
25817178,1787479919,722603830431000000
25817294,1787481323,205240654519032459
25817377,1787482331,619013296421123793
25817636,1787485439,9974905056295147500
25817778,1787487155,80797500000000000
25818025,1787490119,997500000000000
25818480,1787495603,5542810219370545729
25818489,1787495711,532641481656519366
25819010,1787501975,3135553757706002636
25819023,1787502131,13747321888714155000
25819032,1787502251,146835489707272227
25819118,1787503283,16447437027315000
25819119,1787503295,269444762653676176
25819254,1787504915,48224447328473125
25819350,1787506067,74961257521392502
25819469,1787507495,141645000000000000
25819525,1787508167,816209200891756248
25819735,1787510687,7980000000000000000
25820002,1787513915,30075187969924812
25820010,1787514011,254978369639771025
25820014,1787514059,1664369461919191257
25820175,1787516015,2990314798012710000
25820335,1787517947,39032578116762269
25820355,1787518187,233814830718000
25820361,1787518259,364192212506022
25820370,1787518367,578390429925000
25820394,1787518655,611268282863070000
25820495,1787519879,184594465935964
25820536,1787520371,3433122885838555370
25820536,1787520371,498101625000000
25820550,1787520539,26150405916935410
25820665,1787521919,159850055116001
25820898,1787524715,611225273583715507
25820940,1787525219,1500000000000000000
25821059,1787526647,9400689760035000
25821307,1787529623,76155680811757899
25821418,1787530967,4955908179103232016
25821867,1787536367,2957393483709273182
25822010,1787538095,6595038816637053
25822043,1787538491,3528946901769875
25822190,1787540267,80826659434605403
25822263,1787541143,8092995606933665
25822315,1787541767,1720760104769498
25822363,1787542343,10157959440097888
25822372,1787542451,1256850000000000000
25822542,1787544503,4621553884711779448
25822993,1787549939,149625000000000000
25823019,1787550251,49875000000000000
25823121,1787551475,1089846355500000083
25823253,1787553059,1448925486388492748
25823281,1787553395,997001250000000000
25823312,1787553767,4972537500000000000
25823361,1787554355,29886962423215
25823370,1787554463,37484513943746
25823376,1787554535,167335340998297
25823409,1787554943,10273751250000000000
25823461,1787555567,10273751250000000000
25823796,1787559587,997500000000000000
25823822,1787559899,50806365749999999
25823967,1787561639,1481354232750000
25824146,1787563799,2020881911135739789
25824172,1787564111,58613100000000000
25824177,1787564171,119569700856352793
25824179,1787564195,197248243500000009
25824325,1787565947,14559510498750000213
25824394,1787566775,1995000000000000000
25824466,1787567639,198740931820644710
25824757,1787571155,1795500000000000000
25824790,1787571551,13532424947999999633
25824851,1787572283,18142556137045198
25824959,1787573579,94264719304096847
25825073,1787574947,191719712425725897
25825183,1787576267,996209018442750000
25825187,1787576315,996104415689040000
25825208,1787576567,996203892254340000
25825290,1787577551,10645187612015757255
25825552,1787580695,3298545486188083160
25825890,1787584751,1066920351727724345
25825921,1787585123,4233365710875000277
25825962,1787585615,1048736725715207857
25825981,1787585843,93017295731683232
25826266,1787589263,7163339841942843195
25826663,1787594039,813082246367429736
25826827,1787596019,8755451406070967
25826861,1787596427,2992500000000000000
25827073,1787598983,453910802913517273
25827127,1787599631,1746883362754189958
25827350,1787602319,27152171547717272
25827389,1787602787,13001967484408331
25827393,1787602835,1827556272384476
25827577,1787605043,989989540892181128
25827753,1787607191,15724487351265000
25827784,1787607575,9975000000000000000
25828250,1787613179,198280461955110045
25828309,1787613899,352638984112802
25829285,1787625671,477336006024756387
25829856,1787632523,4534634002500000000
25829874,1787632739,635895524983448914
25829955,1787633711,23142000000000000000
25830228,1787636987,79800000000000000
25830294,1787637791,13818408540711054053
25830337,1787638307,496705283544645000
25830402,1787639087,1466534949507822
25830629,1787641847,792905923244634248
25830841,1787644391,396344271051680755
25830854,1787644547,5427136271639156
25830854,1787644547,7160169985633831
25831137,1787647955,14827864082219271
25831164,1787648279,186229182699533925
25831205,1787648771,29920562565359063535
25831280,1787649683,5591725966434623
25831368,1787650739,976218115811610000
25831493,1787652239,9975000000000000
25831603,1787653559,4912280701754385964
25831770,1787655563,4987500000000000
25831787,1787655779,1397471943957112061
25831957,1787657819,9975000000000000
25832485,1787664167,243110406627336634
25832704,1787666795,27466250845112217
25832710,1787666867,997500000000000000
25833097,1787671583,4446829232938316
25833200,1787672819,36658125000000000000
25833285,1787673851,404868739574890390
25833705,1787678927,1009486072329182862
25833879,1787681015,149072754007421191
25833905,1787681327,51914688965509920
25834052,1787683091,162211228325553222
25834079,1787683415,427805888521229907
25834087,1787683511,153451740130355865
25834497,1787688443,15258446107623342129
25834504,1787688527,153945507955529743
25834671,1787690531,809072554278331
25834698,1787690855,9975000000000000
25834717,1787691083,409532612248321
25834736,1787691311,177445398202055
25834748,1787691455,74730600802879
25834748,1787691455,996203250000000000
25834991,1787694371,257341631870848171919
25835256,1787697563,183821168637570818
25835444,1787699819,20947500000000000000
25835522,1787700767,35087719298245614
25835756,1787703599,748125000000000000
25836028,1787706863,4680162868500000
25836040,1787707007,20568450000000000000
25836295,1787710079,129675000000000000
25836713,1787715107,5211295286566489
25836821,1787716403,20887267643109945000
25837215,1787721155,73803066796237463
25837448,1787723951,6800783215497227
25838012,1787730743,1331152026810516
25838051,1787731211,1443609022556390977
25838129,1787732159,244863242165346048
25838155,1787732483,211451546181897
25838163,1787732579,15847493298928
25838355,1787734883,2316033744153990000
25838420,1787735663,87825664447061586
25838551,1787737247,902255639097744360
25838552,1787737259,4089750000000000
25838615,1787738015,9932764769378263654
25838684,1787738843,2178936805500000000
25838739,1787739503,3491250000000000
25838815,1787740415,370807791102094
25838825,1787740535,89775000000000000
25838912,1787741591,30000000000000000
25838957,1787742131,9881340036750000482
25838985,1787742467,802455322505295121
25839078,1787743583,9984962406015037593
25839184,1787744855,208880994106575000
25839260,1787745767,104473581450000000
25839354,1787746895,99398153051714432239
25839394,1787747375,2364831773956486
25839475,1787748359,14960652323722057890
25839519,1787748887,42966357298393819888
25839570,1787749499,68675039262129007
25839694,1787750987,401002506265664160
25839710,1787751179,74812500000000000
25839727,1787751383,14962500000000000
25840130,1787756219,19251750000000000000
25840290,1787758163,2205513784461152882
25840850,1787764919,4249858990129515000
25840875,1787765231,1496250000000000
25840936,1787765963,19858860805742030
25840977,1787766455,714508498351635691
25840991,1787766623,5189400546766065000
25841070,1787767571,5519060178723630000
25841121,1787768183,80200501253132832
25841283,1787770139,4717986435347115000
25841501,1787772767,156165387180962040
25841550,1787773355,59116761547406411
25841688,1787775035,4104454183371894
25841874,1787777279,9965380276908469632
25842089,1787779871,99660225000000000000
25842347,1787782991,9975000000000000
25842373,1787783303,99680175000000000000
25842388,1787783483,99750000000000000
25842395,1787783567,46459388264875620
25842443,1787784143,99690150000000000000
25842642,1787786543,214462500000000000
25843058,1787791559,89775000000000000
25843155,1787792735,5042388213744026250
25843266,1787794067,3350636449778927110
25843384,1787795483,15710706273220849530
25843394,1787795603,149625000000000000
25843581,1787797847,2407623032143626475
25843689,1787799143,1054652567784382481
25843692,1787799179,997506092534478466
25843697,1787799239,981109588848484194
25843700,1787799275,956076232317100403
25843707,1787799359,919320736682033211
25843712,1787799419,895416703770066225
25843715,1787799455,842833231776066062
25843721,1787799527,834092163782117256
25843727,1787799599,794283820759556976
25843731,1787799647,789137918861161479
25843738,1787799731,754160235991078711
25843744,1787799803,753004293212132031
25843748,1787799851,742149586537318968
25843849,1787801063,102784399972450502
25843886,1787801507,218304498503941117
25843893,1787801591,67106881910749841
25843897,1787801639,66324197813347737
25843900,1787801675,65538773991813314
25843906,1787801747,62750578169969236
25843910,1787801795,62547377349328634
25843918,1787801891,60066815680134961
25843921,1787801927,58387859393166975
25843928,1787802011,56593629066347172
25843934,1787802083,55946518506161666
25843939,1787802143,54354953191431466
25843947,1787802239,53053112094594652
25843951,1787802287,54013072101922105
25843955,1787802335,53943990880894020
25843964,1787802443,53428358287493703
25843969,1787802503,52255235885786782
25843974,1787802563,51409253849955427
25843981,1787802647,50743734757859399
25843984,1787802683,15776978181244466116
25843985,1787802695,50238633177796766
25843991,1787802767,48889914835276030
25844000,1787802875,44159624287726755
25844006,1787802947,42524697247920777
25844009,1787802983,42387902533202878
25844014,1787803043,41468720548571931
25844017,1787803079,39032836119433322
25844022,1787803139,34946359698450119
25844028,1787803211,30007070756756568
25844033,1787803271,29282807295329809
25844038,1787803331,28089607058160550
25844044,1787803403,15261267588353598
25844049,1787803463,7879443130349041
25844055,1787803535,7375189641781213
25844061,1787803607,1360360411089254
25844065,1787803655,437747840282065
25844069,1787803703,4767456339109
25844150,1787804675,765484648398793170
25844153,1787804711,711027430450970897
25844157,1787804759,667146246194842115
25844161,1787804807,626390356592552102
25844166,1787804867,612821147469751533
25844170,1787804915,604359441111835448
25844173,1787804951,600350783170720325
25844176,1787804987,591236274129849256
25844187,1787805119,465201594948959053
25844190,1787805155,247052581651122013
25844194,1787805203,173093566170632351
25844198,1787805251,167700803829837564
25844202,1787805299,131809262155934831
25844207,1787805359,127961773210788117
25844213,1787805431,127572678204600168
25844220,1787805515,123687033465349322
25844223,1787805551,116625500062409658
25844227,1787805599,105610648227783845
25844232,1787805659,104320185929192023
25844240,1787805755,100199760451225107
25844243,1787805791,97260964891162883
25844247,1787805839,97672016951997293
25844251,1787805887,95290387766869009
25844258,1787805971,94092816115498342
25844262,1787806019,91478291002531368
25844265,1787806055,89344658897425466
25844268,1787806091,86839349688563965
25844273,1787806151,86609497157181696
25844276,1787806187,85220356473793800
25844282,1787806259,82292620893621778
25844287,1787806319,80163854493384567
25844290,1787806355,79383153116000656
25844295,1787806415,80132636462903946
25844301,1787806487,76364125052181761
25844304,1787806523,73441417074628507
25844307,1787806559,72396860958172584
25844311,1787806607,67546831238672633
25844313,1787806631,67373127026808496
25844318,1787806691,67198402602465384
25844321,1787806727,60245731309985461
25844325,1787806775,57370621276899811
25844329,1787806823,53528356697126554
25844431,1787808047,5614035087719298245
25844666,1787810867,821691688279135794
25844840,1787812991,1711997462058644420
25845107,1787816207,44110275689223057
25845110,1787816243,65162907268170426
25845125,1787816435,35087719298245614
25845450,1787820371,99747704115522435000
25845482,1787820755,114710212588726335000
25845504,1787821019,124686020997351555000
25845527,1787821295,99746121438872580000
25845548,1787821547,100746098525024610000
25845554,1787821619,241943551408209745
25845563,1787821727,18154500000000000000
25845568,1787821787,118950375108564405000
25845589,1787822039,646831472300475000
25845610,1787822291,5012531328320802
25845717,1787823575,3108925391847975000
25845747,1787823935,997500000000000000
25845776,1787824283,9924602003625356250
25845861,1787825303,418950000000000000
25845934,1787826179,997500000000000000
25845955,1787826431,9895200000000000000
25846129,1787828519,190896575899688892
25846600,1787834195,91659020278623773490
25846740,1787835875,94806156943941
25846803,1787836631,2492377647693465000
25846809,1787836703,522331076786190159
25846967,1787838599,9118074832135032
25847012,1787839139,997500000000000
25847128,1787840531,71119550318985000
25847140,1787840675,4579115061974205
25847162,1787840939,9975000000000000
25847219,1787841623,997500000000000
25847246,1787841947,9975000000000000
25847277,1787842319,997500000000000
25847440,1787844275,190476190476190476
25847591,1787846111,3991529718242954823
25847839,1787849087,602490000000000000
25848042,1787851523,512377173714265409
25848129,1787852567,196507500000000000
25848151,1787852831,3125570282749070
25848337,1787855075,9962032500000000000
25848373,1787855507,149959499242100486
25848414,1787855999,26721316557076
25848461,1787856563,6483750000000000
25848517,1787857235,76459779855087756
25848781,1787860415,139464985853021955
25848868,1787861459,199300500000000000000
25848930,1787862203,19737774992250001
25849091,1787864135,996398407597215000
25849145,1787864783,136760321714783667
25849149,1787864831,997001250000000000
25849179,1787865191,85884750000000000
25849237,1787865887,1166867442326689212
25849439,1787868335,8379000000000000
25849460,1787868587,2809548206273865
25849466,1787868659,23530398426552
25849467,1787868671,8012584516519457
25849592,1787870171,384037500000000000
25849607,1787870351,7324166497387781
25849621,1787870519,88821973415191
25849676,1787871179,9518013945217428
25849679,1787871215,249375000000000000
25849756,1787872139,1480000000000000000
25849851,1787873279,132706728165795000
25850053,1787875727,317357280363792141
25850148,1787876867,16957500000000000
25850481,1787880863,30000000000000000
25850554,1787881751,16356592132770960000
25850572,1787881967,6982500000000000
25850577,1787882027,5985000000000000
25850601,1787882315,1895250000000000
25851103,1787888339,1622181011491294197
25851613,1787894483,43703829467988252
25851976,1787898851,997500000000000
25852033,1787899547,501253132832080200
25852088,1787900207,21596347112931669
25852090,1787900231,491158210253730506
25852254,1787902223,4987500000000000000
25852333,1787903171,23290987286809673
25852486,1787905031,23999850000000000000
25852603,1787906435,997500000000000
25852739,1787908067,105523969094345738
25852847,1787909363,611616514758996
25852910,1787910119,105351278778208122607
25853014,1787911367,301966064807283079
25853061,1787911931,24905081250000000000
25853126,1787912711,10472636880845872618
25853568,1787918027,12682215000000000000
25853577,1787918135,12560130576000000
25853631,1787918783,1718590856334303849
25853738,1787920079,8976227383528965000
25853775,1787920523,223371431953528414
25853981,1787923019,1282174585990016
25853991,1787923139,359506840250250003
25853993,1787923163,81983078772502699540
25854124,1787924759,4950187187695313
25854143,1787924987,669394937183319612
25854355,1787927555,4732827889988571923
25854398,1787928071,135564334463250008
25854457,1787928779,177021737649120000
25854485,1787929115,5885750493630000
25854743,1787932211,63736908179778561
25854822,1787933159,1583093808528547758
25854894,1787934035,4977809823374370952
25854936,1787934551,634874424748200000
25855050,1787935931,3615023617114343
25855055,1787935991,1991409000000000000
25855217,1787937935,146936914556736027
25855223,1787938007,193494943395523409
25855231,1787938103,218326062281415633
25855323,1787939207,349423865162777772
25855359,1787939639,411937433840274314
25855430,1787940491,2194500000000000
25855475,1787941031,141233117266879355
25855498,1787941307,139301856026410727
25855700,1787943743,15008521884182833
25855912,1787946311,50144695370248344
25856035,1787947799,65292157208250002
25856036,1787947811,101745000000000000
25856074,1787948267,4995690261422477844
25856202,1787949803,3564245503875000
25856356,1787951651,2449666683568335000
25856359,1787951687,469821363388848881
25856432,1787952563,9962032500000000
25856635,1787954999,16776118151937572
25856840,1787957471,269325000000000000
25857185,1787961647,123151641968249997
25857240,1787962307,2043659425212381031
25857466,1787965055,260930150878480270
25857586,1787966507,100310514349542379733
25857602,1787966699,800000000000000
25857863,1787969831,9485895923263200538
25858519,1787977727,4030034583865479
25858745,1787980439,82836576848231744031
25858763,1787980655,15820088251093
25858810,1787981219,3412447500000000000
25859092,1787984603,38004463367293710000
25859413,1787988467,281000000000000000
25859523,1787989787,126246930706316432776
25859530,1787989871,189444703119719120108
25859756,1787992583,319000000000000000
25859848,1787993687,1860206070732386530
25860032,1787995895,12084339690118605000
25860225,1787998235,1083943362537485670
25860245,1787998475,1086036659578606470
25860292,1787999051,203533648771194952
25860465,1788001139,10025062656641604
25861265,1788010799,16041211116885896
25861279,1788010967,9853265863706818
25861434,1788012863,3990000000000000
25861465,1788013235,1995000000000000
25861472,1788013319,84724213983370421
25861478,1788013391,46294723424431052
25861483,1788013451,2455292819474766
25861491,1788013547,397988179079105907
25861555,1788014315,8501642144338950
25861733,1788016451,39277716154635000
25862234,1788022463,13710568166210494899
25862671,1788027707,42379170653808508
25862763,1788028835,1002506265664160
25862779,1788029027,266618717991679197
25862785,1788029099,19950000000000000
25862864,1788030047,98383712521012682302
25863362,1788036035,94687113447046384
25863439,1788036959,1147125000000000000
25863534,1788038099,202697794261704408
25863779,1788041051,1002506265664160
25863913,1788042659,10449505399993238753
25864397,1788048467,1077891916500000
25864928,1788054875,5395224197345
25865603,1788062987,399772303595323338
25866790,1788077279,69825000000000000
25866877,1788078323,469172932330827067
25866975,1788079511,23930025000000000000
25867301,1788083447,2032254630000000
25867466,1788085439,3578729242644428656
25867762,1788089003,997510907469969479
25867811,1788089591,3886656813963932
25868027,1788092183,18901908911749375739
25868176,1788093983,1718445092146570
25868248,1788094847,1995000000000000000
25868276,1788095183,1995000000000000000
25868294,1788095399,1995000000000000000
25868457,1788097355,361005955993858769
25868458,1788097367,562739393954239207
25868476,1788097583,118304139231947918
25868778,1788101231,22169235193875044504
25868812,1788101639,184263268295541527
25869139,1788105575,1726000105493975130
25869321,1788107759,211419899112909013
25869457,1788109391,3939429349662285584
25869603,1788111155,50000000000000000
25869684,1788112127,132260629725000
25869818,1788113735,61683715537500240
25869841,1788114011,199030436161318935
25869877,1788114443,28454187999565959
25869888,1788114575,4987500000000000
25869897,1788114683,1974937343358395989
25869950,1788115319,559485553920184958
25870010,1788116039,995335452032964108
25870159,1788117839,72780463480683483
25870263,1788119087,685614582282158223
25870379,1788120479,12066209958539834081
25870426,1788121055,557889672136335000
25870556,1788122627,567097103126732
25870564,1788122723,463975534936975574
25870793,1788125471,2390887799999999913
25871217,1788130571,8965829250000000
25871246,1788130931,6508140406048781
25871254,1788131027,4181912260864065000
25871450,1788133379,9972604127119935000
25871759,1788137087,368617582710175361
25871870,1788138431,997090952775015000
25871986,1788139847,1954887218045112781
25872120,1788141455,3268570161145821000
25872130,1788141575,3122175000000000000
25872215,1788142595,3268280745794578500
25872328,1788143951,15189602255745130
25872491,1788145931,4389000000000000000
25872693,1788148367,3160732737499904372
25872698,1788148427,19950000000000000000
25873400,1788156863,31586567188063810773
25873432,1788157247,12402730462500000
25873464,1788157631,44630669092087860519
25873834,1788162083,147612510538640490
25873990,1788163955,2188273411515873
25873995,1788164015,40252302721401946
25874066,1788164867,1193357225340447
25874071,1788164927,1465597784367468
25874082,1788165059,2537704647214123
25874157,1788165971,3381517090739857
25874376,1788168599,9385861179220920
25874411,1788169019,8762799639745959570
25874413,1788169043,744437466720225
25874415,1788169067,1967345976469087
25874415,1788169067,541251760515947014
25874418,1788169103,1184285311068448
25874419,1788169115,3044639005531651553
25874422,1788169163,3101159403922040055
25874424,1788169199,3131113272284934353
25874428,1788169247,6603492199482171788
25874435,1788169331,4190765376945761119
25874439,1788169379,2317447089861635839
25874444,1788169439,105082959315499699
25874448,1788169487,4162610977753193018
25874451,1788169523,2763329751705529545
25874457,1788169595,3189827989894458728
25874457,1788169595,3058327250194412648
25874604,1788171371,4987500000000000
25874659,1788172031,3690750000000000
25874715,1788172703,988497570696183123
25874884,1788174755,29656411247094895
25875034,1788176555,6222829033269576
25875197,1788178523,139530203867686429
25875238,1788179015,198745643300170490
25875282,1788179543,412820057450597
25875421,1788181223,25469779393063977615
25875707,1788184691,26932500000000000000
25875766,1788185399,2989321304206197519
25875892,1788186911,706881870847282559
25875933,1788187403,4038901577287570
25876085,1788189227,49865049877824356026
25876158,1788190103,99356231776038835789
25876262,1788191351,1774345428094631866
25876406,1788193079,45883239818848692682
25876419,1788193235,233176921976025634
25876428,1788193343,12000000000000000
25876543,1788194723,10025062656641604010
25876752,1788197267,36904392313678235177
25876817,1788198047,1306847309040978561
25876873,1788198719,31799759089930208848
25876939,1788199511,76000000000000000
25877099,1788201443,49775250000000000000
25877156,1788202139,7437898650000000
25877430,1788205451,199971405816762314
25877516,1788206495,9975000000000000
25877550,1788206903,974557500000000000
25877770,1788209543,131331356626260000
25877772,1788209567,795157223921425528
25877779,1788209651,3990000000000000
25877787,1788209747,807975000000000000
25877926,1788211415,798000000000000000
25878201,1788214715,52054384957806835
25878358,1788216635,11683521120199603
25878367,1788216743,100250626566416040
25878701,1788220763,796501599867605938
25878722,1788221015,8020050125313283208
25879017,1788224591,756713801279227283
25879224,1788227075,29072681704260651
25879278,1788227723,1729681326918870833
25879590,1788231467,18136818578189510168
25879669,1788232415,27546698084778690
25879911,1788235331,16458750000000000000
25879911,1788235331,999666678937636343
25879971,1788236051,44724267074461718
25880052,1788237023,27900116582615020
25880135,1788238031,9204741143441708
25880235,1788239243,997444544670787500
25880383,1788241043,702509465696019
25880394,1788241175,237200365945731
25880403,1788241283,442156980203012
25880410,1788241367,626034658030862
25880413,1788241403,1077184502367435
25880685,1788244679,2014259219385735000
25881156,1788250343,7151881836442412
25881158,1788250367,310300311458418968570
25881255,1788251543,207492051885327722
25881367,1788252887,172000000000000000
25881463,1788254039,3321675000000000000
25881469,1788254111,15346279611687186134
25881788,1788257939,143227999485456976
25882128,1788262055,6176150825844151670
25882197,1788262883,1254790516751204882
25882260,1788263639,1481782353398535
25882335,1788264539,99750000000000000
25882336,1788264551,19929046016250000
25882469,1788266159,5438594828679012887
25882481,1788266303,5253132832080200501
25882608,1788267839,5358554968264218
25882638,1788268199,1235878105291798
25882982,1788272327,256478778312330000
25883025,1788272843,62027450770625367359
25883046,1788273095,54094389304278299655
25883059,1788273251,45735442153695000
25883087,1788273587,65574746344800000
25883139,1788274211,90000000000000000
25883173,1788274619,6800000000000000
25883189,1788274811,66500000000000000
25883258,1788275639,7467063449801655
25883286,1788275975,1492986898876305000
25883304,1788276191,882787500000000000
25883368,1788276959,21945000000000000000
25883581,1788279539,6000000000000000000
25883624,1788280055,6000000000000000000
25883635,1788280187,3271222321838437396
25883746,1788281519,23851074421690707
25883747,1788281531,6183708700110163
25884085,1788285599,843400227654527892
25884275,1788287879,11626961718125262
25884360,1788288899,25948680052003863
25884394,1788289307,24937500000000000000
25884426,1788289691,1446375000000000
25884541,1788291083,662092420500000
25884547,1788291155,1182039894000000
25884696,1788292943,2052178695000000
25884775,1788293891,246217304779548440
25884796,1788294143,2127126855000000000
25884851,1788294803,6593475000000000000
25884924,1788295679,479874157875000
25884927,1788295715,478272871125000
25885062,1788297359,1774436090225563909
25885148,1788298391,1646664677773710000
25885232,1788299399,19479216739920000
25885372,1788301091,860516356610746928
25885500,1788302627,2155388471177944862
25885611,1788303971,8922305764411027568
25885684,1788304847,10025062656641604
25886045,1788309215,2008604190205991559
25886250,1788311675,498110093359500226
25886267,1788311879,2484415599136014157
25886362,1788313031,16453063610372694791
25886443,1788314003,178859863365750000
25886543,1788315215,48371847259587285
25886918,1788319727,956962508832828
25887105,1788321971,295971591800112812
25887326,1788324623,239932634200054125
25887361,1788325043,4635673414539902
25887383,1788325307,2792378563162547
25887447,1788326075,6701347456965000
25887847,1788330875,1006464553821155559
25887865,1788331091,315708750000000000
25888284,1788336143,167679750000000000
25888298,1788336311,40000000000000000
25888309,1788336443,99620325000000006
25888530,1788339095,214163250000000000
25888603,1788339983,199240650000000011
25888635,1788340367,33914255464411687310
25888702,1788341171,3798482692397736
25888730,1788341507,6150620554877605065
25888798,1788342335,9341397875250000
25888825,1788342671,239186484785585639
25888876,1788343283,8498723453220000
25888876,1788343283,2991344303544345000
25889016,1788344975,67792316256495936
25889052,1788345407,710331247185000
25889154,1788346655,111221250000000000
25889195,1788347147,1892922095355294761
25889339,1788348875,125170254557316294
25889456,1788350279,32718000000000000
25889506,1788350891,45266346121623890
25889529,1788351167,19950000000000000000
25889544,1788351347,10025062656641604
25889720,1788353459,782337340086749991
25889846,1788354983,16780032340107857537
25889872,1788355295,2384025000000000000
25889879,1788355379,14164500000000000
25889881,1788355403,756231560839415701
25889917,1788355835,1000492500000000000
25889941,1788356123,1506225000000000000
25889969,1788356459,7841290544072841
25890158,1788358739,662841080562152
25890160,1788358763,641216183895000010
25890257,1788359939,109582357500000001
25890348,1788361031,2992500000000000
25890473,1788362531,8590853107599962
25890697,1788365231,755765426767130
25890819,1788366695,46532534430353993
25891070,1788369707,10169311240410000
25891218,1788371495,1048028500582444613
25891231,1788371651,3088083527117918573
25891418,1788373895,1995000000000000000
25891476,1788374591,5259953160000000
25891556,1788375551,598500000000000
25891557,1788375563,1055296729685157
25891562,1788375623,2455641011250000
25891564,1788375647,488809913264548
25891622,1788376343,2546295507000000
25891637,1788376523,2094750000000000
25891713,1788377435,9975000000000000
25891718,1788377495,1496328095295281034
25891799,1788378467,8344087500000000000
25891806,1788378551,336217801962708231
25891889,1788379547,178434347928243257
25892046,1788381431,702554075874892505
25892106,1788382151,399000000000000
25892309,1788384587,2081732996789093
25892476,1788386639,2058669236409879109
25892481,1788386699,2162646435942233115
25892484,1788386735,5262319547781833303
25892486,1788386759,6386187209179830754
25892490,1788386807,2548116469004850004
25892495,1788386879,1300984822181436342
25893121,1788394439,229069921949925000
25893124,1788394475,229007475118275000
25893126,1788394499,228988549518855000
25893128,1788394523,228970739756850000
25893130,1788394547,228986739265830000
25893131,1788394559,229006635159435000
25893132,1788394571,228965535045240000
25893133,1788394583,228941569285800000
25893135,1788394607,228833227792365000
25893138,1788394643,228843556585665000
25893255,1788396059,16010864751450571896
25893273,1788396275,14066497331304351316
25893306,1788396671,16309160995283736038
25893310,1788396719,16444777179229168309
25893380,1788397559,1139934664803897129
25893585,1788400019,49875000000000000
25893819,1788402827,9113348696595577
25893878,1788403535,34618261265225404
25894121,1788406451,12468750000000000000
25894123,1788406475,997483690117295347
25894198,1788407375,82202011907962063
25894249,1788407987,50000000000000000
25894367,1788409403,4296279169446115
25894430,1788410159,10579602243969186
25894521,1788411275,626995754184352
25894558,1788411719,4045320970279
25894722,1788413687,399000000000000000
25894831,1788415007,2369062500000000000
25894835,1788415055,2369062500000000000
25894842,1788415139,2369062500000000000
25895156,1788418931,539508936234273033
25895320,1788420899,829920000000000000
25895524,1788423383,8478750000000000
25895544,1788423623,448090584743025000
25895695,1788425435,369577400061475292
25895829,1788427055,5835216346044505
25895837,1788427151,199500000000000000
25895843,1788427223,5554621690270175
25895876,1788427619,52514772952711586
25895913,1788428063,558136566616366175
25895993,1788429035,79800000000000000
25896019,1788429347,9576000000000000000
25896085,1788430139,1994800500000000000
25896175,1788431219,163021688207830065
25896311,1788432851,2000985000000000000
25896565,1788435899,30723000000000000
25896606,1788436391,154600545722584824
25896753,1788438191,547508341496998574
25896802,1788438779,127921097047457986
25897168,1788443171,14731910740031955148
25897175,1788443255,866816418561445
25897203,1788443591,16145894451882090000
25897249,1788444143,1983129890009100000
25897270,1788444395,1984124716745010000
25897385,1788445787,13595925000000000000
25897430,1788446327,2216438892810778646
25897633,1788448763,21047250000000000000
25897643,1788448883,997500000000000
25898051,1788453791,275584861090564451
25898129,1788454727,1995000000000000
25898179,1788455327,151422893999999998
25898189,1788455447,2709760821420173
25898359,1788457511,20942145295312500000
25898393,1788457919,53220970418984
25898404,1788458051,91239842496377726
25898407,1788458087,1180394975304115
25898415,1788458183,51167247709564021
25898584,1788460223,198503746875000000
25898636,1788460847,9672394858271882
25898639,1788460883,188589476634977827
25898786,1788462659,10025062656641604
25898786,1788462659,997500000000000
25898824,1788463115,768075000000000000
25898925,1788464339,20050125313283208
25898925,1788464339,1243107769423558897
25898932,1788464423,171364375372298
25898953,1788464675,997500000000000
25899047,1788465803,498750000000000
25899085,1788466259,190000000000000000
25899187,1788467483,1049998257612347697
25899210,1788467759,210000000000000000
25899224,1788467927,210000000000000000
25899234,1788468047,220000000000000000
25899247,1788468203,220000000000000000
25899270,1788468479,240000000000000000
25899322,1788469103,1974216493940764607
25899336,1788469271,1973226635120867057
25899422,1788470303,66830898304275000
25899852,1788475487,9975000000000000
25899923,1788476339,83063101800000000
25900054,1788477923,175377137302500
25900506,1788483371,249375000000000000
25900684,1788485507,95335694332736835
25900728,1788486035,3427558923841290
25900758,1788486395,182924284583124
25900829,1788487259,747789293540719
25901100,1788490571,3984813000000000
25901105,1788490631,30000000000000000
25901118,1788490787,225994465111964206
25901123,1788490847,1992406500000000
25901147,1788491147,459042473515478125
25901212,1788491927,38816995626055503
25901247,1788492347,9105279457055820
25901247,1788492347,9975000000000000
25901562,1788496139,12242110409964645000
25901626,1788496907,5005264339239492807
25901777,1788498719,995914064563546519
25902339,1788505475,49134562253700000
25902347,1788505571,10677759166959206
25902569,1788508235,291851751628890443
25902587,1788508451,19653585118470024249
25902782,1788510791,1388865669111026
25902945,1788512747,677740326581238665
25902981,1788513179,3585959794294545432
25903030,1788513767,9947661912273338880
25903114,1788514775,94200000000000000
25903184,1788515627,498750000000000000
25903186,1788515651,311035999078137774
25903482,1788519203,6178211554729245286
25903733,1788522227,4539900481606447
25903795,1788522971,814275102906315254
25903855,1788523691,997500000000000000
25903891,1788524123,37266600000000000000
25904061,1788526163,823922660925000000
25904089,1788526499,997500000000000
25904100,1788526631,9948857324338099815
25904137,1788527075,30667392966000000
25904283,1788528839,1616852422065977576
25904402,1788530279,618450000000000000
25904447,1788530819,25436250000000000000
25904774,1788534755,849870000000000000
25904864,1788535847,921521893120545324
25905011,1788537623,418715815181952
25905028,1788537839,1312042992417779
25905045,1788538043,6358520299680365
25905064,1788538271,6845296315733812
25905104,1788538751,741142500000000000
25905137,1788539147,994410780742155000
25905151,1788539315,609032765469468
25905161,1788539435,5849289066757159325
25905192,1788539807,707659480911584
25905313,1788541271,910135247497687787
25905394,1788542255,1873012000000000000
25905399,1788542315,126153203673441311
25905436,1788542759,481293750000000000
25905479,1788543275,6783000000000000
25905551,1788544139,536814763483953133
25905638,1788545207,79800000000000000
25905748,1788546527,2858130308949425
25905779,1788546899,20000000000000000
25905920,1788548603,100000000000000000
25905921,1788548615,45754100000000000
25905964,1788549131,339150000000000000
25905976,1788549275,6084750000000000000
25906030,1788549923,1131513490235563306
25906186,1788551795,2868524733005554
25906261,1788552695,4904861209403068876
25906417,1788554567,193204247368865245
25906458,1788555059,39262321226415000
25906688,1788557831,9975000000000000
25906863,1788559931,15598532954141664725
25907127,1788563111,4582534949999999647
25907146,1788563339,307582885846169648
25907148,1788563363,1466325000000000000
25907181,1788563759,4896338973750000036
25907186,1788563819,249050812500000000
25907205,1788564047,40634655689366580194
25907219,1788564215,4184053650000000178
25907239,1788564455,498101625000000000
25907287,1788565031,40531607422748872999
25907305,1788565259,476735843325000000
25907324,1788565487,475722927090643080
25907490,1788567491,2193997619271341778
25907515,1788567791,2005660442941710940
25907531,1788567983,1831133882085622299
25907543,1788568127,1801630251846686181
25907555,1788568271,1778735738912822474
25907562,1788568355,9755328772307833
25907569,1788568439,1778230498842793579
25907586,1788568643,1803066894145034887
25907592,1788568715,217308577185629332809
25907605,1788568871,1803429038537143103
25907677,1788569735,37561259441166182505
25907794,1788571151,12635645100127696569
25908180,1788575783,114474626175000000
25908183,1788575819,4987500000000000
25908209,1788576131,76102411639398482
25908346,1788577775,276691729323308270
25908488,1788579479,1219832179426712004
25908695,1788581963,509130573525000000
25908851,1788583847,13506067236270198240
25908870,1788584075,498750000000000
25909068,1788586451,36010000000000000000
25909111,1788586967,15960000000000
25909535,1788592067,2000000000000000
25909535,1788592067,11670750000000000000
25909558,1788592355,3990000000000000000
25909688,1788593939,39471693854222508
25909694,1788594011,84435129652732679
25909750,1788594707,4418925000000000000
25909886,1788596351,3989168527129905000
25910131,1788599315,53408747641608081
25910145,1788599483,6501235192809706896
25910207,1788600227,69398286117935689
25910257,1788600827,64528836639592030
25910479,1788603503,35825514978782579
25911024,1788610055,10051690792499999860
25911038,1788610223,4682155275000000178
25911224,1788612455,364683112337249984
25911274,1788613055,12967500000000000
25911433,1788614975,7565181293164244
25911542,1788616283,2685132148558827
25911545,1788616319,199890388592953591
25911618,1788617195,99609366764249997
25911627,1788617303,33973519434750001
25911755,1788618839,7061088636000000
25911778,1788619115,8977500000000000000
25911869,1788620207,12020891796146431
25911917,1788620783,1036461595591135997
25911919,1788620807,80090050280817408
25911930,1788620939,617614166675660909
25912176,1788623891,1870346288671472786
25912274,1788625067,3457821480750000
25912277,1788625103,3457821480750000
25912316,1788625571,8477732155839870000
25912475,1788627491,10025062656641604
25912556,1788628463,34867113750000003
25913050,1788634427,6776174506500000
25913054,1788634475,6776174506500000
25913063,1788634583,2629203197223520
25913229,1788636575,9740870151705466
25913237,1788636671,401178013178771270
25913302,1788637451,6860313292441475459
25913699,1788642239,7055111416500000
25913772,1788643115,1332800572457545587
25913807,1788643535,169228740769654461
25913834,1788643859,11969378194996530000
25913838,1788643907,13964367897576600000
25913964,1788645431,181046250000000000
25913969,1788645491,4141778353125000000
25914051,1788646475,2768619476620487
25914056,1788646535,1533636005959760
25914163,1788647843,10969675733294670000
25914185,1788648107,9972442571247870000
25914211,1788648431,10122153350691795000
25914368,1788650315,3657409470126692552
25914395,1788650651,90909828400711125
25914473,1788651587,4812030075187969924
25914477,1788651635,4461152882205513784
25914510,1788652031,23940000000000000
25914653,1788653747,3986365945348285418
25915203,1788660395,1972251492148140000
25915691,1788666251,3985074447982294
25916242,1788672875,798000000000000000
25916380,1788674531,550987543824027773
25916775,1788679283,2892750000000000000
25916796,1788679535,139650000000000000
25916868,1788680399,2925782926790497
25917038,1788682439,3940812241003030103
25917109,1788683315,332388483981081566
25917128,1788683543,2172037325041416
25917141,1788683699,2748115998181844
25917593,1788689135,3300000000000000000
25917649,1788689807,9998129093882856239
25917658,1788689915,239400000000000000
25917820,1788691859,8317386294316866104
25917865,1788692399,96548507022554379
25917924,1788693107,2341077637500000
25918034,1788694451,9962032500000000
25918111,1788695375,10114473508499405860
25918165,1788696023,1995000000000000
25918178,1788696179,6424622409408410545
25918258,1788697139,375939849624060150
25918278,1788697379,9962032500000000
25918302,1788697667,9962032500000000
25918331,1788698015,79151818584952235
25918352,1788698267,47555354796109571
25918582,1788701039,3990000000000000000
25918605,1788701315,100000000000000000
25918852,1788704279,340852130325814536
25918869,1788704483,493552769060349353
25918890,1788704735,5193378441460598440
25918949,1788705455,18697689296569796
25918953,1788705503,331125444967801080
25918977,1788705791,258874589207100117
25919000,1788706067,240601503759398496
25919328,1788710003,5795740809179515
25919399,1788710855,8727051200068786939
25919451,1788711479,9975000000000000
25919531,1788712439,1087955237927573707
25919561,1788712799,1911409500000000000
25919702,1788714491,49735350000000000000
25919723,1788714743,344094333049642552
25919777,1788715391,2493750000000000
25920076,1788719003,325921777810015637
25920371,1788722555,21578280143052329
25920386,1788722735,2993455589706856505
25920436,1788723347,399276501930524599
25920459,1788723623,7057778469050358
25920575,1788725015,7115054129358535028
25920668,1788726131,120000000000000000
25921234,1788732959,325513656218205000
25921422,1788735215,97117054631522625
25921431,1788735323,216457500000000000
25921494,1788736091,422708235084737115
25921530,1788736523,28165789528244989
25921583,1788737159,130016715196734110
25921603,1788737399,98263725000000000
25921759,1788739271,25772632415780583
25921774,1788739451,1667909620362061
25922759,1788751283,252415147223400000
25922797,1788751739,996024019117987066
25922869,1788752603,48621882990782960
25923251,1788757247,5130446737500
25923290,1788757715,1495551428448836022
25923364,1788758603,1992406500000000
25923534,1788760679,399208477493905716
25923542,1788760775,639098250000000000
25923931,1788765443,1193791595080064
25923933,1788765467,1046047800109615
25923935,1788765491,517456855484408
25923938,1788765527,1523322042347071
25923994,1788766199,398150415004716715
25924061,1788767003,3120354006873109420
25924161,1788768227,19906758910827730
25924179,1788768443,9975000000000000000
25924204,1788768743,17543859649122807
25924354,1788770543,8922305764411027568
25924443,1788771611,13466250000000000
25924478,1788772031,89974500000000000
25924616,1788773687,2245531117593075
25924735,1788775127,31117084197319306125
25924978,1788778055,498750000000000000
25925121,1788779795,43453394250000000
25925350,1788782567,18817924954005995
25925422,1788783431,81026992839057
25925431,1788783539,113929141229622
25925503,1788784415,9975000000000000
25925620,1788785831,2927280851092464328
25925738,1788787271,4900718476253594926
25925769,1788787643,3557688048156322
25925786,1788787847,7650536529305777
25925832,1788788411,5641986336021602
25925845,1788788567,143640000000000000
25926021,1788790679,401002506265664160
25926056,1788791099,48931762940655000
25926079,1788791375,19950000000000000
25926083,1788791423,401002506265664
25926163,1788792383,2448059725981750559
25926206,1788792899,35087719298245614
25926353,1788794675,231687589616112489
25926477,1788796175,114303768196888866
25926517,1788796655,4259765097000000
25926549,1788797039,34343310033978484
25926587,1788797495,246940661267580000
25926734,1788799259,2987974067310162841
25926858,1788800759,3208340357506448856
25926862,1788800807,590619750000000000
25926880,1788801023,37896219449955478009
25927424,1788807575,1033604746230024426
25927463,1788808043,1334744954749088486
25927464,1788808055,40500000000000000
25927477,1788808211,1495408233683639299
25927575,1788809387,17042606516290726
25927666,1788810503,405010176333420000
25927976,1788814235,598461988826161702
25928292,1788818039,68328750000000000
25928311,1788818267,8977500000000000
25928316,1788818327,253464750000000000
25928349,1788818723,108418300420284726
25928434,1788819755,7035131688871300
25928477,1788820271,1901351289701183828
25928514,1788820715,498750000000000
25928516,1788820739,16241419034487266
25928536,1788820979,857850000000000000
25928560,1788821267,374406573027115
25928600,1788821747,1676636034530771372
25928746,1788823511,1657477025898078529
25928757,1788823643,3406849546107455
25928767,1788823763,32342311575000
25928872,1788825035,61490542365000
25928894,1788825299,1540862441793471
25928982,1788826355,35433908444229171
25929141,1788828275,917315513330462792
25929255,1788829643,11970000000000000
25930232,1788841403,4987500000000000
25930242,1788841523,118702500000000000
25930244,1788841547,3339392219516950
25930286,1788842051,3785342787060367
25930315,1788842399,1565505636732421823
25930343,1788842747,50842575000000000
25930444,1788843959,1495851000000000000
25930459,1788844139,11519064017998781567
25930903,1788849467,3990000000000000000
25931314,1788854411,29214343921305517472
25931327,1788854567,1206786463643126344
25931501,1788856655,2992756251979408683
25931680,1788858803,30089918695676168838
25931742,1788859559,541134541242055804
25932165,1788864683,9975000000000000
25932341,1788866795,99750000000000000
25932584,1788869747,2399067580870027
25932731,1788871523,269325000000000000
25933038,1788875255,36595919924083218980
25933180,1788876959,798000000000000000
25933244,1788877727,1986543303366319964
25933283,1788878195,200023417751776416
25933444,1788880127,517852125000000000
25933488,1788880667,106943612633655000
25933547,1788881387,7980000000000000
25933847,1788884999,180451127819548872
25934074,1788887759,8420906072250000
25934336,1788890903,8357083311966619
25934341,1788890963,1
25934364,1788891239,8293744269788540
25934393,1788891587,2793000000000000
25934393,1788891587,6505894500000000000
25934519,1788893111,9180473512151760
25934921,1788897947,240503222637814896
25935063,1788899651,42640759463119860
25935228,1788901631,22942500000000000
25935753,1788907955,53348502075383932
25936023,1788911207,2049862500000000000
25936311,1788914675,2668419707440472
25936685,1788919175,3800981759258318
25936821,1788920831,1911732792550305558
25937189,1788925271,610071000000000000
25937383,1788927599,1040000000000000000
25937662,1788930947,282921682033905620
25938197,1788937403,1020000000000000000
25938212,1788937583,27985633647300000
25938417,1788940055,497558897523240000
25938548,1788941627,304885875000000000
25938639,1788942719,1603516315837460551
25938843,1788945191,744862311238691081
25938886,1788945707,29925000000000000
25938995,1788947015,4079135702250000
25939041,1788947567,10000000000000000
25939078,1788948011,66832500000000000000
25939166,1788949067,902834373693033796
25939185,1788949295,63306963992597374
25939211,1788949607,3007518796992481203
25939430,1788952247,19950000000000000
25939440,1788952367,7147927564795991138
25939442,1788952391,1640066614721230894
25939444,1788952415,5699493051625860625
25939446,1788952439,3822180794373854218
25939448,1788952463,2000777752733040672
25939453,1788952523,6802477704011167133
25939453,1788952523,4429812035151379590
25939455,1788952559,6030853456855066088
25939550,1788953699,1735395724840880
25939593,1788954215,119544756843259896
25939618,1788954515,109242274478008940
25939713,1788955667,28211684013550039990
25939749,1788956099,15000000000000000
25939897,1788957899,378531300000000000
25939942,1788958439,7523853711840952203
25940123,1788960611,43890000000000000000
25940166,1788961127,47846251269285000
25940258,1788962243,94762500000000000
25940286,1788962591,19950000000000000
25940553,1788965807,20000000000000000
25940580,1788966131,100250626566416040
25940592,1788966275,50299128991196156
25941054,1788971831,1663084508186191612
25941274,1788974495,160000000000000000
25941291,1788974699,2406518914120004581
25941438,1788976475,1975755331418623650
25941481,1788976991,441952350000000000
25941594,1788978347,473626170012105863
25941657,1788979103,473405736563631300
25941659,1788979127,26184284175641466854
25941724,1788979907,563081438251225898
25941899,1788982019,1270194100830130749
25941943,1788982547,322511618403874069
25941957,1788982715,8191168588001952
25942031,1788983603,1999449628228409054
25942226,1788985991,226225991470119109
25942434,1788988487,578606000539726990
25942520,1788989519,6196488784487863884
25942542,1788989783,402554458907607072
25942666,1788991271,306117039904477
25942968,1788994895,165836715401369847
25943187,1788997523,117883904847544478
25943276,1788998591,11970000000000000
25943845,1789005419,798000000000000
25944059,1789008011,4854917330744568294
25944118,1789008719,23940000000000000
25944119,1789008731,387991772881225238
25944127,1789008839,10972500000000000
25944142,1789009019,46882500000000000
25944148,1789009091,6982500000000000
25944151,1789009127,4987500000000000
25944156,1789009187,9576000000000000
25944163,1789009271,4987500000000000
25944166,1789009307,15960000000000000
25944203,1789009751,38902500000000000
25944210,1789009835,5985000000000000
25944224,1789010003,91770000000000000
25944255,1789010375,9376500000000000
25944258,1789010411,8977500000000000
25944264,1789010483,8977500000000000
25944271,1789010567,1995000000000000
25944275,1789010615,1224278629770137952
25944295,1789010855,2992500000000000
25944371,1789011767,11562819894153031
25945405,1789024199,11683131050921183
25946055,1789032071,4987500000000000
25946059,1789032119,376758645455382
25946077,1789032335,10087263548970
25946272,1789034687,537328814109503462
25946405,1789036283,1490682248432250825
25946407,1789036307,4744807001639544945
25946410,1789036343,8044844708832700624
25946725,1789040135,4977525000000000000
25947256,1789046531,80444369716008921
25947381,1789048031,100250626566416040
25947389,1789048127,4012597408601233375
25947495,1789049399,1000392750000000000
25947619,1789050887,1583963167500000
25947690,1789051739,8138235054852391
25947697,1789051823,10378136309294
25947710,1789051979,402164618924834
25947981,1789055255,5985000000000000
25947982,1789055267,2110972679667841
25948022,1789055759,4986566412940657914
25948071,1789056347,41083576916131661
25948102,1789056719,443388750000000000
25948319,1789059323,9975000000000000000
25948466,1789061087,1695750000000000000
25948539,1789061975,997500000000000000
25948587,1789062551,2120565300000000000
25948655,1789063379,3711359458138039
25948841,1789065611,997560191479680785
25948869,1789065947,9463930875000000000
25948871,1789065971,438485049908350421
25948873,1789065995,4406839955836367
25948881,1789066091,50982225000000000
25948940,1789066799,61685605454341976
25949181,1789069703,5236875000000000
25949449,1789072931,282535097201228431
25949456,1789073015,39900000000000000
25949497,1789073519,2423372170082984
25949613,1789074923,445256965050249293
25949813,1789077335,517706735259315000
25950526,1789085951,58260094957788570
25950934,1789090871,9975000000000000
25950954,1789091111,6384000000000000000
25951279,1789095047,498750000000000000
25951625,1789099199,13171171396068803056
25952033,1789104095,69625500000000000
25952266,1789106915,842488500000000000
25952469,1789109351,2890613360862953
25952497,1789109687,2160764849250000
25952525,1789110023,9616950816375000
25952629,1789111271,19950000000000000
25952653,1789111559,25435820206042193529
25952770,1789112963,406980000000000000
25952826,1789113635,448406097514200000
25952916,1789114715,4433104462500000
25953188,1789117991,19635743061375000
25953203,1789118171,69825000000000000
25953467,1789121351,5038348060795069677
25953468,1789121363,7710989733539475653
25953470,1789121387,3064784347248489863
25953474,1789121435,5612681947278622152
25953529,1789122095,199836230269596495
25953545,1789122287,199500000000000000
25953629,1789123295,73320559200000000
25953677,1789123871,61320233072010063
25953769,1789124975,28357392631414184
25953785,1789125167,1853952411291135832
25953812,1789125491,1006516209832596087
25953975,1789127447,1923105863917601772
25953984,1789127555,997500000000000
25954015,1789127927,1246875000000000000
25954367,1789132163,3990000000000000000
25954500,1789133771,624127885596130
25954781,1789137155,7674073502852864728
25954997,1789139759,784051361427051209
25955192,1789142135,9975000000000000
25955332,1789143815,673788119895682700
25955349,1789144019,678124678091252215
25955468,1789145447,498182121312806184
25955473,1789145507,738948000000000000
25955510,1789145951,140059030300073240
25955521,1789146095,107547022902470069
25955521,1789146095,1695582967739800805
25955533,1789146239,130031174138383141
25955584,1789146851,49915374369559056
25955621,1789147295,2390887799999999913
25955634,1789147451,2859103327500000107
25955694,1789148171,997200750000000000
25955753,1789148879,5712567794840973405
25955997,1789151819,12000000000000000
25956247,1789154843,160000000000000000
25956278,1789155215,93338488546726248
25956281,1789155251,66732187099286406
25956365,1789156259,937650000000000000
25956548,1789158467,195762356315305772
25956662,1789159835,15000000000000000
25956824,1789161779,119471964351728867
25957112,1789165247,934816938931735
25957178,1789166039,47402311158914857
25957468,1789169555,4735171727136475819
25958157,1789177847,2467595450250000
25958308,1789179683,13735799950059789
25958324,1789179875,308043467762015394
25958329,1789179935,41097124395243
25958382,1789180571,196891176102244828
25958725,1789184747,194000000000000000
25958816,1789185839,194819210387699927
25959405,1789192919,22150732186485000
25959459,1789193579,35599537344672033
25959492,1789193975,4416225357827208
25959681,1789196243,15655454058751796089
25959692,1789196375,20368342892663273
25959738,1789196927,997500000000000000
25959830,1789198031,3408659563683547
25959975,1789199783,343859649122807017
25960274,1789203383,7785483397176857
25960306,1789203767,2917629696020928
25960389,1789204763,11527602778526069
25960536,1789206527,10045768526081491
25960940,1789211375,697591650000000000
25960980,1789211855,1995000000000000
25960995,1789212035,7115237746038092422
25961010,1789212227,703237500000000000
25961224,1789214795,198233531069595000
25961234,1789214915,36151817594349619
25961294,1789215635,52867500000000000
25961684,1789220315,1998092559934001131
25962075,1789225019,7619344874252558
25962123,1789225595,2043473528490861338
25962337,1789228175,32312426475000000
25962481,1789229903,7611396258883669
25962495,1789230071,8411577402622210
25962975,1789235855,200501253132832080
25962981,1789235927,999206467990126272
25963227,1789238903,9934492777516610625
25963556,1789242863,282678522105976660
25963568,1789243007,2391007500000000000
25963876,1789246727,6882750000000000
25963880,1789246775,200989331281251003
25963942,1789247519,498042660488730000
25964088,1789249271,9357991297631335
25964210,1789250747,70704295572127055
25964716,1789256819,9608336569965000
25965182,1789262435,268855831085940000
25966100,1789273487,25004284789810843
25966120,1789273739,537616323453556617
25966746,1789281263,9375357481676757
25966757,1789281395,265430837757226488
25966963,1789283867,399615677909928847
25967241,1789287215,997500000000000000
25967284,1789287731,9256894946302219
25967428,1789289459,19950000000000000
25967570,1789291163,49098367939063342
25967587,1789291367,10930086854981070000
25967588,1789291379,9665785074375993600
25967662,1789292267,997500000000000000
25967998,1789296311,3101877696359922754
25968322,1789300199,3460961345941477
25968329,1789300283,9176668360034368
25968816,1789306151,20947029995519721804
25969054,1789309007,718576151355374
25969070,1789309199,1874214560742252834
25969257,1789311443,10504145273127651926
25969411,1789313291,8977500000000000
25969806,1789318031,11814141513331387
25969808,1789318055,193127784379247487
25970027,1789320683,5586000000000000
25970067,1789321175,9975000000000000
25970210,1789322903,9090683479280419
25970302,1789324007,772295632208932803
25970387,1789325039,236093868481021593
25970546,1789326947,3984834951958205261
25970652,1789328219,2224425000000000000
25970799,1789329983,80672424447778328
25971969,1789344095,240653982803565904
25972373,1789348979,20740927294130947
25972491,1789350395,2593117059750000
25972622,1789351967,61613743306438847
25972759,1789353611,99218238687120000
25972858,1789354799,1352737088640497
25973451,1789361939,787901933681860560
25973680,1789364687,276282508731315977
25974000,1789368527,509000000000000000
25974005,1789368587,12051222219847230000
25974174,1789370615,1967070000000000000
25974504,1789374575,505000000000000000
25974863,1789378883,300000000000000000
25975167,1789382531,248278917883751683
25975213,1789383083,101141621539715178
25975301,1789384139,255857785878772832
25975416,1789385519,14943048750000000000
25975462,1789386071,9929017256736485250
25975465,1789386107,99750000000000000
25975479,1789386275,694260000000000000
25975586,1789387559,25805237694391337662
25975598,1789387703,20146210524643435342
25975808,1789390223,498750000000000000
25975812,1789390271,498750000000000000
25975821,1789390379,997500000000000000
25975998,1789392503,240556365796110000
25976018,1789392743,35907659298483840000
25976053,1789393163,2466000000000000000
25976116,1789393919,99750000000000000
25976199,1789394927,1535741978131139574
25976522,1789398827,84740543993852406375
25976836,1789402631,3591211400419527150
25976839,1789402667,2756353741279838280
25976844,1789402727,4105718289451737735
25976846,1789402751,3452049852687270923
25976849,1789402787,6827429670798758123
25976853,1789402835,8655759304994675948
25976856,1789402871,3028885364520931729
25976857,1789402883,4558759316047979595
25976971,1789404251,1486275000000000000
25977032,1789404995,9975000000000000000
25977094,1789405739,45026280894613714
25977237,1789407467,6596654128667614
25977347,1789408787,3508771929824561
25977394,1789409351,4431798358852625851
25977394,1789409351,3889749373433583
25977450,1789410035,1615950000000000000
25977545,1789411187,9166704031643308
25977551,1789411259,40891432315230000
25977555,1789411307,37401305109210000
25977714,1789413227,200332262203815000
25978168,1789418723,4251968347802943
25978186,1789418951,93822285828495000
25978717,1789425359,961365324511052548
25978909,1789427663,17254741284284991221
25978950,1789428167,314553445921366811
25978962,1789428311,719953901740290000
25979166,1789430759,863188541391471152
25979185,1789430987,33080371820731996
25979209,1789431275,17727268228842480
25979214,1789431335,117014345737024826
25979277,1789432103,3863866143987060
25979347,1789432955,10513477289856191
25979463,1789434347,36902438206937169499
25979786,1789438259,8039850000000000000
25979969,1789440455,26297790066812838
25979974,1789440515,8681286476641965
25980117,1789442231,3080000000000000000
25980315,1789444607,2005012531328320802
25980318,1789444643,50125313283208020
25980794,1789450355,99363878337904255110
25980815,1789450607,10972500000000000000
25981014,1789453007,150375939849624060
25981068,1789453655,1055975445000000053
25981411,1789457783,6240327188129252245
25981523,1789459127,107202389887110000
25981596,1789460003,13260124219681356975
25981660,1789460771,9691677034979356
25981734,1789461659,4110275689223057644
25981830,1789462811,2622411713468855554
25981948,1789464227,997500000000000000
25981971,1789464503,29330762933702392
25982007,1789464935,715896276326876328
25982072,1789465715,5989693716587714
25982077,1789465787,2860040921776509
25982077,1789465787,2024341975737508
25982082,1789465847,4121382757356366
25982084,1789465871,9143890262165470
25982203,1789467311,3222276455583286
25982239,1789467743,6298709450647634213
25982246,1789467827,5152613454128879865
25982459,1789470443,7980000000000000
25982563,1789471691,99309212671984717
25982568,1789471751,94762500000000000
25982619,1789472363,3686052874055049934
25982996,1789476887,99750000000000000
25982998,1789476911,99750000000000000
25983106,1789478219,1595100984552783121
25983162,1789478903,49602892940359314
25983433,1789482167,99341060643939980031
25983437,1789482215,8528348141851263
25983701,1789485395,190133760545575126
25983997,1789488959,297349362833670000
25984115,1789490375,3731003833557276
25984137,1789490651,204937111741096487
25984137,1789490651,657245141714382171
25984303,1789492655,1212328248109497518
25984333,1789493039,24935662775866271543
25984515,1789495259,1496250000000000000
25984524,1789495367,1159895445267263468
25984591,1789496171,1908644845475908068
25984705,1789497539,73899011714946193125
25984851,1789499291,1037989997772840000
25984885,1789499699,143241000000000000
25984901,1789499891,2988922290081525000
25985005,1789501139,13673799390774570
25985066,1789501871,7169616702049248
25985168,1789503095,997500000000000000
25985170,1789503119,1966865125611645000
25985407,1789505975,210517294495242881
25985421,1789506143,2963976757638290
25985432,1789506275,3798728147592914
25985480,1789506863,206164918532540201
25985626,1789508615,160000000000000000
25985639,1789508771,728457070890602
25985686,1789509335,1443382500000000000
25985706,1789509575,488775000000000000
25985802,1789510727,4358072893783725
25985805,1789510763,39244502775871686
25985874,1789511591,10071531035102571651
25985926,1789512227,1601022562125000000
25986156,1789514999,398481300000000
25986836,1789523171,239147340933295
25986960,1789524659,2593500000000000000
25987165,1789527119,701754385964912280
25987167,1789527143,629732425687179681
25987204,1789527587,546222655999461216
25987268,1789528355,17135317010482420
25987661,1789533083,22942500000000000
25987746,1789534103,598500000000000000
25987891,1789535843,168000000000000000
25987900,1789535951,115000000000000000
25988164,1789539131,1000000000000000000
25988177,1789539287,99750000000000000
25988490,1789543055,2556257539500000
25988605,1789544459,968090036634408285
25988664,1789545179,2494453623013859276
25989051,1789549835,1576050000000000000
25989202,1789551647,591696798181384142
25989316,1789553027,9936916398753721125
25989322,1789553099,149625000000000000
25989373,1789553711,54180245344016829208
25989444,1789554563,16673928648419187
25989494,1789555163,110124000000000000
25989494,1789555163,100000000000000000
25989623,1789556723,2813548520078749
25989673,1789557323,16598400000000000000
25989768,1789558463,4987500000000000
25989973,1789560935,1415831675183273
25990012,1789561403,10000000000000000
25990107,1789562543,20947500000000000000
25990152,1789563083,99750000000000000
25990223,1789563935,574050418988352
25990279,1789564619,10025062656641604
25990335,1789565303,2483669287831959
25990383,1789565879,1714439133123230
25990422,1789566347,21729881547632647670
25990431,1789566455,37532668933232529
25990514,1789567451,798000000000000000
25990564,1789568051,2276265047439075000
25990611,1789568615,5386500000000000
25990674,1789569371,199500000000000000
25990708,1789569779,420945000000000000
25990730,1789570043,399000000000000000
25991037,1789573739,863744563010627
25991413,1789578287,2681183292375000000
25991436,1789578575,42698873015813123
25991849,1789583555,88051456166730000
25991855,1789583627,1175438159909994427
25992218,1789587995,297228401608544288
25992421,1789590443,1605272608393965000
25992484,1789591199,699788158524105000
25992523,1789591667,20958801283621181611
25992541,1789591895,312148636187747341
25992601,1789592615,1054992465833447
25992884,1789596011,32152053104950464
25992931,1789596575,54083997245180308
25992967,1789597007,79470311427657308
25993015,1789597583,1465156251460425247
25993064,1789598171,832521621625835679
25993092,1789598507,158075735457885000
25993336,1789601435,279677404125000000
25993414,1789602371,7380385946115000
25993723,1789606103,9555869506583047
25993782,1789606823,1085006567323796973
25993848,1789607615,1835400000000000000
25994233,1789612247,3538081519184094986
25994667,1789617491,61489734284265000
25994935,1789620719,10930740853550107
25994939,1789620767,8855597711788300
25994996,1789621451,13498866169750589
25995186,1789623731,11705631289136431
25995197,1789623863,99750000000000000
25995265,1789624679,8000000000000000
25995308,1789625195,4445635042424517614
25995558,1789628207,1995000000000000
25995564,1789628279,2992500000000000
25995565,1789628291,798000000000000000
25995592,1789628615,4987500000000000
25995609,1789628819,290587302608492108
25995620,1789628951,39900000000000000
25995701,1789629923,458145363408521303
25995714,1789630079,661716891520937500
25995786,1789630943,6994058643722115000
25995833,1789631507,19424417684910000
25995966,1789633103,198119611184617568
25996133,1789635107,1821330812449680000
25996365,1789637891,293165605807653904
25996864,1789643915,10690333557555065
25996874,1789644035,163475842672371281
25997087,1789646603,7333945292779340
25997207,1789648043,45000000000000000
25997207,1789648043,18949822985443665000
25997255,1789648631,40100250626566416
25997324,1789649495,4117283323457259406
25997381,1789650179,318767477818661876
25997473,1789651283,94093392837842703
25997481,1789651379,217397377626704
25997498,1789651583,9557484293915328
25997510,1789651727,52585606415669427
25997523,1789651883,3489195904919970000
25997679,1789653755,9975000000000000
25997797,1789655183,2405504225141535000
25997840,1789655699,2583104249647396090
25998147,1789659407,74724939056057475
25998191,1789659935,50000000000000000
25998395,1789662395,10000000000000000
25998469,1789663283,369779711251916978
25998522,1789663919,2616893505074708771
25998589,1789664723,9928082885318986500
25998712,1789666199,5774780112566010
25998725,1789666355,758136504859515428
25998939,1789668923,89775000000000000
25998941,1789668947,8799669228170554
25998944,1789668983,8108874211308381
25998950,1789669055,3463462201436892
25998956,1789669127,314578511517142
25998960,1789669175,632163684986298
25998998,1789669631,19950000000000000000
25999103,1789670891,2005012531328320802
25999109,1789670963,2005012531328320802
25999117,1789671059,2005012531328320802
25999273,1789672943,997300500000000000
25999353,1789673903,20628845324163423717
25999497,1789675631,483665582837838214
25999524,1789675955,7692400000000000000
25999643,1789677419,172846144922095404
25999746,1789678691,60720357149981382
25999858,1789680035,664974853513076790
25999926,1789680851,50000000000000000
25999972,1789681415,9929371510636698750
25999996,1789681715,4997130760755000
26000285,1789685183,2506265664160401002
26000484,1789687583,2005012531328320802
26000502,1789687799,3039287774998848781
26000674,1789689887,2703473709680797673
26000711,1789690331,1056206481206336
26000979,1789693547,2305764411027568922
26000999,1789693787,26968543748134706
26001086,1789694831,19047619047619047
26001098,1789694975,229024787574660000
26001517,1789700003,802005012531328320
26001520,1789700039,352333787478788682
26001770,1789703039,215446211390672
26001889,1789704467,64707731459334159
26002227,1789708523,120939074549999996
26002250,1789708799,9975678529701565
26002288,1789709255,209466229206448792
26002479,1789711547,3584339293500000
26002843,1789715939,29553930000000000000
26002856,1789716095,185499255585000
26002933,1789717019,6053728348886520557
26003062,1789718567,21144138924767739
26003360,1789722143,48369460002708640
26003378,1789722359,72000000000000000
26003410,1789722743,2499188513910593439
26003511,1789723955,2343556624164163
26003562,1789724567,1995000000000000000
26003712,1789726367,2730512732606935
26003887,1789728467,4544356340079150000
26003962,1789729367,17864656375125000
26004049,1789730423,4048697045835679914
26004076,1789730747,142216623056894
26004257,1789732943,455668135560272487
26004279,1789733207,3012450000000000000
26004287,1789733303,1702177706729867
26004294,1789733387,88662089250000000
26004329,1789733807,325448500539091
26004387,1789734515,6455302949525950
26004406,1789734743,407346453542752909
26004493,1789735799,39547933317538622578
26004549,1789736471,13017739589765789
26004616,1789737275,4001414878550268160
26005030,1789742267,40521821350504016
26005662,1789749875,100215727177398774
26005664,1789749899,997500000000000000
26005670,1789749971,997500000000000000
26005676,1789750043,997500000000000000
26005679,1789750079,997500000000000000
26005685,1789750151,997500000000000000
26005709,1789750439,1995000000000000000
26005713,1789750487,1995000000000000000
26005734,1789750739,997500000000000000
26006059,1789754639,3790500000000000000
26006066,1789754723,3890250000000000000
26006300,1789757531,6911501327535000
26006432,1789759127,1892697943190858084
26006550,1789760543,1107285895571492070
26006564,1789760711,169178722488619731657
26006699,1789762331,989983973692615125
26006870,1789764383,7426842666831000330
26007147,1789767719,2099893110000000000
26007198,1789768331,6982500000000000
26007241,1789768847,7035502290289117
26007245,1789768895,7225122651681743
26007341,1789770047,3491250000000000
26007555,1789772615,98690970787668210
26007634,1789773563,2703465647410881867
26007652,1789773779,766882886400210393
26007778,1789775303,851809660816139
26008036,1789778411,25042359366570000
26008144,1789779719,863276242597892
26008146,1789779743,1914703029223337202
26008246,1789780943,72200000000000000
26008295,1789781543,6982500000000000
26008897,1789788791,112865287356735
26009181,1789792223,1407021138132750000
26009253,1789793087,105580769343375612
26009357,1789794335,1353383458646616541
26009599,1789797251,4243526392720934092
26009661,1789797995,250000000000000
26009912,1789801031,1246333206075520910
26009948,1789801463,3490378849656195000
26010059,1789802795,54862500000000000
26010059,1789802795,462840000000000000
26010126,1789803599,51670500000000000
26010140,1789803767,34114500000000000
26010151,1789803899,46882500000000000
26010160,1789804007,29825250000000000
26010224,1789804787,135485761210424
26010251,1789805111,65682714976725000
26010296,1789805651,1888237357197870000
26010325,1789805999,6403950000000000000
26010496,1789808051,1481431397464847160
26010752,1789811135,4200153796804464
26010774,1789811411,2792653630183363
26010928,1789813271,199500000000000
26011050,1789814735,1358594950686431255
26011122,1789815599,9962032500000000
26011142,1789815839,39900000000000000
26011536,1789820579,2706176475445394
26011675,1789822271,12192677708072085
26011735,1789822991,6034875000000000000
26012127,1789827719,62364315856500005
26012358,1789830515,3823443617740880300
26012634,1789833839,1980670229130281308
26012897,1789837019,810267100899316648
26012971,1789837919,4987500000000000
26012976,1789837979,125105840623260000
26013163,1789840235,2005012531328320
26013225,1789840991,1091045550000000000
26013701,1789846739,68115614312518458095
26013839,1789848419,9975000000000000
26014061,1789851083,371407877249721690
26014069,1789851179,750572960856874121
26014148,1789852139,1860911240993284541
26014155,1789852223,519393300813150
26014169,1789852391,18988479699315000
26014269,1789853615,64894459643514
26014695,1789858775,175027304174234558
26014847,1789860599,802987500000000000
26014847,1789860599,2000000000000000
26015187,1789864703,6900000000000000
26015574,1789869371,2300000000000000000
26015822,1789872359,15469512320678187
26015833,1789872491,190268287892765553
26015895,1789873235,3000000000000000000
26015965,1789874075,5539673768427461
26016006,1789874591,62408638340839
26016068,1789875335,217775539310647
26016079,1789875467,997500000000000000
26016084,1789875527,78332973364743
26017011,1789886687,1603000000000000000
26017071,1789887407,943056041066233
26017099,1789887743,95573583729383
26017109,1789887863,36279384510062
26017133,1789888151,44090514220045
26017146,1789888307,9975000000000000
26017330,1789890515,10025062656641604
26017377,1789891079,392278900420313
26017391,1789891247,3143835714200656870
26017443,1789891883,99750000000000000
26017520,1789892807,3959899749373433583
26017634,1789894187,2313261492777961325
26017836,1789896623,600000000000000000
26017912,1789897535,540616102863176471
26017920,1789897631,11940160281068341035
26017997,1789898567,1082533817033854809
26018045,1789899143,7415795025555000
26018162,1789900547,325035095784287
26018231,1789901375,11027568922305764
26018317,1789902407,10473750000000000
26019006,1789910687,288276099023404
26019025,1789910915,105000000000000000
26019173,1789912691,49875000000000000
26019299,1789914203,3028457880000000
26019313,1789914371,9437452374273483
26019348,1789914791,408975000000000000
26019478,1789916351,625931250000000000
26019536,1789917047,24461152882205513784
26019670,1789918655,67500235777122512
26019739,1789919495,482967555000000000
26019984,1789922447,4521174732977070000
26020076,1789923563,6309639766500000000
26020084,1789923659,4158068637096220346
26020115,1789924031,928952124802070
26020208,1789925147,756543680893867178
26020399,1789927475,796497089224274334
26020424,1789927775,713511750000000000
26020479,1789928435,5300000000000000
26020796,1789932239,10691462145721212
26020936,1789933919,1054002588530430000
26021201,1789937099,997500000000000
26021429,1789939871,87263517253195322
26021436,1789939955,247126232913374510
26021504,1789940771,6967576216987949
26021505,1789940783,207760232644541009
26021520,1789940963,190429161930000000
26021613,1789942091,4211520865633892
26021625,1789942235,2033250833250000
26021638,1789942391,32608289538952996
26021641,1789942427,7006340252031644
26021684,1789942943,18074276386416180000
26021684,1789942943,10997956689452394
26021691,1789943027,7980000000000000
26021769,1789943963,4142152286835729
26022014,1789946915,27653585791878186
26022142,1789948475,7478805328533048
26022476,1789952507,299250000000000000
26022480,1789952555,2284147124193629939
26022640,1789954475,155715939365805000
26022645,1789954535,18744640855555509
26022855,1789957067,31920000000000000
26022926,1789957943,1076609603694376591
26022938,1789958087,11970000000000000000
26022975,1789958531,16898114347268638
26023017,1789959035,4182831989983968
26023119,1789960259,3817850107365000000
26023330,1789962827,279300000000000000
26023500,1789964867,12062477195027054
26023570,1789965707,5763324534843732
26023642,1789966571,997500000000000000
26023852,1789969115,14887763016094774
26024062,1789971647,2821396136014315021
26024116,1789972319,35852202482448
26024147,1789972691,87800000000000000
26024603,1789978175,104139079042506034
26024651,1789978751,997500000000000000
26025048,1789983539,3990000000000000000
26025358,1789987283,94639308750000001
26025402,1789987811,14763565133009588
26025553,1789989671,35002792467716172
26025577,1789989959,39896821883849385000
26025658,1789990943,271422826377647333
26025666,1789991039,842741774004165
26026177,1789997219,94057769163307242
26026190,1789997375,2431887404610720000
26026379,1789999667,241395000000000000
26026592,1790002247,77805000000000000
26026632,1790002727,19950000000000000
26026697,1790003519,168219529265760000
26027089,1790008259,563154815894863531
26027306,1790010887,2173625773604712
26027498,1790013215,95535841847880000
26027963,1790018843,5917513338561892
26027965,1790018867,30762998221830000
26027969,1790018915,2246078859805279
26028054,1790019959,10272281910555000
26028136,1790020955,9414704733057499
26028162,1790021267,18453750000000000000
26028207,1790021819,197398467089527177
26028305,1790022995,4436148822525000000
26028375,1790023835,7759596502438074559
26028438,1790024591,87702033024869102
26028469,1790024987,8972367459260625000
26028557,1790026067,7198957342769635
26028581,1790026355,1512824540517538832
26028707,1790027867,94762500000000000
26028901,1790030219,3072382633849484442
26029128,1790032943,8478750000000000
26029153,1790033243,243988500000000000
26029180,1790033567,5985000000000000
26029504,1790037491,401674804819140812
26029511,1790037575,6119578983287497
26029517,1790037647,1083181476740270
26029524,1790037731,200025655925241
26029532,1790037827,254632684429001
26030119,1790044919,2671229502903810
26030146,1790045243,37626204482472006539
26030464,1790049095,1992406500000000000
26030487,1790049371,8778000000000000
26030567,1790050331,53312598617862891
26030703,1790051987,24458700000000000
26030746,1790052503,5406602535773470
26030913,1790054519,30000000000000000
26031036,1790056019,15037593984962406
26031368,1790060051,112142838249649300190
26031535,1790062055,10333373601487586
26031536,1790062067,119157886680000
26031935,1790066903,87750642095705562
26031966,1790067275,9928732932383997375
26032005,1790067743,113000000000000000
26032078,1790068631,29394969297750000
26032104,1790068955,21824613262959
26032134,1790069327,3600896671155241133
26032182,1790069915,11672486356732422
26032238,1790070599,648375000000000000
26032280,1790071103,2024029540049106146
26032307,1790071427,1478847088945538
26032430,1790072903,28363317736469415
26032452,1790073167,4065576023079
26032483,1790073539,2000000000000000
26032638,1790075399,948679956232539
26032787,1790077199,79702897025960723
26032791,1790077247,2493750000000000000
26032807,1790077439,9663171525000000
26032850,1790077967,9975000000000000000
26032865,1790078147,1982444467499999993
26033152,1790081591,30000000000000000
26033431,1790084939,195510000000000000
26033643,1790087495,38418540789559283
26033653,1790087615,993608343902055000
26034064,1790092595,997320840408227465
26034271,1790095127,81974278759585418
26034513,1790098067,387748120509726959
26034647,1790099699,4987500000000000
26034700,1790100335,6347840395806557868
26034785,1790101367,3489243894786615000
26034914,1790102915,10000000000000000
26035207,1790106431,3356829184136464208
26035209,1790106455,1811788839643980777
26035211,1790106479,2012541699927688230
26035213,1790106503,1701681493813329972
26035215,1790106527,2369166736824470888
26035218,1790106563,310420460171863887
26035220,1790106587,3047017892849469000
26035223,1790106623,4247941317779810674
26035225,1790106647,228764692597820873
26035242,1790106851,1144149101621818268
26035318,1790107763,9037555884000000
26035495,1790109887,7978714494125235000
26035616,1790111339,10270855507500000
26035843,1790114099,1516963619096606
26035876,1790114507,4575882451775880000
26036011,1790116127,3000000000000000
26036220,1790118659,383413935274630077
26036258,1790119127,4010025062656641604
26036263,1790119187,117693385896004564
26036307,1790119715,119096543009502083
26036343,1790120147,386081163142375289
26036815,1790125823,148914536995035000
26036940,1790127335,4080200501253132832
26037049,1790128667,340899372685946014
26037261,1790131223,128056006614061645
26037352,1790132315,516886108412205000
26037375,1790132603,364241154435635168
26037552,1790134751,426980579699497706
26037912,1790139083,53865000000000000000
26037930,1790139299,611415664620840776
26037948,1790139515,77553993778430671
26038212,1790142707,58149651353530644
26038397,1790144939,6332353690351758
26038678,1790148335,27525509478036675000
26038790,1790149679,145965286680221848
26038861,1790150531,2526315789473684210
26038952,1790151647,120000000000000000
26039198,1790154635,2225563909774436090
26039568,1790159099,93639891229815000
26039666,1790160287,137737593587777322
26039746,1790161247,143942255236236767
26039777,1790161619,160401002506265664
26039806,1790161967,4602726980793201
26039832,1790162291,57928339288150855
26039853,1790162543,26748913341001951
26040171,1790166407,1293714925135821
26040316,1790168159,1980000000000000000
26040431,1790169575,78802500000000000
26040611,1790171735,78000000000000000
26040758,1790173499,12468750000000000000
26040829,1790174351,1813975327983164305
26040964,1790175971,4291071238539092424
26040992,1790176319,9960097291616325000
26041010,1790176535,6786523036822183
26041022,1790176679,997018899168236235
26041043,1790176931,6981172195436028
26041065,1790177195,9775000000000001
26041068,1790177231,23157296830131785
26041093,1790177531,4539588395178314
26041215,1790178995,9517005140527572
26041219,1790179055,22172499994575000
26041233,1790179223,3121840508136738
26041360,1790180795,997500000000000
26041479,1790182247,1638398062423608
26041838,1790186603,10617733139150404
26041872,1790187023,46722900000000000000
26041934,1790187779,5286750000000000
26042000,1790188571,1817287898473182
26042198,1790190959,59351250000000000
26042333,1790192579,995823427115942361
26042465,1790194175,339221492828563109
26042516,1790194787,7731586351665131
26042534,1790195003,2427409587805480
26042587,1790195639,221882944526349304
26042611,1790195927,202590394889691270
26042638,1790196251,169231013485777530
26042664,1790196575,147483457502430000
26042679,1790196767,3227173631737245901
26042888,1790199275,2860440681751958
26042948,1790199995,1536912595459883937
26043029,1790200979,1117564654775269123
26043108,1790201939,7092796431106681841
26043230,1790203415,2005012531328320
26043339,1790204735,26561840095013343
26043449,1790206055,8478750000000000
26043567,1790207483,5347217498348926410
26043567,1790207483,5027837802750000
26043667,1790208683,367844738828875427
26043883,1790211287,4986841103736054435
26043944,1790212019,4274256076699688
26044049,1790213279,8913634744779101
26044104,1790213951,149625000000000000
26044109,1790214011,997500000000000000
26044945,1790224115,3195729594612435216
26045034,1790225195,39848059397045748226
26045274,1790228087,1016159171951553240
26045344,1790228939,1496250000000000000
26045485,1790230655,406015037593984962
26045531,1790231207,997500000000000
26045558,1790231531,498750000000000
26045583,1790231831,178066168403039423
26045674,1790232959,997500000000000
26046027,1790237243,2493750000000000
26046042,1790237423,1494426026905764967
26046076,1790237843,18503609827039941818
26046190,1790239223,87126719641200636
26046209,1790239451,647684098967297205
26046315,1790240735,53346431839756277
26046503,1790243015,38687526794119531
26046570,1790243855,197292306758377206
26046592,1790244119,1932157500000000000
26046610,1790244335,117397987750260000
26046621,1790244467,3410905248402374446
26046633,1790244611,2109712500000000000
26046662,1790244959,2364209659575330000
26046808,1790246759,3382081156711639
26046821,1790246915,1217651451016661
26047049,1790249675,915513266529257
26047098,1790250275,8584206150685015
26047148,1790250875,57510053241057887
26047525,1790255423,10219863987138876205
26047588,1790256203,49810162500000003
26047616,1790256539,5488083704250000
26047733,1790257943,18536737737658544462
26047778,1790258483,842584373384747431
26047899,1790259971,150509134488051234
26048074,1790262083,19655448841210893
26048102,1790262419,1600088605881693
26048212,1790263751,6523063360214195689
26048225,1790263907,453862500000000000
26048261,1790264351,812962500000000000
26048311,1790264951,4312210080042593
26048468,1790266859,238692190698247
26048496,1790267195,13380624963616868
26048507,1790267327,39900000000000000000
26048797,1790270831,2775044474989719045
26049079,1790274227,30722993962748887
26049082,1790274263,36957736984515
26049166,1790275283,119743411200000000
26049170,1790275331,741930542629815000
26049331,1790277263,26065162907268170426
26049362,1790277635,207256327081755000
26049482,1790279075,7923167232982721
26049606,1790280575,1845375000000000000
26049667,1790281319,174604524985039100
26049865,1790283719,182258665503852100
26049940,1790284619,9975000000000000
26049959,1790284847,8650327151643594202
26050050,1790285939,74995101322792325
26050142,1790287067,488323894704600767
26050337,1790289431,7467837282352658
26050363,1790289755,204216721734047825
26050473,1790291075,35320333654327156
26050650,1790293223,4312953321347830
26050741,1790294315,6259398723769067590
26050745,1790294363,189125837660120
26050800,1790295047,9962032500000000
26051433,1790302691,1447583970000000000
26051435,1790302715,7946652519413977
26051448,1790302871,6982500000000000
26051469,1790303135,3645434824344048
26051710,1790306027,996531851492696663
26051719,1790306135,293919208159741068
26051944,1790308859,748125000000000000
26052182,1790311751,41041613946832434268
26052356,1790313851,3160287116083949
26052397,1790314343,2500000000000000
26052456,1790315051,244364692523366483
26052670,1790317643,28058094141416595
26052673,1790317679,4056567813244118
26052731,1790318387,996203250000000
26053601,1790328863,5625900000000000000
26053632,1790329235,2294250000000000000
26053818,1790331491,1189148416828403
26053982,1790333459,8365218781949610000
26053995,1790333615,45885000000000000000
26054075,1790334575,86215538847117794
26054090,1790334755,9208981188929487
26054180,1790335835,142799625824797028
26054247,1790336639,31645868529089544112
26054250,1790336675,8015136244946798
26054260,1790336795,198211000668395064
26054264,1790336843,282329375860555669
26054266,1790336867,9333960074441236
26054350,1790337887,7565050687760700
26054393,1790338403,87096872806230000
26054529,1790340047,8352582382381965000
26054536,1790340131,3774999895826284
26054545,1790340239,12903094081272083
26054578,1790340635,6587134880421867270
26054578,1790340635,986712541333380
26054751,1790342711,183875828858993720
26054838,1790343755,10244263897451210
26054847,1790343863,299250000000000000
26055090,1790346803,3101274468923400000
26055309,1790349479,1795500000000000000
26055484,1790351603,145000000000000000
26055782,1790355215,15680217603691754
26055987,1790357687,20000000000000000
26056046,1790358395,1130981570819588800
26056323,1790361731,3007518796992481
26056456,1790363327,127920394556795952
26056475,1790363555,41071796004547128
26056633,1790365463,2487515625000000
26056634,1790365475,1209045368175347106
26056647,1790365631,926349409117986315
26056650,1790365667,277306244116918984
26056653,1790365703,3249573808023069818
26056655,1790365727,3472011273757513725
26056657,1790365751,5027164015277330693
26056660,1790365787,18510899107674650618
26056662,1790365811,1975174492890749337
26056664,1790365835,1893040355858847983
26056884,1790368487,199500000000000
26056967,1790369495,941369264860185000
26057283,1790373299,67163973171639185
26057355,1790374163,2781897336740034
26057424,1790374991,1824500960792145
26057493,1790375819,552597940457452
26057580,1790376887,3847499277844293
26057677,1790378063,101504143074951208
26057694,1790378267,35802710212710000
26057740,1790378819,8977329385501991906
26057766,1790379131,48300760923518
26057784,1790379347,31225985547373
26058247,1790384939,185070304898082240
26058419,1790387027,264776061273956481
26059084,1790395031,17955000000000000
26059389,1790398703,5586000000000000
26059468,1790399651,10490103572466603
26060042,1790406599,3663507249126531959
26060307,1790409779,9245762363250000
26060358,1790410403,1468719000000000000
26060363,1790410463,2394000000000000000
26060726,1790414855,7861484398617211
26060739,1790415011,2317506146891474
26060742,1790415047,367821193890014000
26060742,1790415047,1262164112946903
26060746,1790415095,9497655380112025
26060751,1790415155,1909447251219348
26060756,1790415215,620635937030287
26060760,1790415263,2783406379447318
26060765,1790415323,2538701191430174
26060772,1790415407,2178029691162977
26060776,1790415455,2443489812056864
26060885,1790416763,742638750000000000
26060920,1790417183,1225046701796885
26060969,1790417771,7836333864551307675
26061004,1790418191,94042485764365289
26061079,1790419115,121447638575912479
26061316,1790421971,1428358164975000000
26061395,1790422919,1097449500000000000
26061479,1790423927,124000000000000000
26061535,1790424599,55000000000000000
26061636,1790425811,2531149806150000000
26061676,1790426303,5724869546025000000
26061817,1790427995,13891184873615294
26061830,1790428151,3944628445334983707
26062186,1790432447,397161254813725304
26062253,1790433251,348289518346980000
26062291,1790433731,398481300000000
26062297,1790433803,398481300000000
26062333,1790434235,438386454681000000
26062345,1790434379,353577938562975000
26062351,1790434451,4838543449130860
26062410,1790435159,155388471177944862
26062611,1790437583,145328960586696904
26062617,1790437655,1412466729302100203
26062638,1790437907,11040906008282719748
26062695,1790438603,20947500000000000
26062853,1790440511,8965829250000000
26062903,1790441111,8913203660852456
26062916,1790441267,299250000000000000
26063001,1790442287,6077767500000000000
26063022,1790442539,67316840086746192
26063062,1790443019,1854541900597450543
26063288,1790445743,4987500000000000
26063376,1790446799,3830870727649321
26063417,1790447291,3582975768287309
26063456,1790447759,1365672920661734
26063505,1790448347,356585098629909
26063570,1790449127,187665127676508799
26063589,1790449355,996322326824203352
26063762,1790451431,4206079480573110000
26063786,1790451719,127206354664108
26063918,1790453303,679717653926704595
26063961,1790453819,15925761658344245
26064359,1790458631,85611199695254078
26064645,1790462099,997500000000000
26064976,1790466071,20041304293202819
26065008,1790466467,43428906276202614
26065068,1790467187,78664193433000006
26065235,1790469203,257573670532595211
26065705,1790474855,14119188662250000
26065818,1790476223,308322913468499997
26065928,1790477567,250626566416040100
26066007,1790478527,56893629534350305
26066280,1790481803,2539418428290350421
26066510,1790484587,485020250316499275
26066747,1790487431,23525339748750001
26066801,1790488079,259350000000000
26066910,1790489387,38902500000000000000
26067003,1790490503,250000000000000000
26067149,1790492267,997038967609650000
26067189,1790492759,29035789048196108
26067565,1790497295,2124331144140251420
26067567,1790497319,4038713281660047444
26067656,1790498387,28000000000000000
26067667,1790498519,244331163576152492
26067811,1790500271,379050000000000000
26067888,1790501195,5430452103751500000
26067974,1790502227,6138142653007115
26068021,1790502791,1171265915079435000
26068490,1790508455,260811337500000000
26068739,1790511443,1262970369547874
26068743,1790511491,1000000000000000000
26069728,1790523407,3108612509609985000
26069735,1790523491,3023919429769980000
26069889,1790525339,63134046495030000
26070008,1790526767,9975000000000000
26070138,1790528351,24089541653903099091
26070165,1790528675,1310809271719878782
26070277,1790530031,15924176822071254
26070424,1790531831,762412641375000000
26070514,1790532911,660000000000000000
26070580,1790533703,171265198656711861
26070656,1790534627,1138838728585530000
26070982,1790538575,87954619408870071
26071035,1790539211,3825267537070349761
26071261,1790541983,199500000000000000
26071338,1790542919,4007385632854998
26071446,1790544239,9975000000000000
26071515,1790545091,164807589101089502
26071549,1790545499,39900000000000000
26071625,1790546423,165623881052427
26071649,1790546711,96307074881080696
26071704,1790547371,5153280168556548
26071779,1790548271,47179045428751052
26072163,1790552891,1117200000000000
26072381,1790555531,705360714959250039
26072505,1790557031,4366405384467390841
26072513,1790557127,4067627146963153270
26072524,1790557259,390007915885320389
26072907,1790561867,22543500000000000000
26072942,1790562287,262549855121781871
26072994,1790562911,357184639857079634
26073099,1790564171,636515972149867794
26073167,1790564987,262369468675249814
26073421,1790568047,39900000000000000
26073459,1790568515,5685750000000000000
26073471,1790568659,4094237599060799
26073930,1790574167,637281541890095480
26074119,1790576435,6521813857092565
26074122,1790576471,6421819822255804
26074151,1790576819,60149250000000000000
26074302,1790578631,38376879786411149
26074338,1790579063,4046942759330253583
26074447,1790580371,10825128169475713
26074487,1790580851,498750000000000000
26074540,1790581487,167821861305902957
26074561,1790581739,4488750000000000
26075134,1790588627,9975000000000000
26075217,1790589623,554677567793181516
26075238,1790589875,932248361217810000
26075275,1790590319,100914047885258200
26075404,1790591891,1820985939706617198
26075478,1790592791,5025094063479500756
26075485,1790592875,5000000000000000000
26075544,1790593583,12181261073028871
26075636,1790594687,16319459843058221
26075641,1790594747,6058942214153445
26075822,1790596919,498750000000000000
26075825,1790596955,997500000000000
26076199,1790601443,1226167888961838590
26076206,1790601527,41931858016686342
26076208,1790601551,26964339556207510
26076271,1790602307,3525968981692047
26076518,1790605295,10972500000000000
26076547,1790605655,99750000000000000
26076552,1790605715,6322589728362648761
26076852,1790609327,1789913002046906591
26077080,1790612087,387831491733532735
26077135,1790612747,17832722763817822
26077243,1790614043,19900000000000000000
26077257,1790614211,442890000000000000
26077311,1790614883,241395000000000000
26077350,1790615351,49810162500000003
26077356,1790615423,199500000000000000
26077359,1790615459,4987500000000000
26077408,1790616047,6764303237629560000
26077917,1790622167,72364176372721617
26078031,1790623535,5818411205603812420
26078054,1790623811,299250000000000000
26078173,1790625251,563147972807910000
26078451,1790628623,448291462500000011
26078631,1790630795,94124872821742826
26078647,1790630987,1296750000000000000
26078800,1790632835,9975000000000000
26078904,1790634083,2371155515393163555
26079040,1790635715,39690563518595615857
26079074,1790636123,1912043799937845000
26079154,1790637083,1117546858302945000
26079198,1790637611,8355848426199819
26079569,1790642087,10728332457260212
26079578,1790642195,94904754382828027739
26079616,1790642651,212299610121273413
26079699,1790643647,9975000000000000
26079755,1790644319,2355889724310776942
26080027,1790647607,376392522129540000
26080091,1790648375,299250000000000000
26080175,1790649395,94303318826995854767
26080397,1790652071,24905081250000001
26080402,1790652131,305880193066770000
26080605,1790654579,9953847532146913218
26080958,1790658815,1992406500000000
26081058,1790660015,624567379148685000
26081140,1790660999,1992205677504525000
26081264,1790662511,330318847038755167
26081568,1790666159,10972500000000000000
26081654,1790667215,27930000000000000000
26081661,1790667299,962406015037593984
26081775,1790668679,19341525000000000000
26082003,1790671415,997500000000000000
26082484,1790677211,228888599346776642
26082496,1790677355,997500000000000000
26082527,1790677739,422539326637890000
26082560,1790678135,31300581455960429
26082631,1790678999,103844054067649634
26082631,1790678999,2171530219026934
26082687,1790679671,7178839936538499790
26082995,1790683367,4640123315207755872
26083001,1790683439,29537655816113228
26083345,1790687579,1352213805777975000
26083676,1790691551,382262103968115000
26084094,1790696579,424549198113778256
26084095,1790696591,3910693726863315000
26084414,1790700443,6169509146034562084
26084496,1790701427,4987500000000000
26084521,1790701739,32458688359998327
26084579,1790702435,14763686771644965
26084939,1790706791,49875000000000000
26085032,1790707907,995064721946427973
26085256,1790710595,11638223662549215
26085316,1790711315,3854757996157583
26085353,1790711771,27183110144254507
26085678,1790715671,4987500000000000
26085703,1790715971,2566772259892262
26086030,1790719919,73801147836432970
26086092,1790720663,1197000000000000000
26086241,1790722463,288333826213445054
26086245,1790722511,137442502838076672
26086249,1790722559,79225159275236659
26086253,1790722607,85443386515579871
26086272,1790722835,2094750000000000000
26086531,1790725943,701085929395764
26086563,1790726327,64837500000000000
26086768,1790728811,1389163415739202
26086771,1790728847,8866266571591154868
26086808,1790729291,28782300236361388
26086876,1790730107,17281698106147583
26087561,1790738363,3192000000000000000
26087617,1790739035,229075925219884177
26087731,1790740403,4987021389273596947
26087785,1790741051,1096202043358993504
26087827,1790741555,1017450000000000000
26087919,1790742671,1197000000000000000
26087969,1790743283,2086378946360158094
26087970,1790743295,5486250000000000
26088003,1790743691,5486250000000000
26088027,1790743979,856543743191513839
26088135,1790745275,800000000000000000
26088173,1790745731,5018139240403199242
26088206,1790746127,99750000000000000
26088416,1790748671,44477845377090933
26088458,1790749175,1777278901902559164
26088815,1790753459,997500000000000000
26088967,1790755295,99750000000000000
26088973,1790755367,12357661921670470931
26088989,1790755559,6786507214523411
26088993,1790755607,9938992466024278
26088993,1790755607,8380135595392968
26089086,1790756747,2373314357474370467
26089088,1790756771,15301912220789791
26089093,1790756831,8219119165617427
26089148,1790757491,798000000000000000
26089272,1790758979,37950771091485000
26089330,1790759675,169034816800451300
26089404,1790760563,1174804416883520
26089429,1790760863,1700050711344783786
26089500,1790761715,188030032803319
26089512,1790761859,390514034051950072
26089591,1790762831,200271964112850000
26089598,1790762915,4868494459561369586
26089601,1790762951,258796973384924548
26089617,1790763143,37185078021735000
26089669,1790763767,5635875000000000000
26090003,1790767787,1894453626055872
26090039,1790768219,3998699527251776
26090256,1790770823,82792500000000000
26090327,1790771675,432170551501887993
26090528,1790774087,685282500000000000
26090543,1790774267,217455000000000000
26090662,1790775707,8441221990739320734
26090849,1790777963,7793108459919825000
26091033,1790780183,142040934310893289
26091082,1790780771,5958498667338105000
26091222,1790782463,4987500000000000000
26091353,1790784047,3428690265777681
26091356,1790784095,692307551622675
26091493,1790785739,148223713995000000
26091506,1790785895,43690500000000000
26091602,1790787047,1264824267737448
26091827,1790789747,1515212110667897212
26091835,1790789843,1119028662153598853
26091840,1790789903,467157795135190370
26092380,1790796419,4845016736525347
26092566,1790798675,3928867122964100794
26092580,1790798843,4434452076985911
26092874,1790802371,7879442179984698
26092962,1790803427,34237418566534619
26092967,1790803487,3187408136400075000
26093427,1790809067,1077300000000000000
26094013,1790816123,99097157115705000
26094154,1790817815,8748860012633767
26094162,1790817911,2032081468869808002
26094248,1790818943,161059863829961
26094255,1790819027,397334601803647
26094390,1790820647,1496250000000000
26094699,1790824355,5486250000000000
26094701,1790824379,9376500000000000
26094883,1790826575,832080200501253132
26095074,1790828867,4389000000000000000
26095088,1790829035,1672145230682597409
26095384,1790832611,381398863484061
26095562,1790834747,330000000000000000
26095689,1790836271,55257870621363531
26095843,1790838119,632274486669856
26095912,1790838947,4845159282831344946
26095976,1790839715,3918637464962791848
26096213,1790842571,197252530029076453
26096563,1790846807,56713099999732442
26096639,1790847719,2660529061836049050
26096668,1790848067,1077602545740000000
26096695,1790848391,18332910013157880000
26096859,1790850359,10863596441250000
26097075,1790852951,139650000000000000
26097333,1790856071,1296750000000000000
26097348,1790856251,8866603741579804
26097726,1790860823,32200000000000000
26097750,1790861111,4184574401198862
26098472,1790869823,15105106423953671
26098482,1790869943,2091332150427370
26098577,1790871095,265145472185687099
26098753,1790873219,113745649353677513666
26098872,1790874647,643719503866110000
26098934,1790875391,251043219000000002
26099178,1790878319,90325773737704847
26099336,1790880227,8358191882445303660
26099908,1790887115,996203250000000
26099926,1790887331,3984813000000000
26099945,1790887559,997500000000000
26100092,1790889323,1240603041309840112
26100120,1790889659,256176294080900450
26100374,1790892731,1309949642577621
26100483,1790894039,125973254603176134
26100569,1790895071,9269038671357928
26100727,1790896967,2054987513099684849
26100989,1790900111,1076208046603305
26101309,1790903987,13458558550908016
26101531,1790906651,714227841993246564
26101539,1790906747,13829904128511566
26101678,1790908415,1897760924955000
26101965,1790911871,2141791491108045000
26102016,1790912483,26248421094891
26102109,1790913599,95929091964615000
26102191,1790914583,155062378226068127
26102200,1790914691,35080526970401517
26102231,1790915063,34652463014532688
26102256,1790915375,51716938105241406
26102283,1790915699,33333238074285655
26102695,1790920655,20000000000000000
26102879,1790922875,9965025000000000000
26102903,1790923163,7554975186717594
26103050,1790924927,9975000000000000
26103107,1790925611,8132322149916533198
26103153,1790926163,19950000000000000
26103229,1790927087,380806268070768711
26103267,1790927543,1280000000000000000
26103301,1790927951,283085735878774013
26103317,1790928143,43469068535321673
26103481,1790930123,2775218338567500
26103549,1790930939,40000000000000000
26103678,1790932487,1477025786688944583
26103690,1790932631,1380673906989696463
26103707,1790932847,8670817644723505
26103719,1790932991,2377285047463165
26103724,1790933051,1546087440824282929
26103730,1790933123,7625717539371754
26103733,1790933159,1961464612757809332
26103780,1790933723,548625000000000000
26103844,1790934491,6931056216871768
26103899,1790935163,5775014564908747
26104055,1790937059,64837500000000000
26104059,1790937107,9559477026438322
26104163,1790938355,281487760678467475
26104295,1790939939,23228864069483086
26104402,1790941235,1194007500000000
26104451,1790941823,18194138878116617
26104491,1790942303,19950000000000000000
26104522,1790942675,161709131746095543
26104568,1790943227,140052990000000000
26104628,1790943947,324952249962568026
26104664,1790944379,23940000000000000
26104673,1790944487,19950000000000000
26104696,1790944763,4039875000000000000
26104717,1790945015,2994528894749080
26104825,1790946347,742736411691216379
26104881,1790947019,1942263628032956
26105011,1790948591,379050000000000000
26105021,1790948711,89658292499999999
26105037,1790948903,5978887598811999256
26105051,1790949071,1588537767809906074
26105086,1790949491,22942500000000000000
26105412,1790953427,394960136680548511
26105447,1790953847,611263010747822426
26105531,1790954855,8370395183821317
26105604,1790955731,897750000000000000
26105977,1790960243,2992500000000000
26106014,1790960699,110141054160243039
26106209,1790963039,5042463070413720762
26106211,1790963063,2699096969348042611
26106212,1790963075,2152550000983351814
26106357,1790964815,25935000000000000
26106553,1790967179,4362411199098461720
26106566,1790967335,1895250000000000000
26106593,1790967659,357020737608759146
26106638,1790968223,997500000000000
26106671,1790968619,7507657800059445000
26106869,1790971007,124916969872818900
26106869,1790971007,101000000000000000
26106870,1790971019,216162759775305000
26107020,1790972819,10661672039445000
26107024,1790972867,24807885899940570000
26107362,1790976935,37594999752757545000
26107566,1790979395,1483709273182957393
26107574,1790979491,2338821088350319
26107663,1790980559,3069729501847847
26107701,1790981015,7434872973150000
26107728,1790981363,17271282304535843
26107769,1790981855,40000000000000000
26107788,1790982083,1870885336320000
26107847,1790982791,20330451893899567
26108477,1790990375,10025062656641604010
26108737,1790993507,997500000000000
26108931,1790995847,3990000000000000
26108982,1790996459,1296750000000000
26109084,1790997683,2992500000000000
26109152,1790998499,135309248858918038
26109701,1791005099,99750000000000
26110147,1791010463,97164406057044830
26110171,1791010763,348838827844611497
26110412,1791013667,1795500000000000
26110454,1791014171,38745768688074115
26110497,1791014687,2294250000000000
26110536,1791015155,5057582325509910000
26110564,1791015491,4596268109871467
26110595,1791015863,6000000000000000000
26110687,1791016967,399000000000000000
26110916,1791019727,189278617500000000
26110990,1791020615,1073443398490092628
26111069,1791021563,997500000000000
26111305,1791024407,56608125000000000
26111521,1791026999,189525000000000000
26111622,1791028211,19950000000000000000
26111631,1791028319,9575429379627248
26111686,1791028979,346196497169461888
26111720,1791029387,96384097054803508
26112105,1791034019,4812495173323817
26112296,1791036323,4987500000000000
26112388,1791037427,497804236706596575
26112408,1791037679,305000000000000000
26112529,1791039143,5685750000000000
26113059,1791045515,27028458682612641
26113074,1791045695,14962500000000000
26113075,1791045707,6982500000000000
26113091,1791045899,996647709270990000
26113092,1791045911,369075896520214081
26113110,1791046127,741276228436642
26113185,1791047039,1995000000000000000
26113234,1791047627,47319654375000001
26113498,1791050795,42966692157152373
26113726,1791053567,40100250626566416
26113829,1791054803,622751569915880
26113961,1791056387,552140407322365268
26114054,1791057503,10990000000000000000
26114062,1791057599,19672081245876195
26114064,1791057623,3249830707419286437
26114066,1791057647,555050589260589786
26114068,1791057671,8444840471863516520
26114070,1791057695,886917638623523812
26114345,1791060995,1709877277238162970
26114357,1791061139,50000000000000
26114370,1791061295,20121027728579055
26114494,1791062783,22521748995432510
26114569,1791063683,129841445822497352
26114639,1791064523,74926599839185845
26114640,1791064535,10090696975418889
26114643,1791064571,101100908660682433
26114655,1791064715,2081358883377922504
26114790,1791066347,816863337086846298
26114885,1791067487,30075187969924812
26115259,1791071987,44945702030249999
26115702,1791077315,37056556029649552528
26115758,1791077987,2574666229315881
26115912,1791079847,730369367552729146
26116401,1791085727,50091768537804167
26117076,1791093851,3092250000000000
26117568,1791099755,57855000000000000
26117579,1791099887,507590559916520
26117649,1791100751,10025062656641604010
26117750,1791101963,1576571141947641742
26117831,1791102947,2493232663901700000
26117849,1791103163,498076072242000000
26117955,1791104435,4981016250000000
26118026,1791105287,331469250000000000
26118183,1791107183,1990246025888759310
26118261,1791108119,3630621381601637
26119200,1791119423,726933482985611
26119341,1791121127,1120728656250000000
26119401,1791121847,6230932916025281
26119463,1791122591,82955777333200398
26119592,1791124139,99620325000000006
26119694,1791125363,93183015402862875
26119708,1791125531,270676691729323308
26119986,1791128867,1860706568744734034
26120010,1791129155,10909326797344272
26120162,1791130991,5486250000000000
26120226,1791131759,168269865549244467
26120333,1791133055,3934655502992080531
26120374,1791133547,1722871961234681828
26120376,1791133571,6859914724369728
26120404,1791133907,41086376056910588
26120422,1791134123,1903483030604085000
26120785,1791138503,7698662892512374391
26120788,1791138539,7536416545561150018
26120791,1791138575,2676259958113624578
26120793,1791138599,4547397177343797820
26120795,1791138623,2694452957033769161
26120830,1791139043,8977500000000000000
26121117,1791142499,76606539605683460
26121241,1791143987,3782977799947920872
26121243,1791144011,1809978532716534647
26121335,1791145127,191021250000000000
26121810,1791150851,8338350668885898606
26121902,1791151955,3990000000000000000
26121976,1791152843,724634841879305612
26122017,1791153335,2892750000000000000
26122064,1791153899,2081540731676457276
26122125,1791154631,1995000000000000000
26122779,1791162491,1245877500000000000
26123456,1791170615,10025062656641604
26123469,1791170771,2919014843772850232
26123505,1791171203,450000000000000000
26123516,1791171335,4289250000000000000
26123627,1791172667,3042383862217802607
26123742,1791174047,4654282924754342579
26123887,1791175799,2145874247166205
26124300,1791180779,1579736108269271255
26124304,1791180827,1378375119534466589
26124706,1791185675,1055852308171485
26124876,1791187727,19950000000000000
26124969,1791188855,364670658450000
26125020,1791189467,2917292649600000
26125032,1791189611,51617976300001
26125111,1791190559,997500000000000000
26125241,1791192119,2062546825034417486
26125337,1791193283,1207704919553107
26125358,1791193535,20946502500000000000
26125362,1791193583,29000000000000000000
26125376,1791193751,2364632339750041998
26125475,1791194939,195510000000000000
26125701,1791197651,3998932785014638591
26125745,1791198179,172862386484823587452
26125842,1791199367,209475000000000000
26126243,1791204215,922059258962940000
26126274,1791204587,498750000000000000
26126280,1791204659,2397785211217595715
26126367,1791205703,8079750000000000000
26126698,1791209723,3802571867441355
26126698,1791209723,19341047750115000
26127111,1791214691,172685856168000000
26127163,1791215315,7182000000000000000
26127227,1791216083,156287453602168705
26127309,1791217067,221417037747863722
26127436,1791218603,3990000000000000
26127542,1791219887,3978899975666528222
26127596,1791220535,1133526464742571430
26127654,1791221231,2897067318832943
26127662,1791221327,1265385686438318017
26127671,1791221435,2515608183758283
26127683,1791221579,1233082706766917293
26127766,1791222575,308879053233556225
26128032,1791225767,1833364759632767403
26128080,1791226343,835736198589541323
26128112,1791226727,4987500000000000
26128422,1791230459,2379417057976103978
26128456,1791230867,3643602132377158
26128506,1791231467,165043893578506415
26128802,1791235019,366943457406832443
26128809,1791235103,249342742851797743
26129035,1791237815,3727376915525491
26129138,1791239063,498750000000000000
26129235,1791240227,3213103767323223
26129476,1791243143,6745232937059999
26129524,1791243719,4987500000000000000
26129581,1791244403,1987518750000000
26129637,1791245099,3014810027366919
26129949,1791248855,3502749352906068474
26129996,1791249443,8877750000000000
26130108,1791250799,901258787881917229
26130157,1791251387,3000000000000000000
26130162,1791251447,404339346359274129
26130174,1791251591,57356250000000000
26130273,1791252791,118203750000000000
26130366,1791253919,2789951329454346467
26130645,1791257267,451127819548872180
26130924,1791260627,638400000000000000
26131017,1791261743,5012531328320802005
26131096,1791262691,164639149707635960
26131125,1791263039,9676883570273059
26131570,1791268379,7539472797152523
26131575,1791268439,982243595871767
26131578,1791268475,1450565844316959
26131872,1791272027,710012890709968142
26131884,1791272171,10753472006303709
26131918,1791272579,5167352295838765
26132172,1791275651,119233752428882402
26132204,1791276035,52169250000000000
26132218,1791276203,50981007963468050
26132546,1791280175,9691442390377206
26132548,1791280211,99750000000000000
26132566,1791280427,14962500000000000
26132666,1791281663,3751554868127441
26132690,1791281951,33638642985582412907
26132716,1791282287,79800000000000000
26132793,1791283211,5386500000000000000
26132901,1791284507,5000000000000000
26132951,1791285107,173070818935302570
26133215,1791288275,2034075526873566
26133355,1791289955,1183496690532240163
26133358,1791289991,309225000000000000
26133460,1791291215,3326421150211742207
26133465,1791291287,3280320042844585643
26133471,1791291359,3271230076899180434
26133505,1791291767,2939958499790354097
26133508,1791291803,2266536977659635211
26133512,1791291851,2025658487332707858
26133521,1791291959,308765399909245424
26133534,1791292115,35749999544496335934
26133578,1791292643,1993589245689600222
26133662,1791293651,289260654421917416
26133683,1791293915,157948059160247343
26133928,1791296879,3446727061498405688
26133965,1791297323,5000000000000000000
26134021,1791298019,3258860144201350227
26134044,1791298295,683696701784841
26134256,1791300839,401585278737600273
26134414,1791302735,911869951451467226
26134472,1791303443,491435032935347443
26134472,1791303443,44568430292919171
26134472,1791303443,340191836273480667
26134473,1791303455,44474061131572011
26134473,1791303455,44341620786428593
26134481,1791303551,1849667546662990
26134481,1791303551,4277445212788761
26134481,1791303551,3012397843535277
26134481,1791303551,24175987264892322
26134481,1791303551,4400573776461351
26134481,1791303551,948777368548649
26134481,1791303551,1127999570243438
26134481,1791303551,1704651193741368
26134481,1791303551,34243534645379698
26134481,1791303551,84435120282611
26134550,1791304379,3491250000000000000
26134615,1791305159,184537500000000000
26134871,1791308243,255000000000000000
26134910,1791308711,1291920746013675887
26135125,1791311291,258336422993250024
26135186,1791312023,21525800958065018317
26135207,1791312275,4954106236073168
26135385,1791314411,4887750000000000
26135512,1791315935,662554217681078800
26135566,1791316583,1556532763292842089
26135647,1791317555,498750000000000000
26135775,1791319091,18751593888354618987
26135907,1791320675,22730825131402435424
26135950,1791321191,2359596402297129692
26136010,1791321911,925689903653182603
26136055,1791322451,38662881301701506
26136272,1791325067,6730357532945947128
26136398,1791326579,2211023137162129
26136398,1791326579,299250000000000000
26136407,1791326687,498750000000000000
26136532,1791328187,34795949524241515
26136616,1791329195,65379603730577042
26136652,1791329627,73656070316152699
26136679,1791329951,611702376420991665
26136728,1791330539,39900000000000000000
26136748,1791330779,10468762500000000000
26136761,1791330947,58353750000000000
26137491,1791339755,22842750000000000000
26137696,1791342215,5386500000000000
26137919,1791344903,2205513784461152882
26137919,1791344903,37884709673914644057
26137947,1791345239,19950000000000000000
26138249,1791348875,735157500000000000
26138272,1791349151,17215560727991923
26138320,1791349727,19950000000000000000
26138675,1791353987,29925000000000000000
26138773,1791355175,16600451732606949585
26139021,1791358163,13596217833965174
26139125,1791359423,997500000000000
26139139,1791359591,109725000000000
26139214,1791360491,186290007750000
26139224,1791360611,493120608749999998
26139348,1791362099,363756949312677759
26139438,1791363191,3007462500000000000
26139462,1791363479,1795500000000000000
26139468,1791363551,6025062656641604010
26139500,1791363947,5586000000000000000
26139502,1791363971,1452428191862102265
26139542,1791364463,34438946128032849
26139561,1791364691,5985000000000000000
26139718,1791366575,39512396523681896
26139761,1791367091,28425472717472948
26139773,1791367247,941414736299275
26139869,1791368399,4083973056938621
26139901,1791368783,2874100418767521
26139913,1791368927,958306016482213
26139917,1791368975,381303778654603
26139925,1791369071,907837927259735
26140069,1791370823,29435647106466664
