block,time,amount_wei
24849226,1775822915,2000000000000000000
24849386,1775824847,8423000000000000
24849555,1775826887,1000000000000000
24849568,1775827043,2000000000000000000
24849623,1775827703,2000000000000000
24849709,1775828735,50125313283208020
24849764,1775829395,4010025062656641604
24849769,1775829455,19751803116000000
24849821,1775830079,120000000000000000
24849844,1775830355,4269785377746161974
24849912,1775831171,609641518374413
24850142,1775833931,2500000000000000
24850171,1775834279,3000000000000000
24850217,1775834831,250000000000000000
24850312,1775835971,10000000000000000
24850315,1775836019,1601923765273046301
24850648,1775840027,1177103930000000000
24850648,1775840027,402618989238009613
24850758,1775841347,2000000000000000000
24850782,1775841647,991319075582626198
24850891,1775842955,998923300322737940
24850929,1775843411,2000000000000000
24851001,1775844275,7980000000000000000
24851006,1775844335,7980000000000000000
24851008,1775844359,1994002500000000000
24851012,1775844407,1829415000000000000
24851064,1775845031,60999270863436544000
24851323,1775848163,1718500528982380838
24851361,1775848619,976930647974974670
24851421,1775849339,1002506265664160401
24851549,1775850875,749274223900000000
24851600,1775851487,1850000000000000000
24851644,1775852015,17182776942355889
24851667,1775852291,1919989765461689924
24851686,1775852519,103000000000000
24851760,1775853407,570000000000000000
24851770,1775853527,85339197293233082
24851895,1775855039,9022556390977443
24851931,1775855483,1350362542990363
24851978,1775856047,500000000000000000
24852107,1775857595,3980000000000000
24852171,1775858399,9807114428918039271
24852175,1775858447,14546723490000000
24852259,1775859467,837831445458304000
24852261,1775859491,50125313283208020
24852277,1775859683,182306541000000000
24852284,1775859767,45500000000000000
24852387,1775861003,210000000000000000
24852623,1775863847,190568700000000000
24852634,1775863979,51046764058187075
24852800,1775865971,2000000000000000000
24853230,1775871155,762622269674185464
24853247,1775871359,1000000000000000000
24854074,1775881331,10000000000000000000
24854517,1775886659,1002506265664160
24854538,1775886911,6000000000000000
24854720,1775889107,100000000000000000
24854799,1775890067,100000000000000000
24854824,1775890367,2400000000000000
24854900,1775891279,1137366322527194155
24854927,1775891603,1000000000000000
24854984,1775892287,88331266422987770
24855207,1775894975,45105170124183664680
24855344,1775896631,733400000000000000
24855496,1775898455,5037656798638199
24855712,1775901047,501253132832080200
24855727,1775901227,90632635422798917
24855830,1775902463,135227382453929928
24855918,1775903519,300000000000000000000
24855943,1775903819,200000000000000000000
24855964,1775904071,75843860000000000
24855971,1775904155,150000000000000000000
24855974,1775904191,37184037621656671
24856022,1775904767,99000000000000000
24856164,1775906483,2992500000000000
24856172,1775906579,15037593984962406
24856318,1775908343,10000000000000000
24856492,1775910443,1970534527236173508
24856904,1775915423,1000000000000000000
24856935,1775915795,30000000000000000
24857090,1775917655,5012531328320802
24857108,1775917871,1797566308463252128
24857436,1775921807,330827067669172932
24857581,1775923547,179748983622528000
24857616,1775923967,272104430471873
24857626,1775924087,600000000000000000
24857633,1775924171,5012531328320803
24857669,1775924603,226400000000000000
24857688,1775924831,31430733161143037
24857740,1775925455,112300000000000000
24857821,1775926439,5194000000000000
24857989,1775928467,323349296210669923
24858063,1775929355,1002506265664160401
24858157,1775930495,65789718812466444
24858261,1775931743,100000000000000000
24858420,1775933675,5030703833977600
24858519,1775934863,27233713551923103
24858574,1775935535,2907268170426065
24858738,1775937503,15338732554486139
24858841,1775938739,367676182312947676
24859751,1775949707,1804511278195488
24859769,1775949923,100000000000000000
24859799,1775950295,1904761904761904
24859852,1775950931,2005012531328320
24859903,1775951543,1500000000000000
24859909,1775951615,962406015037593984
24859935,1775951927,21840352972031087
24859937,1775951951,20050125313283208
24860144,1775954435,1000000000000000000
24860374,1775957207,15037593984962406015
24860381,1775957291,119700000000000000
24860534,1775959139,10025062656641604010
24861023,1775965019,219840000000000000
24861039,1775965223,20050125313283208
24861056,1775965427,50000000000000
24861345,1775968895,10025062656641604
24861574,1775971655,37266668244288887
24862002,1775976791,60000000000000000
24862450,1775982179,1510000000000000000
24862709,1775985287,8324502394823537
24862728,1775985515,10025062656641604010
24862788,1775986235,1002506265664160
24862883,1775987375,136304892099633057
24862972,1775988455,15175528416115200
24863000,1775988803,82435721236931345
24863639,1775996507,1395551563251200
24863890,1775999519,7500000000000000000
24864053,1776001487,1000000000000000000
24864153,1776002687,255097429899493
24864329,1776004799,650000000000000000
24864359,1776005171,15805846566707832985
24864445,1776006203,501253132832080200
24864466,1776006455,800000000000000
24864606,1776008135,5012531328320802
24864610,1776008183,400000000000000000
24864628,1776008411,171299319070000000000
24864629,1776008423,100000000000000000
24864649,1776008663,2779317114814809
24864649,1776008663,100000000000000
24864654,1776008723,67533311148076593273
24864661,1776008807,30819125869824811626
24864763,1776010031,6855000000000000000
24864827,1776010811,23492074380195432
24864889,1776011555,550000000000000000
24864894,1776011615,750000000000000000
24865315,1776016679,1000000000000000000
24865324,1776016787,696728302443429483
24865343,1776017015,19112119604442099
24865485,1776018719,246293734335839598
24865516,1776019091,378466738371573004
24865558,1776019595,6820000000000000000
24865600,1776020111,952380952380952380
24865638,1776020567,431077694235588972
24865659,1776020819,100000000000000000
24865682,1776021095,191394937343358396
24865940,1776024203,2585924011823689102
24866070,1776025763,301459823000000000
24866186,1776027155,775988709815907917
24866189,1776027191,1000000000000000000
24866200,1776027323,948919387880921726
24866217,1776027527,10000000000000000
24866437,1776030179,10025062656641604010
24866464,1776030503,81208397898433886
24866496,1776030899,4930056500000000000
24866559,1776031655,1085000000000000000
24866616,1776032351,661654135338345864
24866625,1776032459,89532519372636331
24866763,1776034115,100000000000000000
24866789,1776034427,3000000000000000000
24867166,1776038963,646500000000000000
24867361,1776041303,6820000000000000000
24867453,1776042407,608222919160252448
24867512,1776043115,183204048215427992838
24867625,1776044471,4010025062656641604
24867814,1776046751,23250000000000000
24868056,1776049655,30000000000000000
24868113,1776050339,15460000000000000
24868294,1776052511,4560000000000000000
24868342,1776053087,4974937343358396
24868347,1776053147,374959092905992626
24868409,1776053891,15037593984962406015
24868452,1776054407,15037593984962406015
24868521,1776055235,15037593984962406015
24868857,1776059279,350000000000000000
24868933,1776060191,26800127267439951953
24869301,1776064619,2998442191044864000
24869581,1776067979,490000000000000000
24869651,1776068855,999184044453160000
24869813,1776070799,500000000000000000
24869961,1776072587,1589295713883276000
24870087,1776074099,6360000000000000000
24870101,1776074267,9875390000000000000
24870277,1776076379,8749036306550400
24870393,1776077771,1500000000000000000
24870423,1776078131,1568922305764411
24870508,1776079163,100000000000000000
24870602,1776080303,1250000000000000000
24870913,1776084035,1000000000000000000
24870958,1776084575,7363065941626475386
24871010,1776085199,501253132832080200501
24871158,1776086975,60150375939849624
24871179,1776087227,10025062656641604
24871287,1776088535,3100000000000000000
24871376,1776089603,25712137682366874
24871416,1776090095,3000000000000000000
24871511,1776091235,10000000000000000
24871511,1776091235,4782563000000000000
24871516,1776091295,11415700000000000000
24871529,1776091451,230000000000000000
24871558,1776091799,2579583785266000000
24871634,1776092711,20000000000000000
24871681,1776093287,285632000000000000
24871788,1776094583,4000000000000000000
24871837,1776095171,12450000000000000
24871897,1776095891,500000000000000000
24871897,1776095891,421839360000000000
24871900,1776095927,1999118959067050880
24872009,1776097235,361100589012096000
24872111,1776098459,308239150036210235
24872129,1776098675,2000000000000000
24872154,1776098975,18001877410000000000
24872219,1776099767,501253132832080200
24872283,1776100535,2000000000000000
24872323,1776101027,2659777134107462449
24872336,1776101183,14000000000000000
24872468,1776102767,350877192982456140
24872505,1776103211,10025062656641604
24872545,1776103691,10000000000000000
24872572,1776104015,93000000000000000
24872591,1776104243,501253132832080
24872785,1776106571,328676261756086560
24872794,1776106679,5000000000000000
24872854,1776107411,3310867167919799
24872997,1776109139,307028033445973283
24873064,1776109943,1002506265664160401
24873064,1776109943,20000000000000000
24873186,1776111407,10025062656641604010
24873202,1776111599,2005012531328320
24873207,1776111659,1000000000000000000
24873258,1776112271,10000000000000000000
24873272,1776112439,3279218045112781
24873352,1776113399,1000000000000000000
24873357,1776113459,1002506265664160401
24873363,1776113531,17138826173657596
24873416,1776114167,400000000000000000
24873539,1776115643,471177944862155388
24873680,1776117347,2000000000000000
24873958,1776120683,369689788254009488
24874193,1776123515,4000000000000000000
24874311,1776124931,1002506265664160401
24874461,1776126731,3699169374492400000
24874481,1776126971,17343000000000000000
24874554,1776127847,2516290726817042606
24874631,1776128771,1832389762747826364
24874658,1776129095,120000000000000000
24874785,1776130619,200540000000000000
24875098,1776134387,200000000000000000
24875190,1776135491,119868062651377451
24875232,1776135995,15037593984962406015
24875584,1776140219,20000000000000
24876025,1776145535,100000000000000000
24876044,1776145763,965000000000000000
24876152,1776147059,23571503671954545
24876275,1776148535,4000000000000000000
24876488,1776151103,13460000000000000
24876512,1776151391,5012531328320802005
24876641,1776152939,15540729479747894
24876818,1776155075,1203007518796992481
24876855,1776155531,423057644110275689
24876959,1776156779,5000000000000000
24877136,1776158903,902255639097744360
24877304,1776160919,1000000000000000
24877324,1776161159,3032607092119786668
24877333,1776161267,10025062656641604010
24877573,1776164159,1500000000000000000
24877642,1776164999,1462200000000000000
24877679,1776165443,13600000000000000
24877723,1776165971,1391229854795792000
24878721,1776177995,388313126656000
24878844,1776179483,30000000000000000
24878904,1776180203,67709257808075664
24878930,1776180515,1678275568922305764
24878976,1776181067,200501253132832080
24878998,1776181331,10323762837171000
24879101,1776182567,802005012531328320
24879352,1776185579,34845514248090000
24879431,1776186527,12531328320802005
24879582,1776188339,1000000000000000000
24879610,1776188675,184222394074581398
24879624,1776188843,1000000000000000000
24879723,1776190043,20000000000000000
24880073,1776194255,10000000000000000
24880090,1776194459,655000000000000000
24880163,1776195335,200000000000000000000
24880168,1776195395,44619731572211548
24880419,1776198407,1002506265664160401
24880652,1776201203,25574845707909488
24880742,1776202283,2807017543859649122
24881077,1776206339,1884708483818952198
24881103,1776206651,4500000000000000000
24881170,1776207455,300000000000000000
24881283,1776208811,887567760065072355
24881398,1776210191,1720000000000000000000
24881653,1776213263,1000000000000000000
24881742,1776214343,75000000000000000
24881779,1776214787,15898887681141587520
24882137,1776219119,2000000000000000000
24882502,1776223523,101283857673858325
24882688,1776225755,2600000000000000000
24882693,1776225815,290000000000000000
24883389,1776234167,20000000000000000
24883460,1776235019,350000000000000000
24883519,1776235727,5000000000000000000
24883524,1776235787,19446877793821651
24883549,1776236087,13113158380079691
24883571,1776236351,10459618782043120
24883579,1776236447,57823912034543537
24883587,1776236543,10000000000000000
24883617,1776236903,41650759410827205
24883641,1776237191,19000000000000000
24883652,1776237323,432080200501253132
24883695,1776237851,118305407874000000
24883703,1776237947,15869262271445150
24883715,1776238091,14000000000000000
24883836,1776239543,825000000000000000
24883868,1776239927,13000000000000000
24883954,1776240959,541353383458646616
24883985,1776241331,3000000000000000000
24884377,1776246035,3175234304862110952
24884425,1776246611,369496615192104609
24884442,1776246815,300000000000000000
24884639,1776249179,379906911986419204
24884681,1776249683,17000000000000000
24884728,1776250247,5012531328320802
24884905,1776252371,5791859649122807
24884938,1776252767,5740992481203007
24884951,1776252923,12939127720012359
24885036,1776253943,43506285724890085
24885039,1776253979,1002506265664160
24885042,1776254015,1172498385879603
24885167,1776255515,10000000000000000
24885414,1776258503,3000000000000000000
24885433,1776258731,30000000000000000
24885489,1776259403,1495739348370927
24885663,1776261503,27117920113567125
24885760,1776262667,28571428571428571
24885761,1776262679,12500000000000000000
24885810,1776263267,696219788758628733
24885848,1776263723,19545103359903517
24886043,1776266063,17522668871566800
24886081,1776266519,973509219164738891
24886130,1776267107,150000000000000000
24886171,1776267599,501253132832080200
24886204,1776267995,12678880685204294516
24886332,1776269543,13073820017643180464
24886411,1776270503,95238095238095238
24886431,1776270743,11186331525884391
24886557,1776272255,150000000000000000
24886606,1776272843,5480000000000000000
24886646,1776273335,2327515309734146
24886696,1776273935,100250626566416040
24886948,1776276959,42105263157894736
24886954,1776277031,113900000000000000
24886960,1776277103,724818152224160
24887029,1776277955,78478912201699
24887219,1776280247,5012531328320802005
24887391,1776282311,7619047619047619
24887439,1776282887,86000000000000000
24887485,1776283451,902255639097744
24887744,1776286559,1748993342377811
24887811,1776287363,560000000000000000
24887905,1776288491,2130000000000000000
24887949,1776289019,1000000000000000000
24888117,1776291047,78000000000000000000
24888185,1776291875,22000000000000000000
24888288,1776293111,14000000000000000
24888325,1776293555,3000000000000000
24888375,1776294155,2000000000000000
24888608,1776296963,388024276210713905
24888742,1776298571,2000000000000000
24888872,1776300155,50000000000000
24888949,1776301079,4000000000000000
24889022,1776301955,50000000000000
24889272,1776304979,245709656401511
24889345,1776305855,15470000000000000
24889369,1776306143,179651261980000000
24889428,1776306851,69263000000000000000
24889615,1776309095,170000000000000000
24889715,1776310295,1062656641604010025
24889716,1776310307,10025062656641604
24890073,1776314615,10000000000000000
24890639,1776321467,16712991674012326
24890892,1776324503,63723412185557920
24891214,1776328379,35000000000000000000
24891258,1776328907,47000000000000000000
24891311,1776329543,15000000000000000000
24891329,1776329759,1303258145363408521
24891448,1776331187,7042669329966520
24891497,1776331775,5000000000000000
24891505,1776331871,23000000000000000
24891794,1776335375,10025062656641604
24891812,1776335591,1250000000000000000
24892008,1776337955,10000000000000000
24892111,1776339191,40124773823561279
24892293,1776341375,5306979391444013010
24892515,1776344051,4000000000000000
24892693,1776346187,10000000000000000
24892790,1776347351,1000000000000000000
24892937,1776349127,100000000000000000
24892960,1776349403,1972871308910562215
24892985,1776349703,1000000000000000
24893013,1776350039,2005012531328320
24893070,1776350723,6760000000000000000
24893131,1776351467,199243789109101158713
24893315,1776353675,252070557957645000
24893419,1776354923,1900000000000000
24893460,1776355415,1500000000000000
24893533,1776356291,501253132832080200
24893770,1776359135,3007518796992481
24893847,1776360059,2048065479913702484
24893943,1776361211,997500000000000
24893948,1776361271,3116968794326016953
24894084,1776362903,27067669172932330
24894191,1776364187,50000000000000000
24894482,1776367679,355021358197108908
24894628,1776369431,2000000000000000000
24894694,1776370223,60150375939849624
24894735,1776370715,501253132832080200
24894881,1776372467,50000000000000000000
24894890,1776372575,5000000000000000000
24894899,1776372683,39626817049166673
24894910,1776372815,75000000000000000000
24895258,1776376991,3655983306291798
24895552,1776380519,4440000000000000000
24895567,1776380699,60000000000000000
24895620,1776381347,1002506265664160
24896048,1776386483,17380000000000000
24896202,1776388331,177066430347012956
24896322,1776389807,400000000000000000
24896457,1776391427,109980726185906160
24896588,1776393023,162406015037593984
24896614,1776393335,160000000000000000
24897059,1776398675,204591268279721699
24897071,1776398819,1487273538593048
24897398,1776402743,254000000000000000
24897742,1776406907,500000000000000000
24897778,1776407339,12773000000000000000
24898135,1776411635,36355756817080349623
24898274,1776413303,1200000000000000000
24898377,1776414539,20050125313283208
24898647,1776417779,902255639097744360
24898657,1776417899,800000000000000000
24898685,1776418235,9821000000000000000
24898720,1776418655,11873000000000000000
24898726,1776418727,100000000000000000
24898755,1776419075,13761800000000000000
24898787,1776419459,10025062656641604
24898895,1776420755,490388139823039306
24899059,1776422723,25000000000000000000
24899111,1776423347,28049148806842944015
24899160,1776423935,25000000000000000000
24899182,1776424211,4030075187969924812
24899192,1776424331,996952228443225323
24899201,1776424439,15600000000000000000
24899349,1776426215,300000000000000000
24899554,1776428675,3957019841185670
24899594,1776429155,10000000000000000000
24899608,1776429323,233179402274455010
24899664,1776429995,4123123500000000000
24899809,1776431735,181324274617360541779
24899828,1776431963,1000000000000000000
24899859,1776432335,2114244596908640907
24899974,1776433715,16500000000000000
24900224,1776436727,7719298245614035087
24900351,1776438263,500000000000000000
24900387,1776438695,8150000000000000000
24900395,1776438791,1000000000000000000
24900515,1776440231,89923317636591
24900941,1776445367,129000000000000000000
24900952,1776445499,20050125313283208
24901117,1776447491,1002506265664160401
24901276,1776449411,300000000000000000
24901422,1776451163,279404213934097691
24901699,1776454487,1002506265664160401
24901711,1776454631,375052961114059170
24901982,1776457883,25062656641604010
24902451,1776463511,10940000000000000000
24902616,1776465491,5204300915322653
24902717,1776466715,453660558073798611
24902741,1776467003,2676691729323308270
24902798,1776467687,918616059363913258
24902903,1776468947,6500000000000000000
24902928,1776469247,10000000000000000000
24903099,1776471299,20385470280000000
24903691,1776478439,28500000000000000
24903836,1776480191,27190676691729323
24903965,1776481751,836476402529681185
24903977,1776481895,2205513784461152882
24904095,1776483311,3461470809084813
24904660,1776490115,80601503759398496
24904684,1776490403,100000000000000000
24904719,1776490823,23000857799378560
24905109,1776495515,300000000000000000
24905113,1776495563,290000000000000000
24905173,1776496283,1000000000000000000
24905512,1776500375,5012531328320802
24905563,1776500987,611528822055137844
24905869,1776504659,22046938583708548
24905903,1776505067,22450344426081040
24905911,1776505163,3508771929824561
24905917,1776505235,22211290731274403
24905925,1776505331,6195127968978018
24905939,1776505499,36526288737748256
24905996,1776506183,12631703987575441
24906017,1776506435,2000000000000000000
24906184,1776508439,5000000000000000
24906290,1776509711,32560000000000000
24906362,1776510575,40100250626566416
24906391,1776510923,3000000000000000000
24907359,1776522551,7518796992481203007
24907398,1776523031,6331309964419288
24907551,1776524867,9600000000000000000
24908268,1776533519,50000000000000000
24908364,1776534695,790000000000000000
24908372,1776534791,2000000000000000
24908397,1776535091,249000000000000000
24909200,1776544775,1002506265664160401
24909787,1776551831,178790283114551142
24910541,1776560891,230576441102756892
24910543,1776560915,1687986244399164106
24910608,1776561695,200000000000000000
24910713,1776562955,259827727371402670883
24911137,1776568043,3253619047619047619
24911275,1776569699,330224863158611328
24911325,1776570311,11745856416255866
24911437,1776571655,20000000000000000
24911878,1776576971,1737391614242200133
24912062,1776579179,9975000000000000
24912293,1776581963,10025062656641604
24912360,1776582767,88469339558953167
24912729,1776587207,501253132832080
24912776,1776587771,650000000000000000
24912786,1776587891,38385504429611700
24912864,1776588827,5012531328320802005
24912952,1776589883,124828364458000000
24913036,1776590891,15347926832000000
24913097,1776591623,50125313283208020
24913467,1776596087,135915338780000000
24913638,1776598139,44158527652365000
24913837,1776600539,43107769423558897
24913984,1776602303,6274340859476279
24914140,1776604187,15116449538723207
24914154,1776604355,21052631578947368421
24914227,1776605231,14816322886137295
24914379,1776607055,34353387759542486
24914617,1776609911,151378446115288220
24914777,1776611831,500000000000000000
24914812,1776612251,500000000000000000
24915143,1776616235,200000000000000000
24915171,1776616571,4200000000000000000
24915183,1776616715,802005012531328320
24915194,1776616847,12818362114190435
24915327,1776618443,3000000000000000000
24915330,1776618479,124980996701850000
24915649,1776622331,5012531328320802
24915723,1776623219,500000000000000000
24915726,1776623267,501253132832080200
24915779,1776623915,554358106407003
24915874,1776625055,30075187969924812030
24915909,1776625475,1754385964912280701
24916052,1776627191,53434762011848454
24916158,1776628487,1000000000000000
24916167,1776628595,30075187969924812
24916256,1776629675,6015037593984962
24916289,1776630071,105263157894736842
24916325,1776630515,21453634085213032
24916403,1776631451,850000000000000000
24916577,1776633551,8020050125313283
24916607,1776633911,2005012531328320802
24916700,1776635051,1511077694235588972
24917185,1776640895,31588972431077694
24918014,1776650855,3362406015037593984
24918064,1776651455,14100000000000000
24918829,1776660659,155000000000000000
24918868,1776661127,855250000000000000
24919344,1776666851,4484553081335959
24919616,1776670151,48120300751879699
24920154,1776676607,20000000000000000000
24920227,1776677483,2000000000000000000
24920301,1776678383,2100000000000000000
24920383,1776679367,1027568922305764411
24921054,1776687431,1523809523809523809
24921272,1776690047,28400000000000000000
24921425,1776691919,441102756892230576
24922356,1776703103,5012531328320802005
24922358,1776703127,2103688330780481008
24922624,1776706319,105965795313655680
24922636,1776706463,382786186981665071
24922993,1776710747,19919799498746867
24923115,1776712211,273818189350702187
24923421,1776715895,1070000000000000000
24923422,1776715907,10000000000000000
24923460,1776716363,4000000000000000000
24923511,1776716987,721789350000000000
24923517,1776717059,1000000000000000000
24923574,1776717743,3694335575998971497
24923592,1776717959,598916300000000000
24923598,1776718031,22912598718286688
24923613,1776718211,23100241693226286
24923626,1776718367,24486437500148671
24923775,1776720155,1483709273182957393
24923884,1776721463,70000000000000000
24923942,1776722171,300000000000000000
24924031,1776723239,2162079624120385246
24924213,1776725423,1000000000000000000
24924343,1776726995,100000000000000000
24924401,1776727691,215538847117794486215
24924600,1776730079,210526315789473684210
24924610,1776730199,16585549423670000
24924738,1776731735,109389946921436519
24924926,1776734003,500000000000000000
24925248,1776737867,1671588423999543
24925296,1776738443,1000000000000000000
24925326,1776738803,31330000000000000000
24925334,1776738899,6456008058405103
24925479,1776740651,27894843436727098
24925626,1776742415,10000000000000000
24925659,1776742811,167330163130961694
24925676,1776743015,521303258145363408
24925758,1776743999,100000000000000000
24926054,1776747563,4100305563909774436
24926063,1776747671,581400000000000000
24926117,1776748319,235000000000000000
24926210,1776749435,119456795021627290
24926219,1776749543,49862151503715075000
24926375,1776751415,1042606516290726817
24926377,1776751439,997500000000000
24926471,1776752579,20000000000000000000
24926486,1776752759,347969924812030075
24926668,1776754955,40100250626566416
24926714,1776755507,17722178534000000
24926779,1776756287,10025062656641604
24926845,1776757079,14270000000000000000
24926932,1776758123,2125247820309966353
24926935,1776758159,5778446115288220551
24926962,1776758483,380663920587765810106
24927052,1776759563,21000000000000000
24927474,1776764627,10025062656641604
24927619,1776766367,10100439067593794
24927791,1776768443,20000000000000000000
24927844,1776769079,11000000000000000000
24927897,1776769715,18000000000000000000
24927965,1776770543,5320135611462124382
24928128,1776772499,10025062656641604
24928366,1776775355,100000000000000000
24928515,1776777155,211668640949171329
24928586,1776778019,77886280378224055
24928740,1776779879,20000000000000000
24928834,1776781007,50000000000000000
24928963,1776782555,100000000000000000
24928974,1776782687,191673845501646368
24928978,1776782735,10025062656641604
24929007,1776783083,50000000000000000
24929033,1776783395,40100250626566416
24929050,1776783599,210526315789473684
24929112,1776784343,1991615479947569935
24929198,1776785375,50125313283208020
24929223,1776785675,10025062656641604
24929267,1776786203,14995594858858038000
24929986,1776794855,1000000000000000000
24929988,1776794879,40100250626566416
24929996,1776794975,401002506265664160
24930238,1776797879,646616541353383458
24930339,1776799091,4000000000000000000
24930482,1776800819,5000000000000000
24930505,1776801095,1900000000000000000
24930651,1776802859,116839558978009984
24930742,1776803951,1002506265664160401
24930844,1776805187,7000000000000000
24931046,1776807611,32100000000000000000
24931127,1776808583,500000000000000
24931316,1776810851,10000000000000000
24931427,1776812195,980127182469552270
24932206,1776821615,360000000000000000
24932616,1776826535,10025062656641604
24932751,1776828167,651629072681704260
24932902,1776829979,20000000000000000
24933170,1776833219,925055412446225195
24933496,1776837143,119653958461748346000
24933554,1776837851,40020381958408658646
24933586,1776838235,4000000000000000000
24933747,1776840179,26188623944067556000
24933874,1776841703,239339945680659781200
24934128,1776844751,9952170000000000000
24934239,1776846083,130000000000000000
24934381,1776847787,282416435821768346228
24934553,1776849851,200000000000000000
24934593,1776850331,10025062656641604
24934680,1776851375,16057719565400511
24934807,1776852899,299422393583872231050
24934853,1776853463,191405869015469545
24934949,1776854615,9900000000000000
24934976,1776854951,6015037593984962406
24935554,1776861923,536904091688052906608
24935706,1776863747,2245600000000000000
24935925,1776866375,4897115441077410968
24936165,1776869279,4000000000000000000
24936250,1776870299,2061031702618807
24936360,1776871643,7729323308270676691
24936581,1776874295,6416424477351136
24936995,1776879275,5012531328320802
24937222,1776881999,6015037593984962
24937307,1776883031,200000000000000000
24937375,1776883847,368196734941851590
24937419,1776884387,30000000000000000
24937490,1776885239,100000000000000000
24937568,1776886199,983463380743512820
24937657,1776887267,30000000000000000
24937758,1776888491,1047033323239063407
24937794,1776888923,63953131041324000
24937807,1776889079,67143702511304134
24937810,1776889127,50125313283208020
24937826,1776889319,67717902097223611
24937864,1776889787,3204814246808911
24938000,1776891431,100000000000000000
24938035,1776891851,70000000000000000
24938088,1776892487,100250626566416040
24938088,1776892487,92854631405818186
24938134,1776893039,5717695061377330
24938247,1776894395,11049209120001724
24938359,1776895739,2901545402996546303
24938490,1776897323,26077823497943937
24938574,1776898343,2800000000000000000
24938618,1776898871,76231061585778342
24938688,1776899723,24217979835291878
24938965,1776903059,200501253132832080
24939004,1776903527,200000000000000000
24939130,1776905051,25000000000000000000
24939235,1776906311,5622200000000000000
24939274,1776906779,5622200000000000000
24939328,1776907427,5622200000000000000
24939627,1776911015,95112781954887218
24939779,1776912851,1630000000000000000
24940192,1776917819,4713307600047315
24940315,1776919295,10000000000000000
24940510,1776921635,896591662242629714
24940783,1776924911,1000000000000000000
24940841,1776925607,23068876882609674
24940865,1776925895,32858506412022039520
24940883,1776926111,10998012727301336000
24940893,1776926231,15997913313015094720
24940912,1776926459,3000000000000000000
24941187,1776929759,802005012531328320
24941795,1776937055,870000000000000000
24941877,1776938039,600000000000000000
24941926,1776938627,1995000000000000
24941985,1776939335,830000000000000000
24942271,1776942791,1002506265664160401
24942502,1776945587,24998206251822444843
24942527,1776945887,2005012531328320802
24942682,1776947747,225000000000000000
24942879,1776950111,100000000000000000
24942893,1776950279,301179607762975400
24942958,1776951059,3395483915981257300
24943108,1776952859,1300000000000000000
24943156,1776953435,2157756613180587445
24943277,1776954887,3007518796992481203
24943534,1776957995,12054562991877602651
24943545,1776958127,50000000000000000
24943630,1776959147,201405847673010325
24943902,1776962423,1002506265664160401
24943936,1776962831,10025062656641604
24944060,1776964319,65831741649778320
24944510,1776969767,26016601503759398
24944578,1776970583,1874686716791979949
24944669,1776971687,25802549740683200
24944925,1776974759,2998813737105000
24945062,1776976403,716280000000000000
24945137,1776977303,528190000000000000
24945218,1776978275,439200000000000000
24945291,1776979151,29646620025780000
24945684,1776983867,83133557131725000
24945818,1776985487,2230000000000000000
24945949,1776987071,51000000000000000
24945998,1776987659,88247011214718454
24946174,1776989771,20050125313283208020
24946301,1776991307,50000000000000000
24947802,1777009355,510000000000000000
24947986,1777011563,60000000000000000
24948108,1777013027,100000000000000000
24948174,1777013831,2500000000000000
24948242,1777014647,5000000000000000000
24948578,1777018703,40802005012531328
24948668,1777019783,300000000000000000
24948684,1777019975,40802005012531328
24948762,1777020911,40664830897811346
24948803,1777021403,20050125313283208
24948856,1777022039,14778189349324790
24949012,1777023911,7017543859649122807
24949888,1777034459,27101364345540117646
24949901,1777034615,1904761904761904761
24949968,1777035419,1539253379339128167
24950231,1777038575,6500000000000000000
24950373,1777040279,44000000000000000
24950392,1777040507,1883273861601973512
24950397,1777040567,11960000000000000000
24950424,1777040891,11950000000000000000
24950495,1777041755,24992332137403648000
24950498,1777041791,21993260577385760320
24950504,1777041863,20992332604271920940
24950552,1777042451,479000000000000000
24950581,1777042799,2000000000000000
24950602,1777043051,2128368641837049703
24950606,1777043099,1200000000000000
24950675,1777043927,870000000000000000
24950688,1777044083,5951879699248120
24950716,1777044431,5134089632920056016
24950741,1777044731,3007518796992481203
24950782,1777045223,450000000000000000
24950860,1777046171,1931426193429596693
24950886,1777046483,11027568922305764411
24950933,1777047047,1431454211513076352
24950942,1777047155,2496240601503759398
24950951,1777047263,18820788174655305043
24951101,1777049063,1000000000000000000
24951239,1777050719,12914447469302085000
24951428,1777052987,330827067669172932
24951573,1777054727,10000000000000000
24951677,1777055975,26065162907268170
24951947,1777059227,1002506265664160401
24952004,1777059911,863113443609022556
24952191,1777062155,100250626566416040100
24952231,1777062635,220000000000000000
24952323,1777063739,1000000000000000000
24952675,1777067987,45000000000000000
24953088,1777072943,53990249087224600
24953483,1777077695,4700000000000000000
24953715,1777080479,32356600000000000
24953991,1777083791,19999115237194529600
24954086,1777084931,40100250626566416
24954255,1777086971,150375939849624
24954264,1777087079,2165413533834586466
24954301,1777087523,285000000000000000
24954503,1777089947,4835403140375770
24954649,1777091711,3189393483709273
24954864,1777094291,200000000000000
24955060,1777096643,501253132832080
24955403,1777100783,259978298000000000
24955492,1777101851,200000000000000
24955651,1777103759,14190564822891840
24955683,1777104143,2336605135491863724
24955705,1777104407,100000000000000000
24956103,1777109183,16367609022556390977
24956670,1777115987,1000000000000000000
24956983,1777119743,501253132832080200
24957058,1777120643,539836594175162326
24957117,1777121351,8000000000000000000
24957150,1777121747,1973934837092731829
24957468,1777125563,50020775333035670
24957560,1777126667,200000000000000000000
24957767,1777129151,44786776942355889
24957799,1777129535,300000000000000000
24957818,1777129763,5000000000000000
24957906,1777130819,87116642489063552
24958487,1777137803,129023995618874317
24958523,1777138235,3989994987468671
24958600,1777139159,2619548872180451127
24958825,1777141883,13032581453634085
24958868,1777142399,1100000000000000000
24958897,1777142747,58174853554085864
24958918,1777142999,313199789056687623
24959163,1777145951,102255639097744360902
24959214,1777146563,372730070110812594
24959239,1777146863,4310776942355889
24959472,1777149659,100250626566416040
24959507,1777150079,200000000000000000
24959527,1777150319,21476141799363834
24959552,1777150619,150000000000000000
24959746,1777152947,340000000000000000
24959762,1777153139,150000000000000000
24959847,1777154171,1045478998180800244
24959904,1777154867,2005012531328320
24959936,1777155251,400000000000000000
24960220,1777158683,1106037160848754962
24960257,1777159127,453201550000000000
24960323,1777159919,511679835063545268
24961196,1777170443,992036903730600000
24961413,1777173047,8621553884711779
24961551,1777174703,5000000000000000000
24961595,1777175243,32000000000000000000
24961854,1777178351,17336102204311948
24962088,1777181183,400000000000000000
24962245,1777183067,325094475003116399
24962620,1777187567,1000000000000000
24962673,1777188203,10000000000000000000
24962719,1777188767,14135558794452631056
24962722,1777188803,16040646014127888217
24962739,1777189007,15000000000000000000
24962745,1777189079,5000000000000000000
24962767,1777189343,28326190331217605879
24962901,1777190951,58648619416657741
24963108,1777193447,501253132832080
24963363,1777196507,1063734929402086838
24963476,1777197863,2000000000000000
24963502,1777198175,200000000000000000
24963737,1777200995,23000000000000000
24963802,1777201775,310776942355889724
24963828,1777202087,11902510106294475530
24963832,1777202135,22389684058215141705
24964006,1777204223,2500000000000000000
24964100,1777205351,23999118469884787200
24964320,1777208003,1200000000000000000
24964600,1777211363,3976585564148726105
24964616,1777211555,180015052518791288
24965072,1777217039,3929824561403508771
24965192,1777218491,21110421253898849
24965894,1777226927,391979949874686716
24965990,1777228079,17370000000000000000
24966483,1777234019,5741337205818017
24966887,1777238879,2700000000000000000
24967017,1777240439,1000000000000000000
24967072,1777241099,70000000000000000
24967079,1777241183,2706766917293233082
24967100,1777241435,107000000000000000000
24967515,1777246427,800000000000000
24967612,1777247591,25548554369703744
24967707,1777248731,31779448621553884
24967813,1777250003,4010025062656641
24967838,1777250303,140350877192982456
24967939,1777251515,14135338345864661654
24968012,1777252403,26466250924275101165
24968018,1777252475,32766066277721594240
24968082,1777253243,10886898286086959805
24968151,1777254071,488028193746688000
24968438,1777257539,11262964696287621537
24968566,1777259075,1000000000000000000
24968727,1777261007,1358943497538321000
24968889,1777262951,434316550961124990
24968958,1777263779,2000000000000000
24969101,1777265507,1002506265664160
24969441,1777269599,5009042606516290
24969585,1777271327,156320000000000000
24969629,1777271855,60653210000000000000
24969774,1777273607,106910760206725053
24969858,1777274615,859430599795136
24970131,1777277903,10000000000000000
24970187,1777278587,3000000000000000000
24970320,1777280183,1400000000000000000
24970368,1777280759,20533976603172960
24970789,1777285811,5293233082706766917
24970835,1777286363,390000000000000000
24970841,1777286435,46454723850000000
24971040,1777288823,32673733739603160
24971157,1777290227,8403125962858184000
24971171,1777290395,988577106737285724
24971366,1777292735,3422200739025462015
24971488,1777294199,3745162907268170426
24971671,1777296407,4987500000000000
24971751,1777297367,37129576731636418
24971798,1777297931,1217161005309401318
24971857,1777298651,200501253132832080
24971904,1777299215,229316675287198743
24972043,1777300907,110255639097744360
24972110,1777301711,804828450282765012
24972176,1777302503,1144684055405383980
24972212,1777302935,7500000000000000
24972243,1777303319,2337946013958697
24972891,1777311095,18993483709273182
24974120,1777325879,939785093459581358
24974268,1777327667,1255584776012531330
24974270,1777327691,142881577806482592
24974292,1777327955,152271259160850403
24974424,1777329539,50125313283208020
24974450,1777329851,100250626566416040
24974487,1777330295,423920000000000000
24974494,1777330379,50125313283208020
24974716,1777333043,500000000000000000
24974864,1777334819,501253132832080
24974986,1777336283,290726817042606516
24975152,1777338287,10000000000000000
24975208,1777338971,20050125313283208
24975291,1777339967,360902255639097744
24975368,1777340891,560637000000000052
24975426,1777341587,701754385964912280
24975664,1777344443,651629072681704260
24975701,1777344887,1303258145363408521
24975887,1777347119,2500000000000000000
24975917,1777347479,2490000000000000000
24975942,1777347779,960834186184140205
24976003,1777348511,501253132832080
24976140,1777350167,197140216151181519
24976329,1777352435,160000000000000000
24976401,1777353299,1000000000000000000
24976587,1777355531,140350877192982456
24976810,1777358207,824521999999999977
24976824,1777358375,20000000000000000000
24976838,1777358543,17231933272385918208
24976842,1777358591,13694668227526108480
24976844,1777358615,6708792074293001709
24976845,1777358627,10000000000000000000
24976855,1777358747,9700000000000000000
24976863,1777358843,29731764951189814339
24977045,1777361027,11862518000000000000
24977099,1777361675,20000000000000000
24977137,1777362131,20000000000000000
24977138,1777362143,2005012531328320
24977200,1777362887,450000000000000000
24977247,1777363451,40100250626566416
24977280,1777363859,5500000000000000000
24977360,1777364819,10657160759788994639
24977362,1777364843,5454058532232293313
24977365,1777364879,17354188610614654528
24977470,1777366139,6215538847117794
24977543,1777367015,7117794486215538
24977562,1777367243,15037593984962406
24977568,1777367315,1750000000000000000
24977693,1777368827,423591339874495462
24977694,1777368839,195879154601303072
24977821,1777370375,10025062656641604
24977828,1777370459,1545627296054767699
24977858,1777370819,24000000000000000000
24977906,1777371395,5012531328320802
24977955,1777371995,9045169314263100
24978040,1777373015,2000000000000000000
24978040,1777373015,191440695949317214
24978058,1777373231,1123000000000000000
24978172,1777374599,4992481203007518796
24978173,1777374611,12838812385910231
24978422,1777377611,1688355248606747872
24978532,1777378967,20000000000000000000
24978610,1777379903,900000000000000000
24978666,1777380575,54762750000000000000
24978795,1777382123,29925000000000000
24978966,1777384175,3100000000000000000
24979111,1777385939,3100000000000000000
24979152,1777386443,68172122355827713
24979244,1777387547,50125313283208020
24979331,1777388591,21052631578947368
24979541,1777391111,52123700918283856
24979550,1777391219,24260651629072681704
24979828,1777394567,1000000000000000
24979853,1777394867,172937527389059958
24980204,1777399091,403538326263325581
24980243,1777399559,120300751879699248
24980545,1777403195,3261016911493968720
24980604,1777403903,100000000000000000
24980902,1777407479,2970000000000000000
24980959,1777408163,43400000000000000
24981018,1777408871,1784398475715698500
24981036,1777409087,41851328796493504
24981069,1777409495,637400000000000000
24981283,1777412063,200501253132832080
24981342,1777412771,20050125313283208
24981689,1777416935,100250626566416040
24981720,1777417307,11000000000000000
24981741,1777417559,349125000000000000
24981746,1777417619,500000000000000000
24981747,1777417631,100000000000000000
24981790,1777418147,5067000000000000
24981834,1777418675,1496250000000000000
24981836,1777418699,4300000000000000
24982325,1777424567,13500000000000000000
24982392,1777425371,21402506265664160
24982785,1777430099,551378446115288220
24983326,1777436615,250626566416040100
24983334,1777436711,1954887218045112781
24983502,1777438727,13000000000000000
24983550,1777439303,471964327369559782
24983571,1777439555,21075647247538842656
24983574,1777439591,26460022651070684396
24983577,1777439627,16373601499196878944
24983703,1777441151,1000000000000000000
24983758,1777441811,133713371337000000
24983789,1777442183,25175166547358396
24983860,1777443035,9977191419141914
24984188,1777446971,366331170297352600
24984260,1777447847,2005012531328320802
24984322,1777448603,501253132832080200
24984396,1777449491,100250626566416040
24984424,1777449827,990000000000000000
24984490,1777450619,100250626566416040
24984549,1777451327,45096838166092267
24984558,1777451435,4300000000000000000
24984567,1777451543,103687255562597136
24984672,1777452803,1127175000000000000
24984814,1777454519,3100000000000000000
24985023,1777457027,253063356932809121
24985056,1777457423,892269895887818776
24985210,1777459283,800000000000000
24985273,1777460051,989044362898876979
24985334,1777460795,100000000000000000
24985494,1777462715,16690696269183346
24986011,1777468919,200501253132832080
24986046,1777469339,500000000000000000
24986067,1777469591,119700000000000000
24986127,1777470311,1121546169843750000
24986161,1777470719,529077043200000
24986453,1777474235,110275689223057644
24986531,1777475171,800000000000000000
24986833,1777478819,788025000000000000
24986837,1777478867,60150375939849624
24986920,1777479875,100000000000000000
24986981,1777480607,23962172166141391
24987125,1777482335,1470512294160165677
24987176,1777482959,28234306805971476123
24987489,1777486727,97479177562980887
24987527,1777487183,98110938772361023
24987606,1777488131,1503759398496240601
24987663,1777488815,2661777573834431
24987703,1777489295,94000000000000000
24987988,1777492727,12134362704366988
24988056,1777493543,22055137844611528
24988119,1777494299,100250626566416040
24988232,1777495655,29665629803770348
24988255,1777495931,219867335728807992
24988392,1777497587,370927318295739348
24988427,1777498007,15084543725884033842
24988454,1777498343,812962500000000000
24988499,1777498883,7268070907748928
24988652,1777500719,991038061753950000
24988696,1777501247,21488420100250626566
24988777,1777502219,2347312852072917
24988918,1777503911,405100743222676297125
24989198,1777507283,2913624305732573932
24989281,1777508279,70000000000000000
24989548,1777511495,7000000000000000
24989934,1777516139,605478861035605515000
24989963,1777516499,450000000000000000
24990005,1777517003,2205513784461152882
24990040,1777517423,1804511278195488721
24990847,1777527131,1000000000000000000
24991153,1777530803,187000000000000000
24991164,1777530935,220551378446115288
24991223,1777531643,3925240000000000000
24991225,1777531667,31203879969950472
24991237,1777531811,20000000000000000
24991238,1777531823,2190751535148052941
24991246,1777531919,9000000000000000000
24991268,1777532183,1333071460725835800
24991268,1777532183,25000000000000000000
24991439,1777534247,2403869199344864261
24991572,1777535843,5535438596491228
24991660,1777536899,80000000000000000
24991670,1777537019,39129581283019398
24991695,1777537319,5538345864661654
24991882,1777539563,13603819548872180
24991894,1777539707,5704260651629072681
24991894,1777539707,8120300751879699
24991913,1777539935,9523809523809523
24991943,1777540295,802005012531328320
24992058,1777541675,2000000000000000000
24992062,1777541723,1524925734048958732
24992083,1777541975,10025062656641604
24992114,1777542347,31895248129619667
24992172,1777543043,20050125313283208
24992185,1777543199,4460000000000000000
24992187,1777543223,5000000000000000
24992214,1777543547,500000000000000
24992453,1777546415,9000000000000000
24992481,1777546751,739239192093991027
24992562,1777547735,5012531328320802
24992702,1777549415,444400000000000000
24992780,1777550363,998496855142000000
24992893,1777551731,2767062130379863869
24992986,1777552871,927000000000000000
24993051,1777553651,732027000000000000
24993102,1777554263,6000979475732538
24993143,1777554755,682830000000000000
24993320,1777556879,4000000000000000000
24993326,1777556951,35850197026259013780
24993369,1777557467,120023939170107683
24993413,1777557995,63452113680920988202
24993469,1777558667,79852080951768143577
24993529,1777559387,501253132832080200
24993617,1777560443,14035087719298245
24993633,1777560635,2500000000000000000
24993683,1777561235,402005012531328320
24993722,1777561703,990278521818067708
24993790,1777562519,10025062656641604
24993806,1777562711,3648851297210486400
24993847,1777563203,3557402070654673105
24993907,1777563923,1000000000000000000
24993951,1777564451,950000000000000000
24994098,1777566215,81058821696199039338
24994121,1777566491,1002506265664160401
24994410,1777570019,3428869912638945000
24994564,1777571867,10025062656641604
24994667,1777573115,250000000000000000
24994824,1777575035,1063659147869674185
24994907,1777576031,495103637904246900
24994939,1777576415,545901004039433513
24994943,1777576463,7518796992481203
24994966,1777576739,103195509155633916
24995077,1777578095,5000000000000000
24995115,1777578551,695520635270145888
24995249,1777580171,292417323474172205
24995249,1777580171,200000000000000000
24995256,1777580255,2400000000000000
24995314,1777580951,567812441288328765
24995385,1777581803,480671151014650505
24995432,1777582367,1842005012531328
24995789,1777586651,49696027145325000
24995907,1777588079,1000000000000000
24996144,1777590923,1480000000000000000
24996147,1777590959,89525797467750002
24996147,1777590959,717266339999999975
24996170,1777591235,500000000000000000
24996196,1777591547,1002506265664160401
24996216,1777591787,8072234934750001
24996238,1777592051,1200000000000000000
24996238,1777592051,1002506265664160
24996321,1777593047,80000000000000000
24996351,1777593407,3457839079416433035
24996351,1777593407,100250626566416040
24996351,1777593407,4106123901983710240
24996369,1777593623,1300000000000000000
24996422,1777594271,70000000000000000
24996695,1777597559,60150375939849624
24996966,1777600835,1606125540832550768
24997217,1777603859,100250626566416040
24997516,1777607483,591478696741854636
24997573,1777608167,1804511278195488721
24997721,1777609943,1122807017543859649
24998168,1777615307,160000000000000000
24998487,1777619159,1683500000000000000
24998592,1777620419,55000000000000000
24998595,1777620455,16998943814649005357
24998612,1777620659,652731829573934837
24998711,1777621847,10000000000000000000
24998718,1777621931,57961323541327449
24998733,1777622111,89167333830238272
24998819,1777623143,1103866501001273273
24998876,1777623827,100250626566416040
24998911,1777624247,200501253132832080
24998915,1777624295,85213032581453634
24999045,1777625867,1000000000000000
24999082,1777626311,10025062656641604
24999137,1777626971,1002506265664160401
24999154,1777627175,1253132832080200501
24999192,1777627631,20546585785993770
24999315,1777629107,1000000000000000
24999337,1777629371,1000000000000000
24999419,1777630367,98807777581648769
24999457,1777630823,1000000000000000
24999493,1777631267,110053577367043652
24999508,1777631447,1000000000000000
24999580,1777632311,4390000000000000000
24999750,1777634363,45355496688585411815
24999804,1777635011,20050125313283208
24999822,1777635227,21583132326493746880
24999829,1777635311,8099035903932759886
24999947,1777636727,21579762521244829536
24999986,1777637195,41883735293158308338
25000003,1777637399,100250626566416040
25000130,1777638935,110000000000000000
25000258,1777640471,1748945393741956923
25000270,1777640615,495837533097994560
25000344,1777641503,20050125313283208
25000384,1777641983,2194500000000000000
25000404,1777642223,178270448658092774
25000407,1777642259,110000000000000000
25000589,1777644443,20000000000000000
25000626,1777644887,18871229182846200
25000850,1777647587,260000000000000000
25000877,1777647911,8360902255639097
25001019,1777649639,250000000000000000
25001055,1777650071,1767582216213762767
25001069,1777650239,742422892418308664
25001082,1777650395,3000000000000000
25001087,1777650455,222200000000000000
25001135,1777651031,240000000000000000
25001137,1777651055,16077701159927212
25001324,1777653311,3000000000000000
25001532,1777655807,1120893832932327700
25001549,1777656011,11075787733499999
25001722,1777658087,4000000000000000
25001888,1777660079,870000000000000000
25002025,1777661723,901592660947455592
25002107,1777662707,538733457573423131
25002267,1777664627,5000000000000000
25002296,1777664987,332277486314090
25002300,1777665035,2500000000000000000
25002360,1777665755,6800000000000000000
25002371,1777665887,2577605397397572860
25002409,1777666343,13306933676200000
25002493,1777667351,250000000000000000
25002504,1777667483,42300000000000000
25002674,1777669535,7017543859649122
25002765,1777670627,4638309510116347074
25002920,1777672487,256468465707138896
25003259,1777676555,500000000000000000
25003269,1777676675,10025062656641604
25003480,1777679219,1000000000000000000
25003499,1777679447,23057644110275689
25003751,1777682471,1483709273182957393
25004202,1777687907,5000000000000000
25004398,1777690259,113000000000000000
25004439,1777690751,110000000000000000
25004499,1777691471,60150375939849624
25004639,1777693151,15898826664920956224
25005613,1777704839,145450000000000000
25005767,1777706687,160000000000000000
25005813,1777707239,25464633312766762
25006090,1777710563,2977345218328000000
25006426,1777714595,98705114565650634
25006465,1777715063,1700000000000000000
25006753,1777718519,4880000000000000000
25006775,1777718783,35689223057644110
25006977,1777721207,8350000000000000000
25007091,1777722575,1500000000000000000
25007244,1777724423,100000000000000000
25007339,1777725563,100000000000000000
25007360,1777725815,5000000000000000
25007422,1777726571,99500000000000000
25007465,1777727087,7490000000000000000
25007620,1777728947,10025062656641604
25007821,1777731359,20000000000000000000
25007957,1777733003,100000000000000
25008001,1777733531,498050000000000000
25008108,1777734815,310000000000000000
25008144,1777735247,50125313283208020
25008182,1777735703,2000000000000000
25008305,1777737179,992481203007518796
25008306,1777737191,1150994914752497142
25008375,1777738019,8595487549883401
25008640,1777741211,11020656975390000
25008896,1777744283,221754385964912280
25009019,1777745759,45112781954887218
25009050,1777746131,38646616541353383
25009252,1777748555,3000000000000000000
25009483,1777751327,20000000000000000
25009490,1777751411,2091268948125413883
25009789,1777755023,26825119956662706
25009792,1777755059,672273000000000000
25009930,1777756727,68020000000000000000
25009969,1777757195,530000000000000000
25009975,1777757267,6235862070000000000
25009978,1777757303,173163869779687998
25009985,1777757387,200501253132832080
25010012,1777757723,5368243376404131381
25010068,1777758395,300751879699248120
25010204,1777760027,41394543951810000
25010516,1777763771,5012531328320802
25010583,1777764575,411027568922305764
25011159,1777771511,1052631578947368421
25011363,1777773959,1000000000000000000
25011874,1777780151,1002506265664160
25011973,1777781339,1566075000000000000
25012123,1777783139,74700000000000000
25012192,1777783979,1804511278195488721
25012234,1777784495,20615000000000000000
25012245,1777784627,4120648893396559
25012287,1777785131,60000000000000000
25012428,1777786823,1233082706766917293
25012463,1777787243,716791979949874686
25012603,1777788923,1092410413062852056
25012635,1777789307,7600805473507968
25012715,1777790267,57204610119966446
25012777,1777791011,18803082427775324088
25013126,1777795211,2817042606516290726
25013228,1777796435,600000000000000
25013259,1777796807,500000000000000000
25013311,1777797431,3428571428571428571
25013356,1777797971,230473921476604511
25013482,1777799483,20227192283414896
25013488,1777799555,1000000000000000000
25013574,1777800587,149928585660018705
25013884,1777804307,3000000000000000
25013926,1777804811,861367184645447043
25013954,1777805147,500000000000000000
25013971,1777805351,2246998945150888
25013987,1777805543,500000000000000000
25014121,1777807151,2170264340830479752
25014218,1777808315,300000000000000000
25014293,1777809215,7229481049908149
25014302,1777809323,1547276189078988901
25014581,1777812671,99156152394416040
25014661,1777813631,10025062656641604
25014750,1777814699,568465713722946892
25014760,1777814819,1175750000000000000
25014845,1777815839,50000000000000000
25014851,1777815911,82500000000000000
25015174,1777819799,3000000000000000000
25015207,1777820195,1558254412968750000
25015313,1777821467,201000000000000000000
25015451,1777823123,2217277143929411022
25015545,1777824263,1550472879993987305
25015888,1777828391,5824885368252792633
25015888,1777828391,9581428472948832000
25016046,1777830287,224579049071285090040
25016134,1777831343,3450445067129408588
25016198,1777832111,2971326431711014287
25016423,1777834811,25000000000000000000
25016802,1777839371,384000000000000000000
25017137,1777843391,130000000000000000
25017165,1777843727,682170000000000000
25017283,1777845155,1403508771929824561
25017358,1777846067,582292000000000000
25017427,1777846907,532802000000000000
25017494,1777847747,500000000000000000
25017525,1777848119,2000000000000000
25017534,1777848227,175000000000000000000
25017953,1777853279,241622287154081275
25018284,1777857251,58688819886741156
25018562,1777860587,29224413541454093
25018646,1777861631,3007518796992481203
25018767,1777863095,29102998871275819
25018821,1777863755,1968976231625725848
25019539,1777872419,49875000000000000
25019599,1777873151,9044031076342000
25019770,1777875215,98058484854181115
25019823,1777875851,4420000000000000000
25020326,1777881923,255639097744360902
25020365,1777882391,44841911111487144
25020384,1777882619,6940605000000000000
25020404,1777882859,6983757128586631
25020408,1777882907,1542730206049517332
25020805,1777887719,10025062656641604
25020821,1777887911,10000000000000000
25020898,1777888835,132378453935168329
25020955,1777889531,1535026197083057556
25021055,1777890731,600000000000000000
25021130,1777891655,100000000000000000
25021144,1777891823,7017543859649122
25021188,1777892351,120000000000000000000
25021736,1777898987,74000000000000000000
25022055,1777902815,2506265664160401002
25022085,1777903175,20000000000000000
25022085,1777903175,30075187969924812
25022211,1777904687,631417500060695693593
25022240,1777905035,3007518796992481203
25022289,1777905623,100000000000000000
25022380,1777906727,4224369582743371338
25022427,1777907291,12762170504597834
25022774,1777911467,90000000000000000
25022880,1777912739,628478339927629113859
25023176,1777916327,1000000000000000000
25023215,1777916795,421420695116010652
25023231,1777916987,34963189000000000000
25023302,1777917839,100250626566416040
25023482,1777919999,6385964912280701754
25023525,1777920515,10000000000000000
25023673,1777922315,1697041271177779021
25023679,1777922387,14000000000000000
25023731,1777923011,41684455694854341
25023785,1777923659,200501253132832080
25023842,1777924343,18041292035518080
25023865,1777924619,1000000000000000000
25023949,1777925627,350000000000000000
25024087,1777927283,2506265664160401002
25024447,1777931603,946393087499999958
25024713,1777934831,50125313283208020
25024713,1777934831,10000000000000000000
25024793,1777935791,139456064789461102056
25024839,1777936343,500000000000000000
25024880,1777936835,1000000000000000
25024970,1777937915,1016200000000000000
25025047,1777938839,26000000000000000
25025070,1777939115,500000000000000000
25025186,1777940507,31849624060150375939
25025255,1777941347,6982500000000000000
25025492,1777944203,4000000000000000000
25025518,1777944515,69142342307928608
25025705,1777946783,3000000000000000000
25025733,1777947119,3475000000000000000
25025778,1777947659,480000000000000000
25025945,1777949675,850000000000000000
25025976,1777950047,2060000000000000000
25026675,1777958447,6981700211134806000
25026839,1777960439,178223552827851854
25026851,1777960583,26766917293233082
25027322,1777966283,100000000000000000
25027538,1777968875,23000000000000000
25027792,1777971923,1000000000000000000
25027856,1777972691,1002506265664160401
25027860,1777972739,10025062656641604
25027869,1777972847,1002506265664160401
25027972,1777974083,65092760051449907
25027999,1777974407,2506265664160401002
25028143,1777976147,137917422986612484
25028218,1777977047,100250626566416040
25028243,1777977347,10000000000000000
25028259,1777977539,2021980000000000000
25028384,1777979051,1313283208020050125
25028415,1777979423,134877416126248869
25028553,1777981079,29105394129013794
25028706,1777982927,879529743151531512
25028735,1777983275,71684238453673750
25028793,1777983971,10025062656641604
25028801,1777984067,1400939725053815
25028859,1777984763,98828534496366039
25029019,1777986683,7000000000000000000
25029031,1777986827,1815450000000000000
25029133,1777988063,5000000000000000000
25029169,1777988495,10000000000000000
25029169,1777988495,5900000000000000000
25029235,1777989287,458850000000000000
25029270,1777989707,10025062656641604
25029330,1777990427,75424765297084923
25029334,1777990475,163326029569068377
25029478,1777992215,1826422500000000000
25029499,1777992467,8200000000000000000
25029557,1777993163,20000000000000000000
25029590,1777993571,66782076078726285
25029680,1777994663,8940619427552697
25029867,1777996907,8020050125313283208
25030156,1778000387,1000000000000000000
25030209,1778001035,500000000000000000
25030265,1778001707,244000000000000000
25030277,1778001851,100000000000000000
25030332,1778002511,100000000000000000
25030394,1778003255,100250626566416040
25030419,1778003555,2000000000000000000
25030617,1778005931,1000000000000000000
25030710,1778007047,20000000000000000
25030759,1778007635,62104008751958312
25030823,1778008403,238203000000000000000
25030830,1778008487,847875000000000000
25030863,1778008883,50427805738334922
25031010,1778010647,2800000000000000000
25031040,1778011007,16739775948537806
25031093,1778011643,7000000000000000
25031232,1778013311,617025223452960
25031417,1778015531,43522261600582536
25031569,1778017355,1000000000000000
25031587,1778017571,210000000000000000
25031865,1778020919,200501253132832080
25031995,1778022479,220000000000000000
25032014,1778022707,500000000000000000
25032142,1778024243,80000000000000000
25032332,1778026523,1000000000000000000
25032658,1778030459,4833804841108773
25032731,1778031335,18323001414099352486
25032776,1778031875,634586466165413533
25032803,1778032199,1940000000000000000
25032822,1778032427,65844265364660230
25033075,1778035487,497209882020985757
25033091,1778035679,461482496161295632
25033091,1778035679,391979949874686716
25033102,1778035811,397640596850560090
25033133,1778036183,511133257188326000
25033286,1778038031,34377974937343358
25033356,1778038871,44110275689223057
25033356,1778038871,65400794911471427
25033476,1778040311,2429391877175864595
25033488,1778040455,500000000000000
25033733,1778043395,1016734075221499488
25033733,1778043395,367398334024512653
25033844,1778044727,5000000000000000000
25034004,1778046647,1000000000000000
25034066,1778047391,18204884582390966289
25034133,1778048219,3000000000000000000
25034265,1778049803,10000000000000000000
25034595,1778053763,24983458646616541
25034839,1778056691,472358841967073070
25034854,1778056871,227393720097431970
25035053,1778059259,20050125313283208
25035058,1778059319,2590000000000000000
25035099,1778059811,1002506265664160401
25035363,1778062979,51500000000000000
25035633,1778066231,10000000000000000
25035700,1778067035,1001684401028268031
25035711,1778067167,7518796992481203
25035776,1778067947,1000000000000000000
25035974,1778070335,2079783112793305949
25036716,1778079287,1804511278195488721
25036756,1778079767,265000000000000000
25036766,1778079887,19749373433583959
25036873,1778081171,26072700548363389
25037033,1778083091,800000000000000000
25037066,1778083487,20000000000000000000
25037244,1778085623,2005012531328320802
25037393,1778087435,170426065162907268
25037421,1778087771,20000000000000000
25037519,1778088947,40000000000000000
25037550,1778089319,30000000000000000
25037721,1778091383,1500000000000000000
25037861,1778093063,150000000000000000
25038025,1778095031,20050125313283208
25038114,1778096099,2401531966508575152
25038148,1778096507,696222988065799489
25038152,1778096555,5000000000000000000
25038170,1778096771,7700000000000000
25038224,1778097419,30108487480160039040
25038234,1778097539,32777453592168904960
25038235,1778097551,28707286581618041764
25038333,1778098739,87777424593621500
25038354,1778099003,3833051883975264
25038477,1778100479,1757213379585082730
25038570,1778101595,2105263157894736842
25038641,1778102447,1994171085291621
25038723,1778103443,268503153653361248
25038798,1778104343,437463300000000000
25038834,1778104775,380694907522404021270
25038934,1778105987,200000000000000000
25039172,1778108867,1002506265664160401
25039211,1778109335,14579026986536704000
25039234,1778109611,10000000000000000
25039240,1778109683,500000000000000000
25039257,1778109887,7946435091586723
25039307,1778110499,5000000000000000
25039352,1778111039,3007518796992481
25039362,1778111159,5000000000000000
25039392,1778111519,1000000000000000000
25039403,1778111651,5000000000000000
25039487,1778112659,5000000000000000
25039528,1778113151,2706766917293233082
25039535,1778113235,5000000000000000
25039592,1778113919,5000000000000000
25039676,1778114927,8543000000000000
25039697,1778115179,70175438596491228
25039743,1778115731,10000000000000000
25039818,1778116643,10000000000000000
25039848,1778117003,10000000000000000
25039915,1778117807,100000000000000000
25040182,1778121011,216256259930157708
25040248,1778121827,150000000000000000
25040270,1778122091,400000000000000
25040455,1778124335,100250626566416040
25040653,1778126735,800000000000000000
25040733,1778127695,2005012531328320802
25040892,1778129603,2999334867706719840
25040907,1778129783,190476190476190476
25040987,1778130743,13200000000000000000
25040991,1778130791,59137981037015824680
25041012,1778131043,1854636591478696741
25041171,1778132951,3000000000000000
25041178,1778133035,1500000000000000000
25041195,1778133239,650000000000000000
25041204,1778133359,2365914786967418546
25041206,1778133383,9000000000000000
25041238,1778133767,100000000000000000
25041312,1778134655,2100000000000000000
25041405,1778135783,401002506265664160401
25041531,1778137295,100000000000000000
25041733,1778139719,40000000000000000
25041746,1778139887,421052631578947368421
25041760,1778140055,17565680856591738
25041953,1778142371,20000000000000000
25042005,1778142995,2746060927757030
25042111,1778144267,50000000000000000000
25042144,1778144663,50000000000000000000
25042167,1778144939,351000000000000000
25042177,1778145059,50000000000000000000
25042205,1778145395,46321280288556335
25042229,1778145683,35000000000000000000
25042246,1778145887,35114858823381506
25042249,1778145923,10600000000000000000
25042298,1778146511,2357244359785242562
25042366,1778147327,8600000000000000
25042649,1778150747,1693166150922928461
25042685,1778151179,135067265996631959
25042863,1778153327,31548200350505349
25043037,1778155415,25000000000000000
25043052,1778155595,500000000000000000
25043137,1778156627,23465394197783703
25043392,1778159699,10500000000000000000
25043639,1778162675,210000000000000000
25043779,1778164355,760000000000000000
25043799,1778164595,34501040041332996
25044013,1778167163,142163169365186627
25044173,1778169095,245600000000000000
25044353,1778171267,7313372954198496
25044598,1778174207,10000000000000000000
25044819,1778176883,20050125313283208
25044907,1778177951,1326580000000000000
25044986,1778178899,3552915464795991486
25045015,1778179247,201857008280275513
25045057,1778179751,3555556020007000182
25045171,1778181119,1002506265664160401
25045293,1778182631,952380952380952380
25045344,1778183243,992008650648750000
25045919,1778190155,266821300000000000
25045934,1778190335,268218200000000000
25045951,1778190539,10000000000000000
25045990,1778191007,663646008759531168
25046031,1778191499,242729000000000000
25046075,1778192027,10000000000000000
25046090,1778192207,317389354308930
25046191,1778193431,1002506265664160401
25046279,1778194487,401243000000000000
25046316,1778194931,796992481203007518
25046366,1778195531,500000000000000000
25046427,1778196263,1000000000000000000
25046469,1778196767,100000000000000000
25046481,1778196911,3000000000000000
25046492,1778197043,357614631878497208
25046514,1778197307,3000000000000000
25046634,1778198747,1654700000000000000
25046840,1778201243,2161958435670893761
25046865,1778201543,15850000000000000000
25046893,1778201879,15867531620669984722
25046904,1778202011,10000000000000000
25046927,1778202287,2990000000000000000
25046949,1778202551,3003052965699435352
25046963,1778202719,3000000000000000
25047008,1778203259,3000000000000000
25047176,1778205275,70000000000000000
25047215,1778205743,6848009774686716
25047259,1778206271,70000000000000000
25047259,1778206271,897847303401466185
25047275,1778206463,9000000000000000000
25047391,1778207855,13463400000000000
25047407,1778208047,92833361220668520
25047748,1778212151,5093403508771929
25047814,1778212943,24200000000000000
25047839,1778213243,35087719298245614035
25047956,1778214647,13173538315789473684
25048165,1778217155,86226320493007441125
25048295,1778218715,4987500000000000000
25048392,1778219879,10000000000000000000
25048472,1778220839,14943097037754485
25048655,1778223035,1000000000000000000
25048664,1778223143,50000000000000000
25048712,1778223731,9700000000000000000
25048712,1778223731,2136900000000000000
25048726,1778223899,10000000000000000000
25048750,1778224187,2000000000000000000
25048755,1778224247,15000000000000000000
25048774,1778224475,1000000000000000000
25048799,1778224775,19452940759978715
25048834,1778225195,2000000000000000000
25048856,1778225459,320802005012531328
25048905,1778226047,200000000000000000
25048953,1778226623,2000000000000000000
25048982,1778226971,4931760679412726999
25049074,1778228075,16040100250626566
25049078,1778228123,100350000000000000
25049576,1778234099,393857521242598119
25049701,1778235599,100250626566416040
25049841,1778237279,1895250000000000000
25049967,1778238791,774139424265981866
25050054,1778239835,3500000000000000
25050345,1778243339,40000000000000000000
25050418,1778244215,890181482317878795
25050461,1778244731,100000000000000000
25050480,1778244959,4000000000000000000
25050606,1778246471,350000000000000000
25050630,1778246759,2325814536340852130
25050830,1778249171,33000000000000000
25050846,1778249363,1002506265664160
25050910,1778250131,50376567986381954
25050944,1778250551,2180000000000000000
25050981,1778250995,1125146658554019116
25051066,1778252015,90000000000000000
25051073,1778252099,18000000000000000000
25051092,1778252327,1000000000000000000
25051116,1778252615,70000000000000000
25051346,1778255375,1004981250000000
25051463,1778256779,451127819548872180
25051504,1778257271,5012531328320802
25051621,1778258675,6350000000000000000
25051969,1778262863,15000000000000000000
25052055,1778263895,3518796992481203007
25052081,1778264207,388000000000000000
25052543,1778269751,2000000000000000000
25052885,1778273855,500000000000000000
25053090,1778276327,66867167919799498
25053096,1778276399,4718481900000000000
25053129,1778276795,3000000000000000
25053173,1778277323,8367017543859649122
25053182,1778277431,10000000000000000
25053254,1778278307,12731829573934837092
25053271,1778278511,10000000000000000
25053337,1778279303,3000000000000000
25053389,1778279939,50000000000000000
25053532,1778281655,400000000000000000
25053705,1778283755,1000000000000000000
25053707,1778283779,822476941104000
25053719,1778283923,43506917293233082
25054166,1778289299,5680000000000000000
25054239,1778290175,100000000000000000
25054391,1778291999,2029429566652631579
25054526,1778293631,10165401299369169794
25054535,1778293739,1000000000000000000
25054924,1778298419,2998757272117441315
25055177,1778301455,1182957393483709
25056194,1778313683,802005012531328320
25056393,1778316095,10000000000000000
25056409,1778316287,1002506265664160
25056452,1778316803,44228859665137879
25056561,1778318111,100250626566416040
25056699,1778319767,14000000000000000
25056727,1778320103,97766484241040119
25056798,1778320955,14000000000000000000
25056806,1778321051,79078000364890251
25056832,1778321363,14634000000000000
25056851,1778321591,33082706766917293233
25056857,1778321663,315000000000000000
25056889,1778322047,4939000000000000000
25056926,1778322491,611528822055137844
25056956,1778322851,93041038401229542
25057034,1778323787,25098013036332768
25057359,1778327723,10000000000000000
25057401,1778328227,10000000000000000
25057410,1778328335,151772642438791779351
25057416,1778328407,10000000000000000000
25057427,1778328539,3000000000000000
25057484,1778329223,253000000000000000
25057504,1778329463,20472579931068378421
25057767,1778332643,1102756892230576441
25057787,1778332883,200000000000000000
25057832,1778333435,5012531328320802
25057869,1778333879,1004981250000000
25058057,1778336135,7000000000000000
25058093,1778336579,10049812500000000
25058330,1778339447,2175000000000000000
25058389,1778340155,6467776731473160
25058395,1778340227,9563213677551147
25058642,1778343215,5574265329071000000
25058700,1778343911,2000000000000000000
25058734,1778344319,1503759398496240601
25058808,1778345207,8000000000000000
25058860,1778345831,5000000000000000
25058923,1778346587,1503759398496240601
25058960,1778347043,1503759398496240601
25059229,1778350295,50000000000000000
25059292,1778351051,50000000000000000
25059354,1778351795,198536962996692713
25059411,1778352479,3600411027568922305
25059471,1778353199,34347370000000000
25059481,1778353319,10319255006618029
25059636,1778355203,3323924791200000
25059884,1778358179,562406015037593984
25059938,1778358827,599233477210080000
25059963,1778359127,902255639097744360
25060120,1778361023,45112781954887218
25060159,1778361491,200501253132832080
25060169,1778361611,902255639097744360
25060237,1778362427,902255639097744360
25060286,1778363015,902255639097744360
25060365,1778363963,350877192982456140
25060472,1778365283,4500000000000000
25060497,1778365583,8000000000000000
25060605,1778366891,500000000000000000
25060716,1778368223,1252675000000000000
25060775,1778368931,3507296450216370000
25061173,1778373707,50125313283208020
25061213,1778374187,10000000000000000
25061301,1778375243,3000000000000000
25061379,1778376179,1500000000000000
25061435,1778376851,1500000000000000
25061438,1778376887,29799250311670403056
25061519,1778377859,10000000000000000
25061961,1778383163,31803335052432526
25062136,1778385287,1164693335680585433
25062167,1778385659,22000000000000000000
25062212,1778386199,760890022578102857
25062243,1778386571,500000000000000000
25062304,1778387303,20050125313283208
25062786,1778393087,10000000000000000
25062840,1778393747,100000000000000000
25062894,1778394395,22460379338658843479
25062978,1778395403,114425000000000000
25063185,1778397899,5000000000000000
25063277,1778399003,10000000000000000
25063433,1778400899,50000000000000000
25063666,1778403695,5000000000000000
25063728,1778404439,210000000000000000
25063735,1778404523,42124248464843306
25063902,1778406539,1031278195488721804
25063946,1778407067,1000000000000000000
25063987,1778407559,1203007518796992481
25064190,1778410043,10025062656641604
25064396,1778412527,2704171397230336000
25064438,1778413031,6007836196714894720
25064730,1778416547,15000000000000000000
25064790,1778417267,3007518796992481
25064846,1778417939,2701815824816219319
25064884,1778418395,1100918057807582986
25065057,1778420483,400000000000000000
25065164,1778421779,15000000000000000
25065188,1778422067,250000000000000000
25065259,1778422919,75000000000000000
25065306,1778423483,1320971765891381573
25065336,1778423843,100000000000000000
25065371,1778424263,1000000000000000000
25065475,1778425511,1002506265664160401
25065501,1778425823,49491961550393203151
25065663,1778427767,11324807171454876
25065684,1778428019,34453693430450757
25065716,1778428403,8000000000000000
25065728,1778428547,472776176654802844
25065792,1778429315,1989936300926339689
25065799,1778429411,80944731952086609525
25065805,1778429483,2723175000000000000
25065819,1778429651,255639097744360902
25065890,1778430527,19496285680305034968
25065935,1778431067,31620000000000000000
25065945,1778431187,123456000000000000
25066090,1778432927,250000000000000000
25066133,1778433443,21000000000000000
25066375,1778436347,127218045112781954
25066642,1778439587,175000000000000000
25066671,1778439947,22827067669172932
25066772,1778441159,9163719298245614
25066991,1778443787,168750000000000000
25067128,1778445431,50000000000000000
25067205,1778446367,441102756892230576
25067289,1778447387,50000000000000000
25067336,1778447951,206573267848581573
25067600,1778451131,500000000000000000
25067796,1778453483,100000000000000000
25067866,1778454323,3998983956604853680
25067911,1778454863,1500000000000000000
25067963,1778455499,10000000000000000
25067973,1778455619,10214393054752899
25067994,1778455871,2000000000000000
25068160,1778457863,10000000000000000
25068340,1778460047,596000000000000000
25068714,1778464535,3000000000000000
25068716,1778464559,13090439303578006
25069034,1778468375,247522999965368633
25069118,1778469407,1000000000000000
25069132,1778469575,50000000000000000
25069285,1778471423,101950454879732320
25069432,1778473187,100000000000000000
25069473,1778473691,15036308668285988509
25069508,1778474111,15000000000000000000
25069735,1778476859,1000000000000000000
25070048,1778480639,350000000000000000
25070121,1778481515,555649190000000000
25070178,1778482199,3000000000000000
25070234,1778482871,3017555871679197
25070402,1778484887,100000000000000000
25070461,1778485595,6293467442640000
25070737,1778488943,1487192078287185216
25070750,1778489099,410000000000000000
25071016,1778492291,23514702570694608
25071054,1778492747,5000000000000000
25071115,1778493479,100250626566416040
25071130,1778493659,100250626566416040
25071181,1778494271,200000000000000000
25071207,1778494583,200000000000000000
25071266,1778495291,28300751879699248
25071351,1778496311,500000000000000
25071371,1778496551,8000000000000000
25071538,1778498567,2706766917293233
25071651,1778499935,613200000000000000
25071678,1778500259,1000000000000000000
25071711,1778500655,42000000000000000000
25072155,1778506019,968585525298235456
25072261,1778507303,3338101868782291
25072315,1778507963,10025062656641604
25072331,1778508167,30000000000000000
25072364,1778508563,814090000000000000
25072476,1778509907,500000000000000000
25072582,1778511179,1000000000000000000
25072586,1778511227,440000000000000000
25072620,1778511635,590416458616045138
25072786,1778513651,100000000000000000
25072881,1778514803,2000000000000000000
25072964,1778515799,5000000000000000
25073187,1778518475,641604010025062656
25073380,1778520803,10025062656641604
25073406,1778521115,30075187969924812
25073584,1778523251,100000000000000000
25073619,1778523671,310000000000000000
25073808,1778525939,2000000000000000
25073824,1778526131,532479987488515602
25073851,1778526455,25010866592167796
25074513,1778534459,51623825004216101
25074631,1778535875,50000000000000000
25074731,1778537075,431077694235588972
25075030,1778540687,30075187969924812030
25075222,1778542991,3007518796992481203
25075585,1778547359,380000000000000000
25075636,1778547971,190000000000000000
25075644,1778548067,220000000000000000
25075755,1778549411,10025062656641604010
25075789,1778549831,80200501253132832080
25075870,1778550803,320000000000000000
25075910,1778551283,2385964912280701754
25075945,1778551703,2506265664160401002
25076056,1778553035,5985000049875000000
25076464,1778557943,70175438596491228070
25076552,1778558999,11882566586362286
25076552,1778558999,511000000000000000
25076575,1778559275,4310776942355889
25077362,1778568743,491000000000000000
25077423,1778569487,3007518796992481203
25077661,1778572343,35416937535129061
25077898,1778575187,253306034268223476
25077959,1778575919,17287400478225237
25078048,1778576987,46919814983842537
25078049,1778576999,900000000000000000
25078083,1778577407,50000000000000000
25078299,1778580011,2606516290726817042
25078307,1778580107,10025062656641604
25078448,1778581811,6590000000000000000
25078498,1778582411,10000000000000000
25078508,1778582531,1212840207389532
25078519,1778582663,221300000000000000
25078608,1778583731,4814000000000000000
25078656,1778584307,40530439449047111
25078934,1778587655,5057633591892997
25079010,1778588567,50000000000000000
25079037,1778588891,752882205513784461
25079047,1778589011,32080200501253132
25079056,1778589131,55398835251468630
25079135,1778590091,300000000000000000
25079288,1778591939,4937540463622906
25079526,1778594807,1600000000000000000
25079783,1778597903,1000000000000000000
25079965,1778600087,3812199910323094135
25080282,1778603915,500000000000000000
25080339,1778604599,11316922689967589888
25080346,1778604683,28580420965875312
25080716,1778609147,150000000000000000
25080795,1778610095,230000000000000000
25081082,1778613539,200000000000000000
25081177,1778614679,380000000000000000
25081220,1778615195,50000000000000000
25081237,1778615399,10000000000000000
25081389,1778617223,2500000000000000
25081506,1778618651,50000000000000000
25081551,1778619191,50000000000000000
25081572,1778619443,2005012531328320802
25081615,1778619959,50000000000000000
25081681,1778620751,4511175828700276114
25081705,1778621039,50000000000000000
25081781,1778621951,4200000000000000000
25081854,1778622827,100000000000000000
25081910,1778623499,100250626566416040
25081928,1778623715,873700000000000
25082033,1778624975,200000000000000000
25082117,1778625983,88000000000000000
25082217,1778627183,1000000000000000000
25082626,1778632091,7538847117794486
25082804,1778634239,68434809054039240
25083067,1778637407,2625563909774436090
25083122,1778638067,2847117794486215538
25083302,1778640239,478342600000000000
25083451,1778642027,4426022023916603595
25083463,1778642171,19497924305024609
25083521,1778642867,100000000000000000
25083544,1778643143,10000000000000000
25083549,1778643203,2807017543859649122
25083593,1778643731,1000000000000000000
25083653,1778644451,21252600000000000
25083678,1778644751,99000000000000000
25083868,1778647031,2144322933070313
25084143,1778650331,380000000000000000
25084240,1778651495,2000000000000000
25084302,1778652239,133925698034987637
25084336,1778652647,59135203872838026
25084388,1778653271,56740018154381820
25084434,1778653823,70000000000000000
25084562,1778655371,5000000000000000
25084602,1778655851,246117772931291408
25084632,1778656211,130000000000000000
25084670,1778656667,2894644841357220
25084737,1778657471,2311401821247041
25084776,1778657939,1792215679272458
25084806,1778658299,242147942069460293
25084961,1778660171,2305186843428787
25084988,1778660495,22235588972431077694
25085003,1778660675,1771131718870572
25085107,1778661923,120300751879699248
25085182,1778662823,300000000000000000
25085223,1778663327,74481093174600396
25085394,1778665391,4249374947161917083
25085480,1778666435,10000000000000000
25085530,1778667035,380000000000000000
25085591,1778667779,13460000000000000
25085610,1778668007,320000000000000000
25085632,1778668271,100000000000000000
25085662,1778668631,500000000000000000
25085767,1778669903,3170870364000000
25085781,1778670071,9864740000000000000
25085816,1778670491,300000000000000000
25085844,1778670827,34787900000000000
25085849,1778670887,9139735446000000000
25085864,1778671067,196090571890442445361
25085977,1778672435,1000000000000000000
25086072,1778673575,5015043875352541
25086309,1778676431,10000000000000000
25086341,1778676815,13032581453634085213
25086537,1778679191,242606516290726817
25086599,1778679935,89223057644110275
25086625,1778680247,3898321757760418425
25086651,1778680559,246016838884905579
25086680,1778680907,100000000000000000000
25086715,1778681327,100000000000000000
25086746,1778681699,32000000000000000
25086792,1778682263,2687744481439040996
25086824,1778682647,100000000000000000000
25086935,1778684003,5000000000000000000
25086958,1778684279,1900000000000000000
25087007,1778684867,2770000000000000000
25087097,1778685959,679350835436317350
25087120,1778686235,300000000000000000
25087129,1778686343,71820000000000000
25087140,1778686475,461806479875920398
25087177,1778686919,96753915208332967
25087228,1778687543,22425132606734939
25087407,1778689691,100000000000000000
25087534,1778691239,220000000000000000
25087574,1778691719,80000000000000000
25087700,1778693243,242792396932299288
25087725,1778693543,10000000000000000000
25087803,1778694491,48613688921419799
25088003,1778696903,100250626566416040
25088066,1778697659,55049954476415310
25088221,1778699543,201344517168363200
25088238,1778699747,10025062656641604
25088245,1778699831,100250626566416040
25088365,1778701271,155388471177944862
25088598,1778704103,1002506265664160401
25088710,1778705447,751879699248120300
25088738,1778705795,2300000000000000000
25088756,1778706023,1000000000000000000
25088775,1778706251,20000000000000000
25088778,1778706287,100000000000000000000
25088873,1778707439,904402179618056952
25089138,1778710655,10000000000000000
25089261,1778712155,1278168968751519611
25089289,1778712503,4411027568922305764
25089373,1778713511,5110000000000000000
25089398,1778713811,7135623111427578077
25089625,1778716571,2768636806424337713
25089669,1778717099,30000000000000000
25089753,1778718107,100000000000000000
25090346,1778725235,3107769423558897243
25090403,1778725931,2436090225563909774
25090509,1778727215,19720562027177424028
25090584,1778728115,94841276935617634
25090873,1778731619,14370000000000000
25091316,1778736959,20050125313283208
25091443,1778738483,6120669214126006447
25091925,1778744291,900000000000000000
25092069,1778746019,1270658575680000
25092295,1778748731,3609022556390977443
25092414,1778750159,4000000000000000000
25092426,1778750303,419012614836610927
25092922,1778756267,371491939849624060
25092956,1778756675,1738187463129600
25092966,1778756795,66665000000000000
25093098,1778758379,5033459240950087218
25093244,1778760131,416000000000000000
25093273,1778760479,311128295472619084
25093525,1778763503,50000000000000000
25093537,1778763647,100000000000000000000
25093556,1778763875,15000000000000000000
25093749,1778766191,8000000000000000
25093884,1778767811,4907853701972573
25094217,1778771843,531885966857666740
25094229,1778771987,400000000000000000
25094271,1778772503,6015037593984962406
25094281,1778772623,70175438596491228070
25094316,1778773043,6115288220551378
25094332,1778773235,4937625000000000000
25094481,1778775023,6015037593984962406
25094557,1778775935,89535470345509850
25094872,1778779727,3500000000000000000
25094901,1778780075,1400000000000000
25094959,1778780783,20050125313283208
25094969,1778780903,888031148530501492
25094972,1778780939,5153730786740865000
25095013,1778781431,1318700895279373
25095081,1778782247,10000000000000000
25095294,1778784803,600000000000000000
25095321,1778785127,500000000000000000
25095372,1778785751,350877192982456140
25095380,1778785847,25062656641604010
25095507,1778787383,20396277434441598
25095742,1778790203,1308000000000000
25095894,1778792027,16839701524621658
25096057,1778793983,1500000000000000000
25096196,1778795687,8000000000000000
25096259,1778796443,1756426670635788634
25096581,1778800319,46824267799815387
25096607,1778800631,500000000000000000
25096678,1778801495,384932000000000000
25096726,1778802083,3294146793520356322
25096740,1778802251,381000000000000000
25096752,1778802395,250000000000000000
25097073,1778806259,50125313283208020
25097259,1778808503,1503759398496240
25097267,1778808599,3100000000000000000
25097291,1778808887,50125313283208020
25097381,1778809967,5319347082569994
25097448,1778810771,20534744023056095
25097527,1778811719,40100250626566416
25097625,1778812907,2426065162907268170
25097690,1778813699,2115288220551378446
25097790,1778814899,6466000000000000000
25097790,1778814899,4000000000000000
25097929,1778816579,3003508771929824
25097976,1778817143,997826922554108771
25098389,1778822135,1071514626870945382
25098646,1778825255,1000000000000000000
25098718,1778826119,4000000000000000000
25098874,1778827991,691729323308270676
25098945,1778828843,6791702500642521928
25099443,1778834819,2200000000000000000
25099454,1778834951,3007518796992481
25099523,1778835779,4390556014807069211
25099608,1778836811,150000000000000000
25099652,1778837339,18239603402881811
25099760,1778838635,250626566416040100
25100136,1778843147,300751879699248120
25100258,1778844623,15283892833971523
25100337,1778845583,139348370927318295
25100437,1778846783,2586656198000000
25100603,1778848775,1084998120600569
25100620,1778848979,960248862718198
25100709,1778850047,100000000000000000000
25101302,1778857175,500000000000000000
25101378,1778858087,100000000000000000
25102573,1778872451,2907268170426065162
25102799,1778875163,18907500000000000000
25102809,1778875283,9817543859649122
25102934,1778876783,46651571606798102
25103267,1778880779,295265044116832109
25103479,1778883335,500000000000000000
25103677,1778885723,2439027636834056749
25103746,1778886551,1300000000000000000
25104486,1778895479,10000000000000000
25104516,1778895839,100000000000000000
25104533,1778896043,10000000000000000
25104575,1778896547,10000000000000000
25104613,1778897003,3000000000000000
25104678,1778897783,3000000000000000
25104819,1778899475,100000000000000000000
25105281,1778905031,500000000000000000
25105443,1778906975,3000000000000000
25105463,1778907215,600000000000000000
25105610,1778908979,3000000000000000
25105893,1778912399,3000000000000000
25106221,1778916335,456600000000000000
25106298,1778917259,516857446706892856
25106418,1778918699,591731909364172526
25106429,1778918831,9573999999999999
25106445,1778919023,4812038841634201000
25106509,1778919791,7000000000000000
25106549,1778920271,160000000000000000
25106728,1778922431,66586210841608892
25106883,1778924303,839183425718958
25106887,1778924351,123940155485847234
25106951,1778925119,70433569996350027
25107123,1778927183,464160401002506265
25107216,1778928299,100000000000000000
25107640,1778933423,3640233901278814000
25107652,1778933567,1162339963442412000
25107654,1778933591,65495988747235390
25107692,1778934047,448875000000000000
25107705,1778934203,2305764411027568922
25107765,1778934923,1002506265664160401
25107798,1778935319,75000000000000000
25107838,1778935799,5600000000000000000
25107857,1778936027,390977443609022556
25107890,1778936423,100000000000000000000
25108062,1778938511,446633430468750000
25108242,1778940671,3879000000000000000
25108382,1778942351,10000000000000000
25108663,1778945735,69932832080200501
25108739,1778946647,523100000000000000
25108761,1778946911,200501253132832080
25108841,1778947871,72000000000000000
25108841,1778947871,57991644310967210
25108865,1778948159,2005012531328320802
25108872,1778948243,100250626566416040
25108892,1778948483,1500000000000000000
25108914,1778948747,195384512109734045
25108977,1778949503,100000000000000000
25109137,1778951435,121403508771929824
25109148,1778951567,1130858397648378
25109164,1778951759,236257644110275689
25109184,1778951999,3729323308270676
25109228,1778952527,1239975261610807017
25109278,1778953127,499300980968438698
25109322,1778953655,200000000000000000
25109564,1778956559,13681163847040652
25109640,1778957471,60705188245378002
25109676,1778957903,5000000000000000000
25109809,1778959499,107589951000000005
25109978,1778961527,461152882205513784
25110089,1778962859,100250626566416040
25110184,1778963999,1002506265664160401
25110242,1778964695,996097274120631177
25110261,1778964923,10025062656641604010
25110345,1778965943,15037593984962406015
25110385,1778966423,2807017543859649
25110448,1778967179,9022556390977443609
25110506,1778967875,10000000000000000
25110511,1778967935,2000000000000000000
25110599,1778969003,3909774436090225563
25110658,1778969711,500000000000000000
25110773,1778971091,1000000000000000000
25110838,1778971871,1300000000000000000
25110916,1778972807,3998997493734335
25111015,1778973995,3000000000000000
25111043,1778974331,3000000000000000
25111111,1778975147,10125313283208020050
25111132,1778975399,3000000000000000
25111168,1778975831,1002506265664160401
25111273,1778977103,3000000000000000
25111334,1778977835,3000000000000000
25111436,1778979059,3000000000000000
25111467,1778979431,1002506265664160401
25111472,1778979491,600000000000000000000
25111485,1778979647,3000000000000000
25112048,1778986427,20050125313283208
25112058,1778986547,20050125313283208
25112506,1778991923,100000000000000000
25112661,1778993795,1002506265664160401
25112718,1778994479,150000000000000000
25112742,1778994767,906879186481808
25112821,1778995715,130000000000000000
25113007,1778997947,152586822593989350
25113279,1779001283,3000000000000000
25113362,1779002291,1860184179375010
25113772,1779007247,10000000000000000
25113885,1779008603,1002506265664160401
25114081,1779010967,8103170923858320461
25114088,1779011051,8000000000000000000
25114247,1779012959,989140641499779599
25114341,1779014087,5480089096046267
25114680,1779018167,18578943339811827200
25114849,1779020195,80200501253132832
25115068,1779022835,100000000000000000000
25115146,1779023771,2500000000000000000
25115158,1779023915,200000000000000000
25115170,1779024059,5000000000000000000
25115294,1779025547,2025062656641604010
25115331,1779025991,132431077694235588
25115532,1779028403,666660000000000000
25115612,1779029363,100000000000000000
25115856,1779032303,250626566416040100
25116160,1779035987,300000000000000
25116477,1779039803,8778993582889264
25116644,1779041819,2005012531328320802
25116649,1779041879,10025062656641604
25116887,1779044735,20000000000000000
25116924,1779045179,100000000000000000
25116931,1779045263,200000000000000000
25116955,1779045551,12011710817789905298
25116972,1779045755,14035087719298245614
25117018,1779046307,100250626566416040
25117358,1779050399,10000000000000000000
25117552,1779052727,24060150375939849
25117610,1779053423,2746867167919799498
25117718,1779054719,100250626566416040
25117887,1779056747,200000000000000000
25118460,1779063623,5000000000000000000
25118472,1779063767,10000000000000000
25118492,1779064007,10000000000000000
25118508,1779064199,10100000000000000000
25118535,1779064523,1500000000000000000
25118574,1779064991,1010000000000000000
25118593,1779065219,2406015037593984
25119346,1779074267,8300000000000000000
25119597,1779077303,350877192982456140
25119855,1779080399,196965814536340852
25119855,1779080399,1000000000000000
25119985,1779081959,22637020000000000
25119994,1779082067,3000000000000000
25120064,1779082907,97873824961446310
25120275,1779085439,20000000000000000
25120410,1779087059,5363281274077269
25120428,1779087275,4000000000000000
25120428,1779087275,47737343358395989
25120469,1779087767,226648421514827876
25120710,1779090695,109450000000000000
25121246,1779097163,501253132832080200
25121324,1779098099,23107895050910484
25121498,1779100187,100000000000000000
25121525,1779100511,5696182973382528798
25121578,1779101159,141645996859986677
25121605,1779101483,10025062656641604
25121716,1779102827,100000000000000000
25121914,1779105203,500000000000000000
25122044,1779106763,100000000000000000000
25122230,1779109007,5442883330000000
25122262,1779109391,135653122807017543
25122606,1779113519,3617125782320802
25122650,1779114047,2005012531328320802
25122699,1779114635,2005012531328320802
25122716,1779114839,1800000000000000000
25122731,1779115019,2225563909774436090
25122744,1779115175,14536340852130325814
25122946,1779117599,4744080416631250
25123132,1779119831,6716791979949874686
25123302,1779121895,15000000000000000
25123447,1779123635,86302159299405000
25123534,1779124679,250000000000000000
25123733,1779127067,176699788188997509
25123809,1779127979,25000000000000000
25124001,1779130283,1000000000000000000
25124007,1779130355,35114278093137115875
25124085,1779131291,16860573330035527
25124114,1779131639,1000000000000000000
25124128,1779131819,1002506265664160401
25124170,1779132323,24002609006062755000
25124195,1779132623,5512564610223050169
25124333,1779134279,1500000000000000000
25124524,1779136583,27649130648973466
25124651,1779138131,495805203411840000
25124783,1779139715,796495055939849624
25125016,1779142523,10000000000000000
25125131,1779143903,3155022334215637706
25125146,1779144083,10056541353383460
25125181,1779144515,1789732706410787
25125200,1779144743,3990000000000000
25125223,1779145019,345514904261077504
25125391,1779147059,10000000000000000
25125512,1779148511,3000000000000000
25125526,1779148679,382261000000000000
25125570,1779149207,10025062656641604
25125570,1779149207,340000000000000000
25125627,1779149903,3500000000000000000
25125638,1779150035,35087719298245614035
25125734,1779151211,1500000000000000000
25125809,1779152111,501253132832080200
25126195,1779156767,666600000000000000
25126209,1779156935,2305000000000000000
25126262,1779157583,2430075187969924812
25126443,1779159767,110275689223057644
25126448,1779159827,1002506265664160401
25126710,1779162995,1874686716791979949
25126763,1779163631,220000000000000000
25126789,1779163943,275863606419230022
25126909,1779165383,10000000000000000
25127213,1779169031,14150000000000000000
25127431,1779171647,500000000000000
25127768,1779175691,99567430007593178
25127777,1779175799,9233082706766917293
25127805,1779176135,100000000000000000
25127938,1779177731,31077694235588972
25127955,1779177935,250000000000000000
25128020,1779178715,520000000000000000
25128114,1779179843,10025062656641604
25128206,1779180947,200501253132832
25128585,1779185495,10025062656641604
25128643,1779186191,999333660722039790
25128776,1779187787,60000000000000000
25128818,1779188291,3742526814268984619
25128847,1779188639,12455756335880302000
25128941,1779189767,2476190476190476190
25129005,1779190547,96000000000000000
25129049,1779191075,9022556390977443
25129120,1779191927,945363408521303258
25129126,1779191999,1200000000000000000
25129306,1779194159,10000000000000000
25129388,1779195143,750000000000000
25129430,1779195647,100000000000000000000
25129476,1779196199,1615431038231004188
25129497,1779196451,1000000000000000000
25129633,1779198083,9500000000000000000
25129711,1779199019,1000000000000000000
25129819,1779200327,500000000000000000
25130255,1779205571,8000000000000000
25130305,1779206171,10000000000000000
25130324,1779206399,3553079192754843
25130363,1779206867,18293087889686354
25130446,1779207875,1492366399009309210
25130452,1779207947,10000000000000000
25130466,1779208115,3200000000000000000
25130515,1779208703,1277316663516801243
25130584,1779209543,5000000000000000000
25130707,1779211031,7106250136159160562
25130741,1779211439,400000000000000000
25130849,1779212735,40100250626566416
25130929,1779213707,2400000000000000000
25131029,1779214907,1503759398496240601
25131086,1779215591,2046493233082706766
25131127,1779216083,10025062656641604
25131309,1779218267,47199170000000000
25131331,1779218531,424792540000000000
25131487,1779220415,7017543859649122807
25131556,1779221243,50000000000000000
25131833,1779224567,1192443408521303
25131854,1779224819,46291214121480702
25131938,1779225827,100250626566416040
25132075,1779227471,3000000000000000
25132122,1779228035,1174621081126528083
25132225,1779229271,95713533367026022
25132381,1779231155,5450000000000000
25132392,1779231287,168169068933121824
25132408,1779231479,40000000000000000
25132672,1779234659,10000000000000000
25132689,1779234863,257246643424769887
25132748,1779235571,5000000000000000
25132807,1779236279,3983990218148894
25133058,1779239303,200000000000000000
25133143,1779240323,4030075187969924812
25133157,1779240491,2510077903253264
25133168,1779240623,1700000000000000000
25133245,1779241547,2987468671679197994
25133445,1779243971,571428571428571428571
25133779,1779248003,838800000000000000
25133826,1779248567,501253132832080200
25134247,1779253631,2199281469345023487
25134605,1779257939,2305764411027568
25134981,1779262451,468248360042191985
25134987,1779262523,6347129315418915
25135181,1779264851,2536460308313763
25135202,1779265103,3320062890520405
25135373,1779267155,2126504169397448
25135569,1779269519,330000000000000000
25135596,1779269855,10000000000000000000
25135684,1779270911,20050125313283208
25135748,1779271691,125313283208020050
25135766,1779271907,25578418396352832
25135797,1779272279,1000000000000000000
25135832,1779272699,14000000000000000000
25135849,1779272903,2005012531328320
25135863,1779273071,1503759398496240
25135884,1779273323,29925000000000000
25135982,1779274511,15232300000000000000
25136017,1779274943,10000000000000000
25136038,1779275195,109729613656054589
25136066,1779275531,3642179566431916000
25136111,1779276071,6120972431077694
25136156,1779276611,100000000000000000
25136184,1779276947,1000000000000000000
25136233,1779277535,2375939849624060
25136550,1779281339,9973410596052401568
25136611,1779282071,100000000000000000000
25136658,1779282635,6015037593984962406
25136739,1779283619,509099036089568879
25136812,1779284495,432130000000000000
25136848,1779284927,419363829200000000
25136917,1779285755,370000000000000000
25136989,1779286631,359263400000000000
25137043,1779287279,4171677051598273615
25137130,1779288323,338265237000000000
25137166,1779288755,185976683899573218
25137188,1779289019,7017543859649122807
25137229,1779289511,40100250626566416
25137323,1779290639,3147195714633762257
25137385,1779291383,319265170000000000
25137407,1779291659,96895287670372300
25137414,1779291743,2737040009022556390
25137427,1779291899,300000000000000000
25137453,1779292211,2022425225282576441
25137458,1779292271,684415211317119
25137614,1779294143,252727800000000000
25137760,1779295907,100000000000000000
25137811,1779296519,501253132832080
25137872,1779297251,8000000000000000000
25137933,1779297983,9614035087719298245
25137940,1779298067,501253132832080200
25138032,1779299171,2349874686716791979
25138032,1779299171,2857142857142857142
25138188,1779301043,50000000000000000
25138409,1779303707,32098666666666666
25138623,1779306275,174000000000000000
25138804,1779308459,100000000000000000
25138839,1779308879,50000000000000000
25138933,1779310019,1002506265664160
25139110,1779312143,1042343859649122807
25139395,1779315599,2078754391072874
25139551,1779317471,952380952380952380
25139766,1779320063,749439242637639287
25140208,1779325415,1000000000000000000
25140399,1779327731,5012531328320802
25140441,1779328235,3785564368891849349
25140679,1779331103,1111110000000000000
25140743,1779331883,1102756892230576441
25140821,1779332831,802005012531328320
25140996,1779334955,7358328374297506
25141154,1779336851,600000000000000000
25141340,1779339095,7360516427034848
25141352,1779339239,1099508459958531522
25141380,1779339575,1098934456655453332
25141625,1779342515,4200000000000000000
25141710,1779343535,600000000000000000
25141987,1779346871,21220000000000000000
25142268,1779350243,500000000000000000
25142344,1779351155,50000000000000000
25142674,1779355115,24110401316574644
25142697,1779355391,3700000000000000000
25142703,1779355463,5000000000000000
25142715,1779355607,9836571852310000
25142736,1779355859,19950000000000000
25142771,1779356279,50125313283208020
25143377,1779363563,19287318295739348370
25143421,1779364091,6516290726817042606
25143442,1779364343,10620712406441430
25143782,1779368423,100000000000000000000
25143840,1779369119,8936888876962393
25144170,1779373091,72179774919107966
25144547,1779377627,5000000000000000
25144560,1779377783,24622728417896124
25144646,1779378815,200501253132832080
25144838,1779381119,5012531328320802
25144919,1779382091,2345000000000000000
25144990,1779382943,40000000000000000
25144995,1779383003,400000000000000000
25145049,1779383651,527280000000000000
25145205,1779385547,1000000000000000000
25145343,1779387215,2165824301449796514
25145607,1779390383,1992000000000000000
25145619,1779390527,80150375939849624
25145647,1779390863,20000000000000000
25145739,1779391967,50000000000000000
25145749,1779392087,902255639097744360
25145895,1779393839,70000000000000000
25145922,1779394163,1253132832080200501
25145927,1779394223,29286608844000000
25146013,1779395267,2005012531328320802
25146024,1779395399,937343358395989974
25146118,1779396539,10025062656641604
25146211,1779397655,1700000000000000000
25146353,1779399359,777700000000000000
25146924,1779406235,101323898754600000
25147204,1779409595,5012531328320802
25147224,1779409835,671679197994987468
25147394,1779411875,11855557888652485
25147514,1779413327,1837593984962406015
25147617,1779414575,3633616030518000
25147861,1779417527,1744321376064563
25147947,1779418559,501253132832080
25147958,1779418691,18000000000000000000
25147976,1779418907,100000000000000000000
25148178,1779421343,1000000000000000000
25148585,1779426251,3329154153093124
25149158,1779433127,9022556390977443
25149167,1779433235,100250626566416040
25149176,1779433343,10025062656641604
25149462,1779436787,69270573105969689
25149482,1779437027,847117794486215538
25149482,1779437027,137773433583959899
25149685,1779439499,23302833630631465
25149787,1779440735,113250235463570044
25149861,1779441635,59732489583698098
25149949,1779442691,59495406242644565
25150106,1779444587,10000000000000000
25150154,1779445163,20000000000000000
25150293,1779446831,310356205913460000
25150363,1779447671,2205513784461152882
25150418,1779448343,6137024469802476000
25150849,1779453515,935243504300506896
25150870,1779453767,112042187860182694
25151567,1779462143,30075187969924812
25151672,1779463415,32924108584581196
25151707,1779463835,9512050921612306
25151747,1779464315,8629448635798621
25151800,1779464951,1991031765392447206
25151863,1779465707,48120300751879699
25152001,1779467375,100000000000000000
25152072,1779468239,1426399605848579865
25152102,1779468599,577252490822956586
25152121,1779468839,4000000000000000000
25152476,1779473111,4511278195488721804
25152543,1779473927,120000000000000000
25152668,1779475427,1159600059077837596
25153017,1779479627,8603402728982609
25153195,1779481799,19366227019643967
25153668,1779487487,100000000000000000
25153721,1779488123,214560601503759398496
25154067,1779492275,1000000000000000000
25154105,1779492731,94800577754154925
25154126,1779492983,3330000000000000000
25154248,1779494459,5091265950613082
25154304,1779495131,54937284670261696
25154517,1779497687,6015037593984962406
25155314,1779507287,5500000000000000000
25155596,1779510671,86215538847117794486
25155677,1779511643,24940000000000000000
25155760,1779512639,50000000000000000
25155771,1779512771,14353127014130081
25156141,1779517235,2004692071693951910
25156264,1779518723,199036591478696741
25156396,1779520307,1128175769524041155
25156687,1779523811,7563213456500000000
25156894,1779526307,27939648408978848
25157507,1779533675,50000000000000000
25157680,1779535751,22292783791834939
25157774,1779536879,476284128128240670
25157920,1779538631,14976075645067152087
25157998,1779539567,38475581997327680
25158020,1779539831,61829037418706010
25158144,1779541331,3887471284290246622
25158208,1779542099,500000000000000000
25158285,1779543023,304786655593634297
25158345,1779543743,15000000000000000000
25158424,1779544691,109974937343358395989
25158584,1779546635,4863082582582277
25158632,1779547211,10280000000000000
25159343,1779555803,100000000000000000
25159374,1779556175,113000000000000000
25159524,1779557975,3953876201198534
25159530,1779558059,100000000000000000
25159641,1779559391,43336449500261910
25159996,1779563687,10000000000000000000
25160056,1779564407,3113228930267851
25160134,1779565355,2000000000000000000
25160202,1779566171,303727921106180620
25160361,1779568091,200501253132832080
25160566,1779570551,35274495413582194
25160786,1779573203,100000000000000000
25161395,1779580511,126689203647681465
25161406,1779580655,432790000000000000
25161475,1779581483,417290900000000000
25161520,1779582023,346400746820160200
25161555,1779582443,250000000000000000
25161814,1779585551,9644035685897496664
25161888,1779586439,4128987751770000
25162002,1779587819,11027568922305764
25162117,1779589211,11953482644880000
25162539,1779594275,25062656641604010
25162857,1779598103,6000000000000000
25163355,1779604115,500000000000000000
25163834,1779609863,36166425252998704
25164663,1779619835,60000000000000000
25164841,1779621971,8274280656534967769
25164918,1779622895,50000000000000000
25164938,1779623135,1978186336388700277
25164951,1779623291,50000000000000000
25164998,1779623855,6000000000000000000
25165019,1779624107,50000000000000000
25165041,1779624371,6056453583091647511
25165187,1779626135,3761906010250294
25165396,1779628643,32818200000000000
25165849,1779634091,1695167840561696381
25166071,1779636779,2005012531328320802
25166114,1779637307,1002506265664160401
25166122,1779637403,4511278195488721804
25166141,1779637631,1100000000000000000
25166152,1779637763,451127819548872180
25166220,1779638579,570000000000000000
25166257,1779639035,100000000000000000
25166302,1779639575,530325530211431132
25166317,1779639755,1002506265664160401
25166405,1779640811,29115944266336078
25166726,1779644675,1500000000000000000
25166856,1779646259,7017543859649122
25167034,1779648407,5542806165416986
25167048,1779648575,5000000000000000000
25167111,1779649343,609999999999999987
25167294,1779651551,31923699832516204331
25167631,1779655595,53759088297748996
25167924,1779659123,1543200000000000000
25167953,1779659471,3007518796992481
25167999,1779660023,35277259993403787
25168149,1779661835,200000000000000000
25168213,1779662603,6015037593984962406
25168441,1779665339,100250626566416040
25169019,1779672299,4561403508771929824
25169176,1779674183,3000000000000000000
25169182,1779674255,1285969946366001918
25169282,1779675467,50000000000000000
25169851,1779682331,630367120443920058
25169902,1779682943,901429861051887776
25170271,1779687395,59850000000000000
25170299,1779687731,4545608956350000
25170333,1779688151,8578105091263884706
25170565,1779690983,100000000000000000
25170647,1779691967,33260430003473331
25170657,1779692087,5000000000000000000
25170751,1779693215,250626566416040100
25170970,1779695855,130325814536340852
25171054,1779696875,170000000000000000
25171093,1779697343,37816735839598997493
25171121,1779697679,215538847117794486
25171189,1779698495,42614540741862200
25171200,1779698627,10000000000000000
25171212,1779698771,170000000000000000
25171302,1779699851,100381449508130910
25171424,1779701315,23700000000000000000
25171910,1779707159,1002506265664160401
25172032,1779708623,10000000000000000
25172399,1779713039,14360000000000000
25172405,1779713111,7320027106697000000
25172412,1779713195,100000000000000000000
25172416,1779713243,1238959416000000
25172417,1779713255,116481844983888
25172493,1779714167,7000000000000000000
25173243,1779723251,231152989550007000
25173304,1779723983,30075187969924812
25173386,1779724967,8040150501567201211
25173543,1779726851,5425766486488999250
25173575,1779727235,16647788632538994
25173575,1779727235,1915071614824661963
25173645,1779728075,50000000000000000
25173832,1779730319,1604010025062656641
25173949,1779731759,10025062656641604
25174015,1779732551,339150000000000000
25174096,1779733523,1925965518011900229
25174197,1779734735,139982956041847737
25174401,1779737183,50125313283208020
25174428,1779737507,2005012531328320802
25174624,1779739859,50125313283208020
25174625,1779739871,4992481203007518796
25174671,1779740423,150375939849624060
25174692,1779740675,3753852002759998
25174734,1779741191,20146305530741887
25175037,1779744863,310000000000000000
25175101,1779745631,60000000000000000
25175113,1779745775,20000000000000000
25175397,1779749195,30000000000000000
25175540,1779750911,383998137586912
25175869,1779754883,997416498513718055
25175881,1779755027,5112781954887218045
25176368,1779760883,4000000000000000
25176559,1779763187,601308065177039710
25176683,1779764687,275690219172551249
25176928,1779767639,1752463865456748989
25177024,1779768791,199643423001836279
25177030,1779768863,10000000000000000
25177185,1779770735,43167189102736256
25177329,1779772475,2981453634085213
25177461,1779774059,10000000000000000
25177465,1779774107,7537600000000000000
25177522,1779774803,13832560000000000000
25177599,1779775727,10025062656641604
25177774,1779777827,49000000000000000
25177791,1779778031,6832750000000000000
25177916,1779779531,859147869674185463
25177934,1779779747,4210526315789473
25177938,1779779795,10025062656641604
25177965,1779780119,1000000000000000000
25178149,1779782339,25125470317397503
25178208,1779783047,30576441102756892
25178236,1779783383,8014162887725228914
25178251,1779783563,4035087719298245614
25178287,1779783995,15037593984962406015
25178344,1779784679,150000000000000000
25178461,1779786083,40000000000000000000
25178481,1779786323,14235588972431077694
25178511,1779786683,249608770556416000
25178530,1779786911,501253132832080
25178621,1779788015,230247724501770743
25178669,1779788591,351850937537470
25179078,1779793511,10000000000000000
25179164,1779794555,500000000000000000
25179401,1779797411,7857200000000000000
25179437,1779797843,2005012531328320802
25179445,1779797939,8749013371509036297
25179566,1779799391,6014235287914921428
25179595,1779799739,100000000000000000
25179611,1779799931,3352000000000000000
25179616,1779799991,1000000000000000000
25179625,1779800099,1000000000000000000
25179681,1779800771,20050125313283208
25179685,1779800819,1100000000000000
25179699,1779800987,5020068969416021
25179742,1779801503,3308270676691729
25179886,1779803231,5000000000000000000
25179921,1779803651,58500000000000000000
25179931,1779803771,148315206026480000
25180002,1779804635,32000000000000000
25180006,1779804683,228827535951407098
25180024,1779804899,220000000000000000
25180026,1779804923,353560913115741411
25180076,1779805523,10025062656641604
25180240,1779807503,7815632170353112959
25180330,1779808583,2005012531328320802
25180390,1779809303,2074792124740209706
25180488,1779810479,200501253132832080
25180529,1779810971,10000000000000000
25180608,1779811919,1325000000000000000
25180658,1779812519,1032000000000000000
25180745,1779813563,80200501253132832
25180782,1779814007,3516962218022215922
25180789,1779814091,4850000000000000000
25180839,1779814691,100000000000000000
25180889,1779815291,100000000000000000
25181427,1779821783,1189269239524718952
25181601,1779823883,500000000000000000
25181705,1779825143,4771626781717329
25181718,1779825299,2728434979007519
25181720,1779825323,50125313283208020
25181734,1779825491,3521334664983260
25181747,1779825647,10025062656641604
25181808,1779826379,10526315789473684
25181839,1779826751,10325814536340852
25181887,1779827327,10225563909774436
25181932,1779827867,10125313283208020
25181968,1779828299,380000000000000000
25182006,1779828767,1400000000000000000
25182195,1779831035,10426065162907268
25182220,1779831335,200000000000000000
25182264,1779831863,254588854444000000
25182278,1779832031,20000000000000000
25182313,1779832451,438841279798707072
25182333,1779832691,10526315789473684
25182388,1779833351,12030075187969924
25182822,1779838559,1933411930771139
25182841,1779838787,1000000000000000000
25182898,1779839471,195492740238955192
25183688,1779848963,9663000000000000
25183704,1779849155,2506265664160401
25183819,1779850535,10025062656641604010
25183885,1779851327,24630305603349618
25184123,1779854183,39097744360902255
25184164,1779854675,3867886829676472
25184305,1779856379,100000000000000000
25184320,1779856559,21508678373944679
25184322,1779856583,15952813735484096
25184381,1779857291,4912280701754385
25184540,1779859223,446400283553177539
25184696,1779861095,90225563909774436
25184889,1779863423,989762228439701
25185139,1779866435,751879699248120300
25185374,1779869291,24031000000000000
25185403,1779869651,96031000000000005
25185573,1779871715,2416040100250626566
25185768,1779874055,8709223057644110275
25185906,1779875711,16694962274177740
25185915,1779875819,802005012531328
25185969,1779876467,457000000000000000
25185992,1779876743,34202174409443163
25186080,1779877799,22700000000000000
25186229,1779879599,451127819548872
25186306,1779880523,1697152742506265664
25186726,1779885587,300000000000000000
25186784,1779886283,410000000000000000
25187082,1779889871,145143761590456166
25187102,1779890111,15000000000000000
25187123,1779890363,25937000000000000
25187290,1779892391,676920690452560727
25187516,1779895115,16175325094508966
25187767,1779898151,550000000000000000
25188001,1779900971,1002506265664160401
25188100,1779902159,9336677460190787248
25188263,1779904115,1303258145363408521
25188381,1779905543,50000000000000000
25188532,1779907367,153806823004807266
25188532,1779907367,3007518796992481
25188654,1779908831,38897899440845165322
25188693,1779909299,80401505015672012
25188911,1779911927,100000000000000000
25189035,1779913415,97200000000000000
25189169,1779915023,600000000000000000
25189188,1779915251,2697883077842727822
25189203,1779915431,3760000000000000000
25189214,1779915563,100000000000000000
25189223,1779915671,7300000000000000000
25189356,1779917267,13130000000000000000
25189416,1779917987,4010025062656641604
25189436,1779918227,34897822362618128320
25189656,1779920879,560000000000000000
25189707,1779921491,4553115024438698233
25189758,1779922103,50000000000000000
25189790,1779922487,200000000000000000
25189790,1779922487,184629239790648628
25190049,1779925619,54985951901868601
25190086,1779926075,2005012531328320
25190149,1779926831,300000000000000000
25190365,1779929447,7000000000000000000
25190427,1779930191,9100000000000000000
25190455,1779930527,10100000000000000000
25190474,1779930755,13000000000000000000
25190507,1779931151,2633877160431436646
25190605,1779932327,1500000000000000000
25190827,1779935015,9975000000000000
25190907,1779935975,9900000000000000
25190924,1779936179,10000000000000000
25190936,1779936323,5500000000000000000
25190972,1779936755,1604010025062656641
25190996,1779937043,3500000000000000000
25191399,1779941891,1992830835697724864
25191416,1779942107,360902255639097744
25191814,1779946895,12030075187969924
25191861,1779947459,293176906032292511
25192013,1779949283,48120300751879699
25192083,1779950123,344000000000000000
25192098,1779950303,117696740141152823
25192332,1779953123,1002164381646246
25192448,1779954527,3836565319103307191
25192516,1779955343,2009151037743997
25192546,1779955703,900000000000000000
25192609,1779956459,210796097859344325
25192778,1779958487,154475520117363045
25192926,1779960263,19707016123384831
25193176,1779963263,9637585850349983
25193262,1779964295,10000000000000000
25193262,1779964295,210526315789473684
25193281,1779964523,600000000000000
25193364,1779965531,4020653431653310710
25193518,1779967379,129000000000000000
25193650,1779968963,10000000000000000
25193655,1779969023,720861770482130119
25193754,1779970211,9022556390977443609
25193819,1779970991,6416040100250626566
25193832,1779971147,1200113455378150708
25193862,1779971507,273281377754191929
25194115,1779974543,1770379538475838036
25194157,1779975047,10000000000000000
25194171,1779975215,10000000000000000
25194190,1779975443,3660441075849701440
25194291,1779976655,45321072266237715
25194374,1779977651,150000000000000000
25194455,1779978623,10000000000000000
25194466,1779978755,794343710263554639
25194533,1779979559,80000000000000000
25194539,1779979631,1256000000000000000
25194550,1779979763,150000000000000000
25194554,1779979811,1002506265664160401
25194555,1779979823,150000000000000000
25194614,1779980531,501253132832080200
25194622,1779980639,798561288106313688
25194787,1779982619,50000000000000000
25194846,1779983327,5012531328320802
25194850,1779983387,766500000000000000
25195013,1779985367,20135961266137922
25195141,1779986903,2078062211146048994
25195149,1779986999,500000000000000000
25195150,1779987011,3491250000000000000
25195159,1779987119,31153070646541164
25195172,1779987287,11997834403238704325
25195180,1779987383,250000000000000000
25195208,1779987719,500000000000000000
25195306,1779988895,5012531328320802
25195442,1779990527,22500000000000000000
25195444,1779990551,150375939849624060
25195600,1779992435,10000000000000000
25195605,1779992495,100000000000000000
25195683,1779993431,8230166887908727
25195692,1779993539,150000000000000000
25195692,1779993539,113830956081047640
25195778,1779994595,3960107628000000
25195779,1779994607,1855980847015618
25196033,1779997655,1102756892230576441
25196093,1779998387,5012531328320802
25196264,1780000439,1002506265664160
25196321,1780001123,624372615940574249
25196412,1780002215,1625175667536639335
25196506,1780003343,9793693813290635767
25196540,1780003751,100000000000000000
25196722,1780005935,3107769423558897243
25197306,1780012991,1010000000000000000
25197519,1780015559,669573232048134014
25197766,1780018523,63520000000000000000
25198267,1780024535,50440000000000000
25198543,1780027847,10000000000000000
25198570,1780028171,419060470309271638
25198619,1780028759,200000000000000000
25198641,1780029023,50000000000000000
25199085,1780034375,58644217595956397
25199125,1780034855,51805204922867795
25199537,1780039811,100000000000000000
25199807,1780043063,55137844611528822
25199845,1780043519,21396389354727164
25199860,1780043699,17406055048529472
25200290,1780048871,247000000000000000
25200427,1780050527,2000000000000000
25200545,1780051955,1009253132832080200
25200579,1780052363,5000000000000000
25200596,1780052567,100000000000000000
25200613,1780052771,20050125313283208
25200660,1780053335,67030626538944086
25200742,1780054331,1350000000000000000
25200755,1780054487,649197018084983490
25200841,1780055519,245433691029296248
25200941,1780056731,201528708107068716
25201081,1780058435,142284465384212062
25201091,1780058555,14000000000000000
25201248,1780060439,600000000000000000
25201284,1780060871,643564988529730024
25201358,1780061759,10025062656641604010
25201425,1780062563,15037593984962406
25201783,1780066859,2389644569912383630
25201824,1780067351,150000000000000000
25201885,1780068083,32881421124115227
25201896,1780068215,995673793754828651
25202011,1780069595,2551378446115288220
25202035,1780069883,4180722596491228
25202082,1780070447,950000000000000000
25202129,1780071011,978954448594391736
25202152,1780071287,100000000000000000
25202217,1780072079,100000000000000000
25202235,1780072295,376000000000000000
25202701,1780077911,952380952380952380
25202726,1780078211,7473881958330389175
25202758,1780078595,20000000000000000
25202940,1780080791,50000000000000000
25202976,1780081235,1076946061829640835
25203314,1780085291,50125313283208020
25203418,1780086539,400000000000000000
25203609,1780088867,5012531328320802005
25203945,1780092911,46436012989180202
25204081,1780094555,81972872571633700
25204133,1780095191,2907268170426065162
25204334,1780097627,952283387822619
25204388,1780098275,392781200000000000
25204485,1780099451,273888386793830586
25204846,1780103807,425624800000000000
25204967,1780105259,485973159143535717
25204996,1780105607,398645000000000000
25205920,1780116743,5378280626974126
25206058,1780118423,23953314030408178
25206058,1780118423,153071679197994987
25206608,1780125059,879849624060150375
25206627,1780125287,2561387986237500
25206646,1780125515,1297230676691729323
25206649,1780125551,496697620000000000
25206663,1780125719,140000000000000000
25206685,1780125983,50128349818050005
25207701,1780138211,49875000000000000
25207839,1780139891,1872872700101730617
25207882,1780140407,5000000000000000
25208392,1780146539,50125313283208020
25208850,1780152047,20352615749546088
25208893,1780152563,100000000000000000
25208920,1780152887,128526032183479781
25209159,1780155779,141353383458646616
25209226,1780156595,35000000000000000
25209596,1780161083,1200000000000000
25209695,1780162295,34611752889312498
25209772,1780163243,1027349275985976140
25210058,1780166687,350877192982456140
25210260,1780169123,974057595899140861
25210337,1780170047,1398720746499262590
25210395,1780170743,4960000000000000
25210625,1780173503,967488634966938429
25210744,1780174931,500000000000000000
25210803,1780175639,1835275195399298065
25210811,1780175735,291782900000000000
25210823,1780175879,215108127518859808
25210831,1780175975,478752829472959551
25210899,1780176803,236716700000000000
25210919,1780177043,800000000000000
25210932,1780177199,191672800000000000
25211017,1780178219,4987500000000000
25211031,1780178387,421273830000000000
25211202,1780180463,311218000000000000
25211262,1780181195,9274935634700000000
25211447,1780183415,352322190000000000
25211451,1780183463,212149129156228414
25211872,1780188539,1797306271110000
25211876,1780188587,198006489748645570
25211908,1780188971,1448730720190104
25212653,1780197971,1002506265664160
25213109,1780203467,49000000000000000
25213472,1780207835,997500000000000
25213531,1780208543,2000000000000000
25213607,1780209455,1000000000000000
25213676,1780210283,12030075187969924
25213753,1780211207,1000000000000000
25213993,1780214111,11264030075187969924
25214176,1780216343,1500000000000000
25214319,1780218071,1000000000000000
25214447,1780219607,28175803167695244
25214486,1780220099,28170426065162907
25214611,1780221611,18727464237338449
25214716,1780222871,20000000000000000000
25214761,1780223411,15000000000000000000
25214805,1780223939,10000000000000000000
25214859,1780224587,28070175438596491
25215060,1780227011,1241000000000000000
25215089,1780227359,7835770479282321840
25215128,1780227827,1361000000000000000
25215135,1780227911,50000000000000000
25215800,1780235915,401002506265664160
25215888,1780236971,4539735151057704111
25215922,1780237379,55000000000000000
25215962,1780237859,1042273918194057547
25216090,1780239407,4233863812500000
25216176,1780240439,750000000000000000
25216217,1780240931,20946067534456266
25216229,1780241075,1730000000000000000
25216302,1780241951,31783940000000000000
25216350,1780242527,194704540341343338
25216399,1780243115,150375939849624060
25216479,1780244075,700000000000000000
25216766,1780247519,5000000000000000000
25216888,1780248983,29959000000000000000
25216919,1780249355,354213135651364025
25217018,1780250555,7750804675967394
25217116,1780251743,200501253132832080
25217300,1780253975,198540475253166349
25217683,1780258595,70000000000000000
25217786,1780259831,9975000000000000000
25217825,1780260299,997015341183687597
25217836,1780260431,6165311600000689
25218168,1780264427,15000000000000000
25218228,1780265159,412167000000000000
25218344,1780266551,422718000000000000
25218359,1780266731,21081062876320518
25218392,1780267127,500000000000000000
25218398,1780267199,382829100000000000
25218435,1780267655,902255639097744
25218478,1780268171,200000000000000000
25218523,1780268711,3000000000000000
25218531,1780268807,3971078781322792
25218543,1780268951,1770486891022943
25218909,1780273355,17590014964094243
25219101,1780275659,13933403697083362455
25219222,1780277111,350000000000000000
25219247,1780277423,86000000000000000
25219474,1780280171,5698067024696524800
25219558,1780281179,1822824909363428031
25219767,1780283711,40486393631090758
25220562,1780293251,16149160293561079478
25220582,1780293491,980672656246720398
25220622,1780293971,40020207414376398975
25220986,1780298351,5000000000000000
25221945,1780309955,300000000000000000
25222206,1780313087,802005012531328
25222482,1780316411,250000000000000000
25222760,1780319747,8600000000000000
25223098,1780323815,9471206581061243
25223473,1780328315,300751879699248120
25223493,1780328555,49000000000000000
25223592,1780329743,1000000000000000000
25223648,1780330415,227370706297770000
25224078,1780335599,670961368473583451
25224094,1780335791,10000000000000000
25224394,1780339415,100000000000000000
25224402,1780339511,50125313283208020
25224423,1780339763,30744862155388471
25224434,1780339895,10025062656641604
25224434,1780339895,424115827226797403
25224527,1780341011,266666666666666666
25224620,1780342127,2572236666000000
25224739,1780343567,5012531328320802
25224798,1780344275,20000000000000000
25224832,1780344695,24966000000000000
25225005,1780346783,10500000000000000000
25225104,1780347983,169000145091814168
25225241,1780349627,100000000000000000
25225272,1780349999,1050000000000000000
25225323,1780350611,1573420000000000000
25225386,1780351367,17937068938522932000
25225392,1780351439,1100000000000000000
25225430,1780351895,72119602899865606
25225437,1780351979,25448081356272887
25225515,1780352915,2506265664160401002
25225740,1780355627,1000000000000000000
25225943,1780358075,1500000000000000000
25225989,1780358627,100000000000000000
25226124,1780360271,200000000000000000
25226313,1780362539,25683208020050125
25226330,1780362743,1000000000000000000
25226413,1780363739,2826068015884488
25226513,1780364939,197880674207299330
25226637,1780366427,1000000000000000
25227500,1780376807,100250626566416040
25227588,1780377863,14256318458563100
25227647,1780378571,3508771929824561403
25227698,1780379183,2345864661654135338
25228060,1780383551,10025062656641604
25228405,1780387703,18711834524048992
25228555,1780389503,1100000000000000000
25228870,1780393331,318998196601209483
25228978,1780394627,115357500000000000
25229060,1780395611,222888299070045941
25229077,1780395815,25100344847080106
25229082,1780395875,192336412613386852
25229110,1780396211,43253090622457863
25229786,1780404371,3000000000000000
25229805,1780404599,3000000000000000
25229830,1780404899,3000000000000000
25229994,1780406879,42105263157894736842
25230029,1780407299,88882205513784461153
25230071,1780407803,12114110912154301930
25230112,1780408295,2000000000000000000
25230123,1780408427,3500000000000000000
25230604,1780414223,2000000000000000000
25230663,1780414931,997500000000000000
25230735,1780415819,148234438021642528
25230782,1780416383,3500000000000000000
25230786,1780416431,50125313283208020
25230918,1780418015,33301253132832080200
25230931,1780418171,226907786006169089
25230990,1780418879,100000000000000000
25231018,1780419215,62900000000000000000
25231100,1780420199,45347988972431077694
25231112,1780420343,1000000000000000000
25231124,1780420487,500000000000000000
25231231,1780421771,51935000000000002
25231231,1780421771,8922305764411027568
25231304,1780422659,234570869638555575
25231304,1780422659,420000000000000000
25231390,1780423727,5012531328320802
25231395,1780423787,20720321817880481774
25231477,1780424771,100000000000000000
25231481,1780424819,501253132832080200
25231496,1780424999,157130909764334484
25231558,1780425743,100250626566416040
25231638,1780426703,10000000000000000
25231832,1780429031,766327701500750810
25231901,1780429871,601088286557867845
25232105,1780432319,10038144950813090
25232153,1780432895,10830000000000000
25232206,1780433531,986251087709154592
25232256,1780434131,246650083470046226
25232271,1780434311,11135150338295301
25232300,1780434671,200501253132832080
25232924,1780442231,9523809523809523809
25232952,1780442579,2000000000000000
25233265,1780446347,1000000000000000
25233569,1780450007,2000000000000000
25233602,1780450403,209807922235986000
25233651,1780450991,337177602432635000
25233664,1780451147,95163156818677035
25233692,1780451483,396890182869432315
25233806,1780452851,29016707061566663140
25234453,1780460651,3007518796992481203
25234631,1780462787,1015437057314875538
25234721,1780463867,7377493936069548
25234781,1780464587,10000000000000000
25234876,1780465739,5000000000000000
25234945,1780466579,60000000000000000
25235044,1780467779,270151378446115288
25235083,1780468247,979470389791474198
25235127,1780468775,15700000000000000000
25235187,1780469507,40166026277748378
25235204,1780469711,30075187969924812
25235399,1780472075,4524041951552665167
25235405,1780472147,602406253575259000
25235425,1780472387,78710470000000000
25235507,1780473383,10025062656641604
25235564,1780474067,40884670085255076
25235787,1780476755,30075187969924812
25235864,1780477679,46506954359706139
25235871,1780477763,25625245982828115
25235887,1780477955,19479234930311570
25235898,1780478087,5562692102300000000
25235913,1780478279,50000000000000000
25236030,1780479683,403450000000000000
25236069,1780480151,500000000000000000
25236086,1780480355,50000000000000000
25236093,1780480439,50000000000000000
25236223,1780481999,761904761904761904
25236260,1780482443,10025062656641604010
25236298,1780482899,1500000000000000000
25236312,1780483067,3007518796992481
25236511,1780485455,485235073548036105
25236635,1780486943,1000000000000000
25236641,1780487015,18068660911463561
25236656,1780487195,100000000000000000
25236686,1780487555,3980000000000000000
25236790,1780488803,70175438596491228
25236898,1780490099,70175438596491228
25236934,1780490531,9449624060150375
25236951,1780490735,5313283208020050
25236956,1780490795,23777770000000000000
25236967,1780490927,6739877522850899
25237271,1780494587,800000000000000000
25237365,1780495727,12093828425402800
25237409,1780496255,592493344110198033
25237615,1780498763,7500000000000000000
25237808,1780501091,10000000000000000000
25237896,1780502159,5617659058067286
25237904,1780502255,17000000000000000
25237987,1780503251,904144529146044573
25238101,1780504631,150000000000000000
25238306,1780507103,10025062656641604010
25238343,1780507547,200501253132832080
25238619,1780510883,200000000000000000
25238686,1780511699,5000000000000000
25238874,1780513991,15037593984962406015
25238889,1780514171,377215227895646520
25238978,1780515239,11704813799870572791
25239037,1780515947,976897150205141554
25239143,1780517219,4980000000000000000
25239201,1780517927,33500000000000002
25239248,1780518491,501253132832080200
25239353,1780519751,10000000000000000000
25239487,1780521359,103645634000000000
25239490,1780521395,19070000000000000000
25239557,1780522211,2000000000000000000
25239632,1780523111,1141223106998469756
25239651,1780523339,1272214015037594015
25239721,1780524191,1000000000000000
25239841,1780525631,1000000000000000
25239867,1780525943,81201215348093629
25239964,1780527119,12420237929626131
25239969,1780527191,11077694235588972
25240325,1780531475,5000000000000000
25240325,1780531475,13967744769698207828
25240406,1780532447,7629398092966884000
25240536,1780534007,200501253132832080
25240592,1780534679,10000000000000000000
25240623,1780535051,90000000000000000000
25241078,1780540535,1420000000000000000
25241110,1780540919,1980000000000000000
25241221,1780542251,13258710558776865479
25241253,1780542635,10000000000000000
25241311,1780543331,6500000000000000000
25241446,1780544951,251953884711779448
25241462,1780545155,1002506265664160401
25241497,1780545575,1500000000000000000
25241515,1780545791,6000000000000000
25241871,1780550099,50125313283208020
25242279,1780555055,7427054311238545480
25242585,1780558727,1400000000000000000
25242701,1780560119,902255639097744360
25242805,1780561367,484338923462042354
25242966,1780563299,1000000000000000000
25242981,1780563479,100250626566416040
25243016,1780563899,14035087719298245614
25243105,1780564979,75187969924812030
25243154,1780565591,3007518796992481203
25243161,1780565675,2005012531328320802
25243205,1780566203,641341137411710369
25243282,1780567151,5000000000000000
25243337,1780567811,14781734901265539864
25243361,1780568099,9022556390977443
25243368,1780568183,5000000000000000000
25243561,1780570511,7000000000000000000
25243576,1780570691,300000000000000000
25243604,1780571027,2239598997493734335
25243752,1780572815,1002506265664160401
25243755,1780572851,6000000000000000
25243810,1780573523,50190724754065455
25243826,1780573715,2880000000000000000
25243838,1780573859,10000000000000000
25243924,1780574891,9933996332166327
25243948,1780575179,12000000000000000000
25244114,1780577183,1002506265664160401
25244117,1780577219,1000000000000000
25244139,1780577483,5000000000000000
25244166,1780577807,501253132832080200
25244188,1780578071,208220304761904761
25244243,1780578731,100000000000000000
25244281,1780579187,200000000000000000
25244460,1780581359,750000000000000000
25244507,1780581923,575612582823402552
25244509,1780581947,136014559986907713
25244589,1780582931,18719696088223844
25244771,1780585139,570000000000000000
25244810,1780585619,3400000000000000000
25244824,1780585787,2820000000000000000
25244960,1780587419,421830000000000000
25244996,1780587851,10000000000000000
25245010,1780588019,391423200000000000
25245031,1780588271,451738900000000000
25245051,1780588511,296431000000000000
25245078,1780588835,521124880000000000
25245227,1780590623,12531328320802005012
25245381,1780592495,9950730051357370
25245518,1780594151,3007518796992481203
25245523,1780594211,15956050457074401126
25245570,1780594775,5000000000000000000
25245715,1780596515,19000000000000000
25245724,1780596623,4000000000000000000
25245963,1780599515,20000000000000000
25246069,1780600787,10000000000000000
25246225,1780602659,3000000000000000
25246307,1780603655,7951898709482967
25246636,1780607627,52893819408261197
25246662,1780607951,35229285809800324
25246775,1780609331,25062656641604010
25246779,1780609379,100250626566416040
25246801,1780609643,49969924812030075187
25246855,1780610291,29688174957832565
25246873,1780610507,24229330546605629
25247029,1780612391,60000000000000000
25247029,1780612391,57248000000000000
25247044,1780612583,20000000000000000
25247044,1780612583,300000000000000000
25247044,1780612583,70000000000000000
25247103,1780613291,60000000000000000
25247109,1780613363,20000000000000000
25247128,1780613591,240174751884423369
25247249,1780615043,60000000000000000
25247297,1780615631,5967919799498746867
25247532,1780618451,2345864661654135338
25247611,1780619411,100000000000000000
25247783,1780621475,8478586616541353383
25247930,1780623239,100250626566416040
25248055,1780624775,1704260651629072681
25248136,1780625747,40300751879699248
25248300,1780627715,39900000000000000
25248433,1780629323,6000000000000000000
25248469,1780629767,1200000000000000000
25248516,1780630343,2915776967500722
25248535,1780630571,3000000000000000000
25248552,1780630775,6185566750450424663
25248555,1780630811,2926636823456564
25248615,1780631531,5012531328320802
25248647,1780631915,400000000000000000
25249008,1780636259,230000000000000000
25249111,1780637507,12030075187969924
25249114,1780637543,10350333033532325
25249299,1780639787,972776543321124709
25249327,1780640123,4380900434690363547
25249333,1780640195,1100000000000000000
25249681,1780644383,61152882205513784
25249854,1780646483,1500000000000000000
25249885,1780646879,100000000000000000
25249971,1780647935,53708010000000000
25250131,1780649867,1002506265664160401
25250221,1780650947,21451394000000000000
25250267,1780651499,200000000000000000
25250290,1780651775,990742904378299400
25250338,1780652351,10000000000000000
25250578,1780655279,201534784295100000
25250578,1780655279,10025062656641604
25250586,1780655375,671829318965638045
25250721,1780657019,9474805125857026
25251017,1780660607,39000000000000000
25251144,1780662131,37999999999999999
25251180,1780662563,300000000000000000
25251271,1780663667,2045112781954887218
25251290,1780663895,8444776068029134
25251366,1780664807,7017543859649122
25251418,1780665431,1197565864661654135
25251470,1780666055,9120000000000000000
25251517,1780666619,3348370927318295739
25251557,1780667099,3056442245252784
25251562,1780667159,3066400232124803
25251726,1780669127,1036585079348926
25251749,1780669415,80200501253132832
25251822,1780670291,8020050125313283208
25251847,1780670603,6869473684210526315
25252083,1780673435,100250626566416040
25252116,1780673831,10038144950813089551
25252333,1780676435,30075187969924812030
25252502,1780678463,7046617957431444
25252508,1780678535,50125313283208020
25252553,1780679075,20000000000000000
25252560,1780679159,4000000000000000000
25252647,1780680203,1011100000000000000
25252747,1780681403,4647084251989776519
25252763,1780681595,3754702893565269129
25252822,1780682315,200000000000000000000
25252847,1780682627,12000000000000000000
25252853,1780682699,13500000000000000000
25252873,1780682963,100000000000000000000
25252903,1780683323,48000000000000000000
25252933,1780683683,250000000000000000
25252950,1780683887,20000000000000000000
25252976,1780684199,8779388499912109609
25252977,1780684211,150000000000000000
25253058,1780685195,4891729323308270676
25253120,1780685939,20500000000000000000
25253140,1780686179,21121772012561685701
25253187,1780686743,501253132832080200
25253197,1780686863,4010025062656641604
25253314,1780688267,2005012531328320802
25253318,1780688315,2332795344633890708
25253494,1780690439,1002506265664160401
25253516,1780690703,100000000000000000
25253545,1780691051,400000000000000000
25253608,1780691807,126984461152882205
25253608,1780691807,14928315944158429524
25253633,1780692119,3400000000000000000
25253845,1780694663,2010000000000000000
25253927,1780695647,96180253488836292
25253943,1780695839,2000000000000000000
25253966,1780696115,76595818375292656
25253995,1780696463,53750381161332940
25254001,1780696535,2045636723300000000
25254024,1780696811,68824502919488217
25254137,1780698203,3610697937149334180
25254211,1780699103,101638869862842226
25254239,1780699439,10025062656641604010
25254307,1780700255,198193445505347124
25254471,1780702223,4000000000000000
25254615,1780703951,10000000000000000
25254656,1780704443,651629072681704260
25254766,1780705775,10000000000000000
25254956,1780708067,351257931001971431432
25255086,1780709627,30951218895362713415
25255203,1780711043,3719298245614035087
25255262,1780711763,25970062656641604
25255323,1780712495,20050125313283208020
25255370,1780713071,200000000000000
25255632,1780716215,750000000000000
25255894,1780719395,4010025062656641604
25256185,1780722899,1997701405916019589
25256339,1780724747,8818975914369904352
25256413,1780725635,884930657662981
25256458,1780726175,3756591478696741854
25256694,1780729019,3600000000000000000
25256756,1780729763,15000000000000000
25257012,1780732847,635000000000000000000
25257445,1780738055,4092987760128228
25257559,1780739423,40100250626566416
25257563,1780739471,1414170056154768363
25257863,1780743095,501253132832080200
25257895,1780743479,9798343838847862
25257915,1780743719,5012531328320802005
25257940,1780744019,10025062656641604
25257946,1780744091,20000000000000000
25257965,1780744319,112280701754385964912
25257987,1780744583,20050125313283208
25258043,1780745255,100000000000000000
25258081,1780745723,15037593984962406015
25258103,1780745987,12030075187969924
25258163,1780746707,7537641095219251
25258175,1780746851,5012531328320802
25258194,1780747079,10436308091090697
25258240,1780747631,13233082706766917
25258314,1780748519,380952380952380952
25258333,1780748747,300751879699248120
25258407,1780749635,20000000000000000
25258491,1780750643,1503759398496240601
25258560,1780751471,11885106747524795
25258720,1780753391,3508771929824561403
25258742,1780753655,20000000000000000
25258756,1780753823,713240000000000000
25258939,1780756019,7518796992481203
25258977,1780756475,1982669981121113287
25259199,1780759139,937457343779273863
25259236,1780759595,10025062656641604010
25259359,1780761083,5000000000000000000
25259370,1780761215,22995403038972489274
25259624,1780764275,100501881269590015
25259646,1780764539,600000000000000
25259702,1780765211,3311106264385912
25259719,1780765415,400000000000000
25259812,1780766531,400000000000000
25259824,1780766675,22844636071842270864
25259837,1780766831,22970215515215052873
25259842,1780766891,67000000000000000000
25259865,1780767167,300000000000000
25259916,1780767779,12030075187969924
25260095,1780769927,260000000000000000
25260105,1780770047,5000000000000000
25260106,1780770059,100000000000000000
25260137,1780770431,802005012531328320
25260222,1780771451,10025062656641604
25260232,1780771571,10025062656641604
25260253,1780771823,64818045112781954
25260290,1780772267,34420000000000000000
25260381,1780773359,55458840645119520762
25260435,1780774007,817972014116226
25260565,1780775567,7789473684210526
25260571,1780775639,4210526315789473684
25260597,1780775951,9999000000000000000
25260756,1780777859,3870000000000000000
25260892,1780779491,3850000000000000000
25260933,1780779983,10000000000000000
25260966,1780780391,200000000000000000
25261186,1780783031,84557548647622572
25261224,1780783487,25062656641604010025
25261409,1780785707,482872000000000000
25261527,1780787123,438217000000000000
25261605,1780788059,100000000000000000
25261678,1780788947,39661647487235997
25261729,1780789559,1303258145363408521
25262311,1780796603,1850000000000000000
25262716,1780801499,1184289912096237
25262769,1780802135,2982830247068132647
25263133,1780806515,100250626566416040
25263217,1780807523,4425283208020050
25263479,1780810691,100400000000000000000
25263523,1780811243,109000000000000000000
25263634,1780812575,21000000000000000
25263819,1780814807,27000000000000000
25263953,1780816415,400000000000000000
25263959,1780816487,100250626566416040
25263995,1780816919,25000000000000000
25264022,1780817243,139144994994561993
25264196,1780819331,117258860000000000
25264234,1780819787,75000000000000000
25264240,1780819871,21980000000000000000
25264266,1780820183,4010025062656641604
25264298,1780820579,952380952380952380
25264349,1780821191,20000000000000000
25264435,1780822235,2000000000000000
25264516,1780823231,7410000000000000000
25264568,1780823867,5966613320092783408
25264584,1780824059,109273182957393483709
25264730,1780825823,15037593984962406
25264784,1780826471,55388347299456602640
25264848,1780827251,10025062656641604
25264860,1780827395,81000000000000000
25264865,1780827455,1002506265664160
25264875,1780827575,22918943875681480
25264880,1780827635,15000000000000000
25265027,1780829411,3087719298245614035
25265079,1780830035,3508771929824561403
25265081,1780830059,247405965443364762
25265197,1780831451,55584091202837562
25265207,1780831571,500000000000000000
25265214,1780831655,20000000000000000
25265227,1780831811,56613582921813005
25265267,1780832291,42565103538307097
25265441,1780834379,5563909774436090225
25265568,1780835903,24060150375939849624
25265579,1780836035,399639184668734316
25265651,1780836899,100381449508130910
25265677,1780837211,515005901537889981
25265835,1780839107,100381449508130910
25265976,1780840811,50000000000000000
25265990,1780840979,2000000000000000
25266161,1780843043,200000000000000000
25266230,1780843871,50000000000000000
25266243,1780844027,43000000000000000000
25266259,1780844219,300000000000000000
25266385,1780845755,30000000000000000
25266524,1780847435,996041767945462948
25267144,1780854899,10025062656641604010
25267192,1780855475,110000000000000000
25267202,1780855595,12955000000000000
25267203,1780855607,150000000000000000
25267251,1780856195,1002506265664160401
25267292,1780856699,13032581453634085213
25267348,1780857371,27779336132615859
25267360,1780857515,747936591521330229
25267370,1780857635,247755404156664354
25267424,1780858295,145524799774643194632
25267424,1780858295,100000000000000000
25267511,1780859339,1000000000000000000
25267687,1780861463,771840467604677694
25267833,1780863215,24898535478381273
25267853,1780863455,4511278195488721804
25268013,1780865387,480000000000000000
25268120,1780866683,3700000000000000000
25268521,1780871495,60000000000000000
25268603,1780872479,10972500000000000
25268622,1780872707,200000000000000000
25268687,1780873487,1492621553884711779
25269180,1780879403,620000000000000000
25269694,1780885583,5000
25269749,1780886243,610000000000000000
25270040,1780889747,59230126811701506
25270350,1780893467,1876500000000000000
25270622,1780896731,42766917293233082
25270695,1780897619,4705646724529521485
25270898,1780900055,601000000000000
25271006,1780901351,6600000000000000000
25271017,1780901495,90225563909774436
25271378,1780905839,750000000000000000
25271575,1780908215,1500000000000000000
25271599,1780908503,1011507392522063481
25271625,1780908815,4049767287078299214
25271831,1780911287,1355149568359767187
25271863,1780911671,3620000000000000000
25271904,1780912163,627100000000000000
25271920,1780912355,3600000000000000000
25271960,1780912835,3615000000000000000
25272008,1780913411,10000000000000000000
25272032,1780913699,403341930562039008
25272054,1780913963,4610453724151776456
25272064,1780914083,9950000000000000000
25272071,1780914167,100000000000000000
25272298,1780916927,20141353383458646616
25272355,1780917611,300000000000000000
25272373,1780917827,604300000000000000
25272414,1780918319,625400000000000000
25272571,1780920227,30000000000000000
25272574,1780920263,40000000000000000
25272614,1780920743,5012531328320802
25272618,1780920791,22000000000000000
25272653,1780921211,4472127579021658
25272664,1780921343,34200000000000000
25273018,1780925603,40100250626566416
25273091,1780926479,1174891000000000000
25273103,1780926623,20000000000000000
25273104,1780926635,15000000000000000000
25273260,1780928507,8953265539155478205
25273280,1780928747,80200501253132832
25273334,1780929395,20000000000000000
25273469,1780931015,46000000000000000000
25273628,1780932923,5000000000000000000
25273730,1780934147,122300474304573429
25273741,1780934279,12000000000000000000
25273771,1780934639,16249099296382969047
25273801,1780934999,2506265664160401
25273828,1780935323,100250626566416040
25274012,1780937531,50125313283208020
25274118,1780938803,1874686716791979
25274500,1780943423,2506265664160401
25274754,1780946471,40237483100000000
25274781,1780946795,1202005012531328320
25274858,1780947719,28699253003223504
25274975,1780949135,762021478296114615
25274977,1780949159,2506265664160401
25275082,1780950419,1002506265664160401
25275120,1780950875,46212328623223882
25275148,1780951211,119882706766917293
25275281,1780952807,780413390397718
25275283,1780952831,11278195488721804511
25275365,1780953815,50000000000000000
25275416,1780954427,4615731955511842717
25275461,1780954967,10025062656641604010
25275748,1780958447,467326000000000000
25275848,1780959659,383813480000000000
25275958,1780960991,372819200000000000
25275965,1780961075,1950000000000000000
25275983,1780961303,5000000000000000
25276794,1780971071,31277852950630435505
25276796,1780971095,1200000000000000000
25276934,1780972751,2766807767810691
25276934,1780972751,190000000000000000
25277232,1780976327,20010000000000000000
25277266,1780976747,20000000000000000000
25277298,1780977131,20000000000000000
25277367,1780977971,13000000000000000000
25277483,1780979363,20000000000000000000
25277958,1780985075,10150000000000000000
25278182,1780987763,330000000000000000
25278192,1780987883,32000000000000000000
25278319,1780989407,30000000000000000000
25278495,1780991543,1290000000000000
25278660,1780993547,20947726088131345535
25278795,1780995179,2005012531328320
25278829,1780995587,3580000000000000000
25278834,1780995647,110275689223057644
25278846,1780995791,3500000000000000000
25278897,1780996403,3537000000000000000
25278959,1780997147,23000000000000000000
25278985,1780997471,20000000000000000
25279029,1780997999,14000000000000000
25279048,1780998227,10000000000000000
25279167,1780999667,10000000000000000
25279193,1780999979,72180451127819548
25279203,1781000099,41000000000000000000
25279276,1781000975,14000000000000000000
25279672,1781005739,19533124774583942
25279934,1781008883,100000000000000000
25280104,1781010923,59568006809568006750
25280125,1781011175,2500000000000000000
25280277,1781012999,100000000000000000
25280292,1781013179,114000000000000000000
25280328,1781013623,1000000000000000000
25280369,1781014115,10000000000000000000
25280402,1781014511,20000000000000000000
25280421,1781014739,700000000000000000
25280456,1781015159,30000000000000000000
25280501,1781015699,40000000000000000000
25280561,1781016431,9971450387747310000
25280573,1781016575,27268170426065162907
25280573,1781016575,100000000000000000
25280671,1781017751,3500000000000000000
25280682,1781017883,3512000000000000000
25280721,1781018351,491228070175438596
25280732,1781018483,10358730944194280495
25280734,1781018507,200000000000000000
25280753,1781018735,2947715986059795121
25280869,1781020139,17543859649122807017
25281001,1781021723,50000000000000000
25281088,1781022767,25600000000000000000
25281180,1781023871,1150411297121813712
25281258,1781024807,1098656221516941970
25281493,1781027639,20000000000000000
25281573,1781028599,500000000000000000
25281578,1781028659,10025062656641604010
25281606,1781028995,1203007518796992481
25281751,1781030735,17500000000000000000
25282066,1781034515,300000000000000
25282154,1781035571,43223938903102346
25282252,1781036771,500000000000000000
25282336,1781037791,15353574417691257
25282380,1781038319,3007518796992481
25282635,1781041379,60000000000000000000
25282760,1781042891,3500000000000000000
25282777,1781043095,5764411027568922
25282830,1781043731,3579000000000000000
25282878,1781044307,3615000000000000000
25282894,1781044499,53132832080200501
25282954,1781045219,200000000000000000
25283020,1781046011,601503759398496240
25283155,1781047643,442123000000000000
25283190,1781048063,522332500000000000
25283220,1781048423,364720000000000000
25283309,1781049491,402713930000000000
25283425,1781050883,1000000000000000000
25283561,1781052515,1000000000000000000
25283877,1781056331,3000000000000000000
25283919,1781056835,300751879699248120
25284018,1781058035,99652987797640822
25284079,1781058767,100000000000000000
25284123,1781059295,7403495955690590226
25284295,1781061359,13000000000000000000
25284533,1781064227,6800000000000000000
25284740,1781066711,100000000000000000
25284915,1781068811,110000000000000000
25284925,1781068931,39000000000000000000
25285114,1781071211,13370000000000000000
25285261,1781072975,3007518796992481
25285541,1781076359,10153412315547936
25285589,1781076935,9973614312688530000
25285968,1781081507,49875166519942091683
25286041,1781082383,500000000000000000
25286063,1781082647,98844901648316138
25286248,1781084867,3880000000000000000
25286249,1781084879,500000000000000000
25286446,1781087255,3007518796992481
25286477,1781087627,900000000000000000
25286504,1781087951,501253132832080200
25286534,1781088311,253317259363679335
25286643,1781089619,300000000000000000
25286750,1781090903,1999118081137732784
25286804,1781091551,3488000000000000000
25286903,1781092751,997393463061998155
25287082,1781094911,5268559241144046
25287211,1781096459,601503759398496
25287373,1781098427,551378446115288220
25287454,1781099399,200000000000000000
25287657,1781101847,100000000000000000
25287658,1781101859,30000000000000000
25287783,1781103359,900000000000000
25287785,1781103383,15037593984962406
25287962,1781105519,18890000000000000000
25287991,1781105867,10440000000000000000
25288134,1781107583,2007628990162618088
25288194,1781108303,5571170447701265793
25288521,1781112275,241173940279010400
25288603,1781113271,204181542776496287
25288653,1781113871,1518295739348370927
25288708,1781114531,110000000000000000
25288839,1781116115,17771509218000000
25288939,1781117327,100000000000000000
25288961,1781117591,50125313283208020
25289013,1781118215,43107769423558897
25289135,1781119691,2506265664160401002
25289150,1781119883,25000000000000000
25289194,1781120411,543509640500000000
25289203,1781120519,3100514118000000000
25289247,1781121047,207269240860663772
25289285,1781121503,100250626566416
25289291,1781121575,43107769423558897
25289292,1781121587,89775000000000000
25289373,1781122559,18000000000000000
25289411,1781123015,8020050125313283
25289432,1781123267,9536815690156622
25289499,1781124071,1500000000000000000
25289567,1781124887,100000000000000000
25289732,1781126867,120000000000000000
25289873,1781128559,3554000000000000000
25289894,1781128811,3785000000000000000
25289951,1781129495,3425100000000000000
25290024,1781130371,3826400000000000000
25290058,1781130779,936340852130325814
25290067,1781130887,3942700000000000000
25290123,1781131559,3557400000000000000
25290322,1781133959,2982500000000000
25290477,1781135819,482178200000000000
25290500,1781136095,432634390000000000
25290555,1781136755,382717100000000000
25290638,1781137763,491278923000000000
25290720,1781138771,741854636591478696
25290733,1781138927,31077694235588972431
25290767,1781139347,22322338506957593
25290943,1781141459,1000000000000000000
25290962,1781141687,39897924864341250000
25291007,1781142227,2788852694890235000
25291073,1781143019,300000000000000000
25291080,1781143103,100000000000000000
25291106,1781143415,150000000000000000
25291289,1781145635,15231000000000000
25291477,1781147903,3184042989471469077
25291606,1781149463,9100000000000000000
25291987,1781154035,250000000000000000
25292322,1781158067,9218137618109407483
25292401,1781159027,200000000000000000
25292458,1781159723,64012030075187969
25292683,1781162435,250000000000000000
25292744,1781163167,40000000000000000
25292747,1781163203,30545363408521303
25292825,1781164151,1000000000000000000
25292841,1781164343,199232402153389803
25292907,1781165135,2500000000000000000
25292926,1781165363,500000000000000000
25292976,1781165963,1350000000000000000
25293101,1781167475,50125313283208020
25293132,1781167859,1115126986706664230
25293169,1781168303,10025062656641604
25293200,1781168675,10125618459007352
25293260,1781169395,53441486345803867653
25293382,1781170859,49750000000000000
25293490,1781172155,15182920959438112
25293707,1781174771,9000000000000000000
25293755,1781175347,14035087719298245614
25293788,1781175743,10000000000000000
25293810,1781176007,45000000000000000000
25293861,1781176619,501240000000000000
25293870,1781176727,1704260651629072681
25293902,1781177111,150000000000000000000
25293971,1781177939,170000000000000000
25294085,1781179307,1000000000000000000
25294089,1781179355,300000000000000000
25294172,1781180363,13000000000000000000
25294275,1781181611,80766000000000000
25294313,1781182079,64530000000000000000
25294568,1781185139,1692869038458324234
25294586,1781185355,932359968800000000
25294635,1781185943,160000000000000000
25294636,1781185955,1000000000000000000
25294726,1781187035,2373402210000000000
25294786,1781187755,2859538611495357282
25294873,1781188799,40204656818903109423
25295332,1781194319,15087719298245614035
25296020,1781202623,1152882205513784461
25296065,1781203163,20000000000000000000
25296076,1781203295,600000000000000000
25296076,1781203295,400000000000000
25296110,1781203715,10000000000000000000
25296117,1781203799,360000000000000
25296133,1781203991,3007518796992481
25296149,1781204183,360000000000000
25296180,1781204555,27400000000000000000
25296191,1781204687,250000000000000
25296226,1781205107,200000000000000
25296252,1781205419,200000000000000000
25296465,1781208011,200000000000000000
25296505,1781208491,500000000000000000
25296715,1781211023,382178300000000000
25296773,1781211719,432910000000000000
25296844,1781212571,4000000000000000000
25297444,1781219831,600000000000000000
25297476,1781220215,4800000000000000000
25297694,1781222843,1800000000000000000
25298304,1781230163,73884711779448621
25298385,1781231147,1100000000000000000
25298479,1781232275,22055137844611528822
25298518,1781232743,1250000000000000000
25298620,1781233967,240000000000000000
25298816,1781236319,75200000000000000000
25298857,1781236811,63200000000000000
25299012,1781238671,17819247345245047
25299205,1781240999,81300000000000000000
25299348,1781242727,28620407760537030
25299529,1781244911,182821548857463251
25299871,1781249015,6661412039882705
25299964,1781250131,23561292190590274
25299970,1781250203,60000000000000000
25300100,1781251775,15535839598997493
25300133,1781252183,356090225563909774436
25300308,1781254319,2255639097744360902
25300368,1781255039,902255639097744
25300496,1781256575,10500000000000000
25300506,1781256695,100000000000000000000
25300535,1781257043,110000000000000000
25300569,1781257451,85000000000000000000
25300664,1781258603,48555996892307045
25300721,1781259287,30000000000000000
25300795,1781260175,70000000000000000
25301121,1781264087,172100000000000000000
25301245,1781265599,481203007518796992
25301259,1781265767,49994987468671679
25301357,1781266943,5000000000000000
25301414,1781267627,32023181624949358
25301617,1781270063,998883982484090593
25301652,1781270483,30000000000000000000
25301870,1781273159,1089435333538715663
25301953,1781274155,54000000000000000000
25302197,1781277095,10000000000000000000
25302281,1781278103,5580220413090701
25302313,1781278499,50000000000000000
25302331,1781278715,3525226034271093
25302332,1781278727,3033333197347747808
25302336,1781278775,350877192982456140
25302371,1781279195,501230000000000000
25302380,1781279303,2914097626796617
25302549,1781281331,501230000000000000
25302576,1781281655,10000000000000000
25302631,1781282315,24700000000000000000
25302680,1781282903,2116513199561969
25302733,1781283539,37150520411303948
25302780,1781284103,2180016945228640
25303007,1781286851,2000000000000000000
25303028,1781287103,1134233161726129
25303074,1781287655,4000000000000000000
25303128,1781288303,1119734810762420
25303158,1781288663,3000000000000000000
25303178,1781288903,877039930732472
25303426,1781291903,165816843922009
25303446,1781292143,3924061968231582
25303534,1781293199,85000000000000000
25303662,1781294735,2210000000000000000
25303825,1781296703,165684286683740
25303913,1781297771,3742000000000000000
25303928,1781297951,3471000000000000000
25303934,1781298023,3692000000000000000
25303963,1781298371,103258145363408521303
25303974,1781298503,3954000000000000000
25303975,1781298515,889552908245878
25304013,1781298971,3742000000000000000
25304024,1781299103,879548519676477
25304031,1781299187,50000000000000000
25304075,1781299715,1611728949521910
25304259,1781301947,291600459461674
25304380,1781303399,20000000000000000
25304419,1781303867,39502562248035140
25304446,1781304191,1288220551378446115
25304472,1781304503,1060254305021535
25304472,1781304503,597688378531276
25304512,1781304983,452352360000000000
25304549,1781305427,373188367000000000
25304572,1781305703,1570971804551208
25304617,1781306243,354738000000000000
25304694,1781307167,402671891000000000
25304722,1781307503,818950259103894
25304734,1781307647,332372000000000000
25304747,1781307803,2486650099648596995
25304851,1781309063,2000000000000000000
25304989,1781310719,45326966449027197
25305895,1781321651,21260000000000000000
25305909,1781321819,1970914538463375351
25306020,1781323151,30075187969924812030
25306204,1781325371,600000000000000000
25306554,1781329595,1461000000000000000
25306770,1781332199,34000000000000000000
25306948,1781334335,167430441720930336
25306950,1781334359,200501253132832080
25306996,1781334911,10025062656641604010
25306999,1781334947,11000000000000000000
25307021,1781335211,3000000000000000000
25307190,1781337239,10000000000000000
25307474,1781340671,125218945300000
25307534,1781341391,15037593984962406015
25307610,1781342303,4834686756364374
25307799,1781344583,120600000000000000
25307835,1781345015,75187969924812030075
25307924,1781346083,75187969924812030075
25308029,1781347343,70200564066808621
25308070,1781347847,22000000000000000
25308108,1781348303,976449829255831
25308298,1781350583,5000000000000000000
25308322,1781350871,1801044086818566126
25308507,1781353091,12030075187969924
25308650,1781354807,10000000000000000
25308709,1781355515,720827237126308
25308851,1781357219,30000000000000000000
25308957,1781358503,222480863087692
25308980,1781358779,6248458806809493
25309038,1781359475,300751879699248120
25309087,1781360063,10025062656641604010
25309135,1781360639,500000000000000000
25309232,1781361815,300000000000000000
25309249,1781362019,998114176627463232
25309257,1781362115,719562130430031
25309456,1781364539,20050125313283208
25309457,1781364551,6800000000000000
25309753,1781368127,193957545474884
25309922,1781370167,10325814536340852
25309998,1781371079,220000000000000000
25310130,1781372675,100000000000000000
25310135,1781372735,400000000000000000
25310185,1781373335,1203007518796992481
25310264,1781374295,500000000000000
25310364,1781375495,10000000000000000
25310401,1781375939,168156141979272889
25310433,1781376323,110300000000000000
25310439,1781376395,6000000000000000000
25310459,1781376635,250000000000000000
25310521,1781377379,2020000000000000000
25310565,1781377907,190884679722226023
25310680,1781379287,100000000000000000
25310682,1781379311,210000000000000000
25310909,1781382059,1010000000000000000
25311075,1781384051,1805946857142857142
25311204,1781385611,6516290726817042606
25311245,1781386103,718454374111716
25311376,1781387675,300000000000000000
25311397,1781387927,597711953297516
25311431,1781388335,1000000000000000000
25311492,1781389079,7693168189120210
25311554,1781389823,5513784461152882205
25311568,1781389991,5012531328320802
25311579,1781390123,1000000000000000000
25311594,1781390303,1435373594442665
25311602,1781390399,2240000000000000000
25311944,1781394503,192547172699136
25312126,1781396699,1002506265664160
25312143,1781396903,611559856091159
25312439,1781400455,20050125313283208020
25312778,1781404547,6546365914786967
25312792,1781404715,9999236630225641
25312795,1781404751,1002506265664160
25313302,1781410847,2445137236550058624
25313534,1781413643,10025062656641604010
25313724,1781415923,100000000000000000
25313807,1781416919,300000000000000000
25314038,1781419715,54956616789815701
25314500,1781425271,199810416419667392
25314603,1781426507,2953923240810852944
25314758,1781428403,210000000000000000000
25315301,1781434967,1000000000000000000
25315407,1781436251,100000000000000000
25315872,1781441903,164155271348992
25315888,1781442095,1000000000000000000
25315921,1781442503,730931761155407
25316280,1781446811,800000000000000000
25316307,1781447135,10025062656641604010
25316451,1781448863,16000000000000000000
25316471,1781449103,754045035421554
25316482,1781449235,5000000000000000
25316575,1781450351,5012531328320802
25316599,1781450639,5012531328320802005
25316799,1781453051,13032581453634085
25316803,1781453099,603308270676691729
25316809,1781453171,2991453580988985567
25316920,1781454503,206677832666919
25316952,1781454887,50125313283208020050
25317008,1781455559,50125313283208020050
25317066,1781456255,736905206992992082
25317072,1781456327,3681000000000000000
25317120,1781456903,1010410478802873
25317188,1781457719,894293146412483736
25317255,1781458523,4360000000000000000
25317291,1781458979,83000000000000000
25317338,1781459543,116415000000000000
25317442,1781460791,2506265664160401
25317455,1781460947,5000000000000000
25317641,1781463179,3544000000000000000
25317655,1781463347,6023000000000000000
25317675,1781463587,30000000000000000
25317690,1781463767,676202004203984014
25318059,1781468207,200501253132832080
25318103,1781468735,592103655482235000
25318121,1781468951,50000000000000000
25318135,1781469119,3844000000000000000
25318142,1781469203,102255639097744360
25318167,1781469503,767536414635002
25318172,1781469563,3714000000000000000
25318206,1781469971,3470000000000000000
25318238,1781470355,25000000000000000
25318239,1781470367,3840000000000000000
25318248,1781470475,3410000000000000000
25318257,1781470583,3941000000000000000
25318323,1781471375,84210526315789473
25318468,1781473127,23189443481084954
25318560,1781474231,3000000000000000000
25318661,1781475443,120000000000000000
25318683,1781475707,1200000000000000000
25319090,1781480615,10000000000000
25319215,1781482115,620000000000000000
25319265,1781482715,451149963325689
25319428,1781484671,1000000000000000
25319537,1781486003,11870250000000000000
25319739,1781488451,300000000000000000
25319749,1781488571,230000000000000000
25319843,1781489699,200000000000000000
25319983,1781491379,701754385964912280
25320015,1781491763,200000000000000000
25320453,1781497019,1479914387640472787
25320496,1781497535,500000000000000000
25320610,1781498903,402888397105399
25321057,1781504291,38000000000000000000
25321073,1781504483,1000000000000000000
25321082,1781504591,1082706766917293233
25321243,1781506523,601503759398496
25321334,1781507615,11206100000000000000
25321382,1781508203,49801616252963929
25321459,1781509127,100000000000000
25321497,1781509583,2117000000000000000
25321533,1781510015,10025062656641604
25321601,1781510843,10000000000000000
25321767,1781512859,20075250783600605
25321855,1781513915,4237500000000000
25321897,1781514431,299427295979412983
25321972,1781515343,100250626566416040
25322007,1781515763,20075250783600601
25322027,1781516003,1200000000000000000
25322096,1781516831,10025062656641604
25322166,1781517671,400000000000000000
25322222,1781518343,300000000000000000
25322238,1781518535,350000000000000000
25322345,1781519819,3740000000000000000
25322374,1781520167,3390000000000000000
25322384,1781520287,3684000000000000000
25322402,1781520503,303379632885728
25322423,1781520755,3799000000000000000
25322425,1781520779,50000000000000003
25322443,1781520995,3644000000000000000
25322515,1781521859,750000000000000000
25322583,1781522675,1895651048617762680
25322633,1781523275,120000000000000000
25322676,1781523791,48000000000000000
25322824,1781525567,8280701754385964912
25322875,1781526179,10000000000000000
25322893,1781526395,140350877192982456
25322971,1781527331,10025062656641604010
25322979,1781527427,150000000000000000
25323002,1781527703,1798906627938980
25323081,1781528663,1642510421114658170
25323246,1781530643,10798064468407393
25323270,1781530931,250626566416040100
25323464,1781533259,855292199772803080
25323477,1781533415,24500000000000000000
25323595,1781534831,29721580900249728
25323598,1781534867,1269378618794725709
25323643,1781535407,3185542196859661
25323861,1781538035,1000000000000000000
25323934,1781538911,994829120370251253
25324031,1781540075,758749462853550313
25324127,1781541263,1591395693615292354
25324139,1781541407,5290993675922705
25324154,1781541587,3308270676691729
25324165,1781541719,1000000000000000000
25324173,1781541815,1183364527522330734
25324196,1781542091,1002506265664160401
25324198,1781542115,40100250626566416
25324398,1781544527,1000000000000000000
25324411,1781544683,195746897216223
25324433,1781544947,25000000000000000
25324462,1781545295,6247050065808264419
25324507,1781545835,2787945621000000000
25324526,1781546063,1000000000000000000
25324631,1781547323,1002506265664160401
25324651,1781547563,5984256195323546269
25324672,1781547815,29000000000000000000
25324680,1781547911,2423794486274444
25324681,1781547923,30000000000000000
25324689,1781548019,20000000000000000000
25324809,1781549471,19000000000000000000
25324855,1781550023,60000000000000000
25324869,1781550191,5224000000000000000
25325099,1781552951,110490616541353383
25325176,1781553875,80000000000000002
25325194,1781554091,1327035143679877294
25325223,1781554439,2480179837294111067
25325231,1781554535,1854636591478696741
25325253,1781554799,2005012531328320802
25325279,1781555111,38267737251307792
25325279,1781555111,469445692670398
25325343,1781555879,1000000000000000000
25325545,1781558303,98066608116368413
25325603,1781559011,80202506265664160401
25325629,1781559323,590472364235659
25325633,1781559371,27289067115954348710
25325899,1781562575,2897654000000000000
25326038,1781564243,300751879699248120
25326051,1781564399,750000000000000000
25326085,1781564807,385964912280701754
25326134,1781565395,152380952380952380
25326168,1781565803,300751879699248120
25326184,1781565995,1984962406015037593
25326280,1781567147,9666294127008806
25326461,1781569331,2708771929824561403
25326470,1781569439,5030576441102756892
25326476,1781569511,280000000000000000
25326526,1781570111,327214051642829
25326560,1781570519,997500000000000
25326599,1781570987,3491250000000000
25326646,1781571551,1725412021557919602
25326760,1781572919,100000000000000000
25326936,1781575031,100000000000000000
25327078,1781576747,1120000000000000000
25327175,1781577911,4650967956010589
25327197,1781578175,2212992748455208137
25327488,1781581667,10025062656641604
25327518,1781582027,10000000000000000
25327728,1781584559,35000000000000000000
25327739,1781584691,110000000000000000
25327772,1781585087,28500000000000000000
25327946,1781587187,315000000000000000
25327963,1781587391,17000000000000000000
25327973,1781587511,1086270118232013
25328056,1781588507,10000000000000000
25328058,1781588531,1449149346383071198
25328073,1781588711,1030982895913765
25328167,1781589851,12531328320802005
25328245,1781590787,743328630220335138
25328274,1781591135,13600000000000000000
25328293,1781591363,10000000000000000
25328322,1781591711,516356195457976
25328342,1781591951,2506265664160401002
25328713,1781596427,4655554320000000000
25328793,1781597387,16045112781954887218
25329272,1781603147,3680000000000000000
25329297,1781603447,14035087719298245614
25329306,1781603555,95820892566896914
25329310,1781603603,3740000000000000000
25329319,1781603711,1455498114503429
25329368,1781604311,1092107433103086
25329388,1781604551,3410000000000000000
25329403,1781604731,6015037593984962
25329569,1781606735,22921000770789875
25329688,1781608163,17042606516290726817
25329704,1781608355,11000000000000000000
25329835,1781609927,819632600000000000
25329835,1781609927,106999999999999998
25329868,1781610335,1912781954887218045
25329998,1781611907,290000000000000000
25330028,1781612267,48000000000000000
25330196,1781614283,225000000000000000
25330202,1781614355,20050125313283208
25330210,1781614451,1849142792062798514
25330228,1781614667,2580000000000000071
25330331,1781615903,33665324934785637
25330420,1781616971,25662609868985496
25330501,1781617943,6770325814536340852
25330515,1781618111,100250626566416040
25330611,1781619263,70000000000000000
25330714,1781620511,21000000000000000000
25330749,1781620931,109420792887127111
25330752,1781620967,2347643924271962
25330776,1781621255,5002791834802902958
25330804,1781621591,769846887244588
25330818,1781621759,988288499799112818
25330843,1781622059,22528704025752298
25330970,1781623583,1706598976447100124
25331030,1781624303,14000000000000000000
25331160,1781625863,1514163616404200327
25331207,1781626427,26065162907268170
25331288,1781627399,62155388471177944862
25331387,1781628587,225563524857048229
25331391,1781628635,16500000000000000000
25331475,1781629643,4010025062656641604
25331565,1781630723,2645073842538550495
25331595,1781631083,4000000000000000000
25331623,1781631419,300000000000000000
25331629,1781631491,50000000000000000
25332164,1781637923,43897500170697472171
25332256,1781639027,32461152882205513784
25332268,1781639171,20050125313283208
25332347,1781640119,200501253132832080
25332440,1781641235,390000000000000000
25332455,1781641415,550000000000000000
25332458,1781641451,200000000000000000
25332497,1781641919,3208020050125313283
25332497,1781641919,44999999999999998
25332533,1781642351,250626566416040100
25332570,1781642795,100000000000000000
25332635,1781643575,3458000000000000000
25332646,1781643707,3687000000000000000
25332652,1781643779,3542000000000000000
25332664,1781643923,11266867733556544
25332758,1781645051,20102868213190531033
25332821,1781645807,50000000000000000
25332862,1781646299,167919799498746867
25332880,1781646515,340852130325814536
25332885,1781646575,45000000000000000000
25332906,1781646827,210526315789473684
25332982,1781647739,552920000000000000
25333054,1781648603,3118000000000000000
25333107,1781649239,423892400000000000
25333155,1781649815,3285348699602422847
25333187,1781650199,5299647031133049
25333365,1781652335,200501253132832080
25333432,1781653139,4010025062656641604
25333972,1781659643,12867927843943500
25334071,1781660843,112924310776942355
25334220,1781662631,83271462624883289
25334694,1781668331,9163103327366164
25334729,1781668751,4956265436888996894
25334770,1781669243,4956003033316402071
25334824,1781669891,28070175438596491228
25335063,1781672759,319482371003634659
25335066,1781672795,500000000000000
25335629,1781679575,3000000000000000000
25335720,1781680667,15037593984962406015
25335740,1781680907,1868714135683508348
25335768,1781681243,10025062656641604010
25335776,1781681339,15037593984962406015
25335894,1781682755,2506265664160401002
25336040,1781684519,10579826577095260
25336127,1781685563,12030000000000000000
25336412,1781688983,4573032820361862731
25336424,1781689127,9000000000000000000
25336702,1781692475,1203007518796992
25336743,1781692967,680000000000000000
25336783,1781693447,3007518796992481
25336872,1781694539,720000000000000000
25336987,1781695931,654624274099037506
25337000,1781696087,22669832971095018
25337006,1781696159,397857305230025140
25337043,1781696603,674000000000000000
25337054,1781696735,5000000000000000000
25337106,1781697371,107283473531871817
25337208,1781698607,1936562066413846761
25337238,1781698967,1755182338921870366
25337336,1781700143,50000000000000000
25337490,1781701991,20000000000000000
25337587,1781703155,21902600419696445
25337717,1781704715,22323186975752745
25337856,1781706383,50000000000000000
25338180,1781710295,1800000000000000000
25338201,1781710547,13440414094589097
25338204,1781710583,6814035087719298
25338219,1781710763,500000000000000000
25338316,1781711927,22746480869903493
25338405,1781713019,4000000000000000
25338627,1781715683,4000000000000000
25338814,1781717927,199500000000000
25338841,1781718251,21536960044983502
25339003,1781720195,25000000000000000000
25339121,1781721611,7657140581337439736
25339148,1781721935,200000000000000000
25339168,1781722175,200000000000000000
25339214,1781722727,700000000000000000
25339378,1781724707,18169423558897243
25339407,1781725055,14035087719298245614
25339432,1781725355,289130095238095238
25339478,1781725907,2260651629072681704
25339744,1781729099,290726817042606516
25340183,1781734379,10000000000000000
25340190,1781734463,581453634085213032
25340213,1781734739,487238900000000000
25340274,1781735471,421273900000000000
25340296,1781735735,389547448510471818
25340306,1781735855,432450000000000000
25340353,1781736419,341697000000000000
25340568,1781738999,348930000000000000
25340858,1781742479,7210250073093084
25341111,1781745515,19858800129648321
25341274,1781747471,20050125313283208
25341522,1781750447,20796030954102389
25341744,1781753111,49389953987365161
25341772,1781753447,500000000000000000
25342060,1781756903,10025062656641604
25342160,1781758103,20506612135121560
25342345,1781760335,113111006533350584
25342467,1781761823,20050125313283208
25342528,1781762567,6015037593984962
25342561,1781762963,20829002504219801
25342793,1781765759,3007518796992481203
25342978,1781767991,218934022989405
25343005,1781768315,365047544494679
25343129,1781769803,10000000000000000
25343322,1781772119,50000000000000000000
25343374,1781772755,10000000000000000
25343471,1781773919,20658164530071791
25343533,1781774663,1555500000000000105
25343557,1781774951,2014299999999999979
25343651,1781776079,10987096030925901
25343674,1781776355,3109430000000000000
25343741,1781777159,118000000000000000000
25343830,1781778239,4403970356924505406
25343837,1781778323,45112781954887218045
25343945,1781779631,19737111632611689
25343972,1781779955,50000000000000000
25344426,1781785415,200000000000000000
25344438,1781785559,3112000000000000000
25344446,1781785655,3250000000000000000
25344452,1781785727,12682485543121944
25344479,1781786051,19636393444911326
25344539,1781786771,10000000000000000
25344664,1781788283,671780242337325251
25344694,1781788643,2000000000000000000
25344891,1781791043,35163095709197806
25345240,1781795255,8000000000000000000
25345692,1781800703,2402687111985101
25346006,1781804483,511316888220551378
25346859,1781814767,8000000000000000
25347065,1781817263,997500000000000
25347299,1781820071,2991019322419748836
25347578,1781823419,519336893000000000
25348253,1781831543,428925000000000000
25348379,1781833055,1631975943180953329
25348423,1781833583,200501253132832080
25348529,1781834855,3909774436090225563
25348531,1781834879,18000000000000000000
25348566,1781835299,12342300000000000
25348610,1781835827,752005326599707288
25348638,1781836163,17537944161818147724
25348719,1781837135,40000000000000000000
25348735,1781837327,14630000000000000
25348797,1781838071,2000000000000000000
25348812,1781838251,82836466010777080
25348820,1781838347,7217245692170502282
25348942,1781839835,351335073278458088
25349067,1781841347,4790183603025131
25349121,1781841995,18869621411926759
25349264,1781843735,2020070488269753012
25349383,1781845163,1943000000000000060
25349475,1781846267,10025062656641604
25349481,1781846339,441451974244772745
25349491,1781846459,25200000000000000000
25349543,1781847083,15000000000000000000
25349658,1781848463,12000000000000000000
25349881,1781851139,103852650510032264
25349953,1781852003,501253132832080200
25350054,1781853215,50000000000000000
25350111,1781853899,100000000000000000
25350150,1781854367,2500000000000000000
25350192,1781854871,2948000000000000000
25350197,1781854931,2583057963352224121
25350361,1781856899,1477000000000000000
25350372,1781857031,20050125313283208020
25350379,1781857115,1500000000000000000
25350386,1781857199,160401002506265664
25350406,1781857439,3965999998277636372
25350447,1781857931,1000000000000000000
25350536,1781858999,1500000000000000000
25350561,1781859299,15037593984962406
25350573,1781859443,6035128656495643
25350578,1781859503,160000000000000000
25350653,1781860415,180000000000000000
25350676,1781860691,100000000000000006
25350690,1781860859,7320608631458726
25350709,1781861087,131474220706194525
25350716,1781861171,10000000000000000
25350724,1781861267,10921560973990702875
25350729,1781861327,8000000000000000
25350754,1781861627,1715608598652070
25351141,1781866271,10867021428876836803
25351232,1781867363,20050125313283208
25351240,1781867471,10025062656641604
25351245,1781867531,10812625985748490433
25351246,1781867543,2774000000000000000
25351305,1781868251,2792853836122296381
25351606,1781871863,3000000000000000000
25351617,1781871995,22110540250377723005
25351669,1781872619,1117436088984566611
25351778,1781873927,17027416639061287146
25351888,1781875283,3428000000000000000
25352109,1781877947,532790000000000000
25352120,1781878079,20050125313283208
25352120,1781878079,10000000000000000
25352121,1781878091,2753100000000000
25352128,1781878175,452932900000000000
25352177,1781878763,9423558897243107
25352179,1781878787,478291289000000000
25352222,1781879303,432910000000000000
25352292,1781880143,395989974937343358
25352294,1781880167,5678998688536482
25352391,1781881331,500000000000000000
25352406,1781881511,4987500000000000
25352533,1781883035,3587250336686387607
25352587,1781883683,429289100000000000
25352636,1781884283,342442900000000000
25352670,1781884691,409052692266451989
25352851,1781886863,11000000000000000000
25353002,1781888675,18400000000000000000
25353014,1781888819,10025062656641604010
25353033,1781889047,51000000000000000000
25353113,1781890007,10025062656641604010
25353128,1781890199,140000000000000000
25353223,1781891339,16368811399399661
25353311,1781892407,150375939849624060
25353473,1781894351,10025062656641604010
25353516,1781894867,70000000000000000000
25353551,1781895287,250626566416040100
25353615,1781896055,203681254318237772
25354286,1781904131,300000000000000000
25354607,1781907995,400000000000000000
25354709,1781909231,100000000000000
25355935,1781923991,251254780000000000
25356140,1781926475,1500000000000000000
25356273,1781928071,3588177392494117465
25356771,1781934059,1503759398496240
25357099,1781938007,80000000000000000000
25357138,1781938475,100000000000000006
25357332,1781940827,22155684612291267
25357561,1781943599,98916683074553385
25358014,1781949047,400000000000000000
25358048,1781949455,1844420292057409
25358086,1781949911,20000000000000000
25358225,1781951579,1200000000000000
25358501,1781954915,99750000000000000
25358730,1781957663,2500000000000000000
25358946,1781960255,853113870856550490
25358996,1781960855,1002506265664160401
25359101,1781962127,10000000000000000
25359354,1781965175,5804430675978174
25359391,1781965619,12456679401792818
25359405,1781965787,100250626566416040
25359750,1781969939,40100250626566416
25359814,1781970707,501253132832080200
25359831,1781970911,13240000000000000000
25359846,1781971091,393840098548476134
25359972,1781972615,1425000000000000000
25360044,1781973479,8505438126558499578
25360156,1781974847,782482469598271265
25360249,1781975963,100000000000000
25360390,1781977655,3000000000000000
25360864,1781983391,2043574690758709685
25360920,1781984063,3042000000000000000
25360954,1781984483,200000000000000000
25360998,1781985011,3248000000000000000
25361044,1781985563,51854345678452384
25361136,1781986679,1299248120300751879
25361247,1781988011,1002506265664160401
25361414,1781990027,2860000000000000000
25361636,1781992703,3191356782925797895
25361721,1781993723,2900000000000000000
25361752,1781994095,406789000000000000
25361832,1781995055,374234784500000000
25361932,1781996267,104999999999999996
25361964,1781996651,300000000000000000
25361995,1781997035,169782577557525377
25362078,1781998031,40000000000000000
25362206,1781999567,100000000000000000
25362261,1782000227,14546365914786967418
25362373,1782001583,200501253132832080
25362443,1782002423,10000000000000000
25362467,1782002711,500000000000000000
25362533,1782003503,23032717975884742
25362640,1782004787,5000000000000000
25362731,1782005879,88000000000000000
25362852,1782007331,16000000000000000
25362938,1782008363,1500000000000000000
25362941,1782008399,14029771411198225
25363131,1782010691,25901108585449460
25363354,1782013367,21230000000000000
25363373,1782013595,2436090225563909774
25363453,1782014555,7797688745331620084
25363520,1782015359,30000000000000000
25363616,1782016511,300000000000000000
25363634,1782016727,4295204470529479
25363911,1782020063,11000000000000000000
25364345,1782025295,10000000000000000
25364537,1782027659,9784630065333725
25364636,1782028847,10000000000000000
25364711,1782029771,876793625439274192
25364718,1782029855,3129363105507539647
25365130,1782034823,20050125313283208
25365142,1782034967,10025062656641604010
25365295,1782036803,2500000000000000
25365399,1782038051,26197566451279966
25365509,1782039371,712587203932770095
25365654,1782041123,65724377515575031
25366050,1782045923,1204804522814439045
25366227,1782048059,10000000000000000
25366306,1782049007,1039856200000000000
25366511,1782051479,5158505689197484
25366562,1782052091,44645955048570105
25366637,1782053003,9775500000000000
25366783,1782054755,110000000000000000
25366798,1782054935,2000000000000000
25366815,1782055139,188609994885614937
25367111,1782058703,50125313283208020
25367132,1782058967,60000000000000000
25367337,1782061427,165634877941575026
25367338,1782061439,10025062656641604
25367342,1782061487,3000000000000000000
25367383,1782061979,4774339137827033177
25367397,1782062147,1994987468671679197
25367408,1782062279,4000000000000000
25367461,1782062915,2220238924790009695
25367505,1782063443,2500000000000000000
25367572,1782064247,100000000000000000
25367662,1782065327,20000000000000000
25367666,1782065375,290000000000000000
25367698,1782065759,193493419212905781411
25367757,1782066467,100000000000000000
25367762,1782066527,3508771929824561403
25367769,1782066611,300000000000000
25367857,1782067667,50000000000000000
25367879,1782067931,13197994987468671679
25367911,1782068315,10025062656641604010
25367924,1782068471,50000000000000000
25368298,1782072971,2989157546673592969
25368369,1782073835,460320000000000000
25368390,1782074087,250000000000000
25368409,1782074315,382729200000000000
25368441,1782074699,78431397661884611
25368445,1782074747,370737327800000000
25368473,1782075083,352022300000000000
25368586,1782076439,331289237000000000
25368631,1782076979,18565990762302541526
25368651,1782077219,321820100000000000
25368677,1782077531,35030200000000000
25368695,1782077747,292712903000000000
25368738,1782078263,362030000000000000
25368766,1782078599,10000000000000000000
25368770,1782078647,250000000000000
25368832,1782079391,369042000000000000
25368858,1782079703,10000000000000000
25368863,1782079763,394000000000000000
25368950,1782080819,145772950000000000
25369080,1782082391,20050125313283208020
25369328,1782085379,1098746867167919799
25369690,1782089723,590000000000000000
25369926,1782092603,3500000000000000
25370086,1782094547,58126315789473684
25370416,1782098543,10025062656641604
25370538,1782100007,1152882205513784461
25370569,1782100379,1500000000000000000
25371387,1782110207,3187969924812030075
25371505,1782111635,1000000000000000000
25371874,1782116063,50125313283208020
25371924,1782116663,412410732641703292
25371999,1782117563,3000000000000000000
25372135,1782119195,4500000000000000000
25372180,1782119735,10000000000000000
25372325,1782121475,140000000000000000
25372334,1782121583,2456140350877192982
25372410,1782122507,646482255617655000
25372447,1782122951,150000000000000000
25372458,1782123083,5000000000000000000
25372517,1782123791,20000000000000000000
25372554,1782124235,10000000000000000000
25372573,1782124463,10000000000000000
25372606,1782124871,20075708703172225
25372681,1782125771,10025062656641604
25372956,1782129071,148847447199199369
25373031,1782129971,14235588972431077
25373158,1782131495,9880701754385964
25373173,1782131675,3000000000000000000
25373234,1782132407,3298689826855266762
25373586,1782136655,300000000000000000
25373675,1782137723,533648115171240006
25373908,1782140531,115040202339985846
25373910,1782140555,832913797032453782
25374002,1782141659,19044626289444792
25374088,1782142691,29072681704260651
25374132,1782143219,71887184396168707
25374181,1782143807,30000000000000000
25374253,1782144671,241604010025062656
25374409,1782146555,284983473403755000
25374445,1782146987,997357423468821044
25374525,1782147947,30000000000000000000
25374700,1782150059,18544895519806407
25374715,1782150239,998828464333174355
25374745,1782150599,2987468671679197994
25374751,1782150671,2000000000000000000
25374764,1782150827,13122807017543859649
25374886,1782152303,10000000000000000
25374964,1782153239,130325814536340852
25375130,1782155231,559125704783864789
25375259,1782156779,1446063299702232692
25375344,1782157811,10025062656641604010
25375344,1782157811,501253132832080200
25375527,1782160043,4987468671679197994
25375822,1782163595,376892400000000000
25375868,1782164147,500000000000000
25375949,1782165119,423762810000000000
25375950,1782165131,1804511278195488
25375964,1782165299,422382900000000000
25375982,1782165515,338948200000000000
25376157,1782167615,8020050125313283
25376163,1782167687,310776942355889724
25376190,1782168011,150375939849624060
25376232,1782168515,200000000000000000
25376253,1782168767,40000000000000000
25376599,1782172931,20000000000000000
25376703,1782174191,20455590110565075
25376870,1782176195,733436976540558541
25376944,1782177095,10000000000000000
25377317,1782181607,19883691037458913
25377589,1782184871,3007518796992481
25377600,1782185003,162560401002506265
25377848,1782187979,150000000000000000
25377912,1782188759,19711028587395780
25377929,1782188963,1500000000000000000
25378307,1782193511,3000000000000000000
25378411,1782194771,3007518796992481203
25378496,1782195791,19050511213606078
25378736,1782198671,3000000000000000000
25378910,1782200771,3154000000000000000
25378916,1782200843,3278000000000000000
25378958,1782201347,3113000000000000000
25379123,1782203339,20000000000000000
25379379,1782206435,3998753393088504018
25379405,1782206747,2766394241252549
25379683,1782210095,18745749041941219
25379890,1782212591,14035087719298245614
25379920,1782212963,2807017543859649122
25380015,1782214103,3000000000000000
25380016,1782214115,3341000000000000000
25380055,1782214583,97518624293411437554
25380375,1782218447,971767106989280000
25380388,1782218603,166572153608292739
25380422,1782219023,63000000000000000000
25380459,1782219467,4000000000000000000
25380745,1782222935,20000000000000000
25380754,1782223043,50000000000000000
25380856,1782224267,3508771929824561
25380862,1782224339,8000000000000000
25380909,1782224903,1002506265664160401
25380941,1782225287,74185463659147869
25380997,1782225983,10025062656641604010
25381183,1782228215,100000000000000006
25381190,1782228299,1800000000000000000
25381234,1782228839,535183151288107899
25381407,1782230915,50125313283208020050
25381560,1782232751,50125313283208020050
25381622,1782233507,13122879628099689833
25381738,1782234899,1998469414731651017
25381787,1782235487,2989244816898045539
25381820,1782235883,1348328703588468725
25381824,1782235931,66522045589230000
25381825,1782235943,15037593984962406015
25381920,1782237083,1002506265664160
25382033,1782238451,154921506332638119
25382089,1782239135,2506265664160401002
25382093,1782239183,300000000000000000
25382123,1782239543,15310153643617000
25382150,1782239879,250000000000000
25382187,1782240323,21000000000000000000
25382188,1782240335,100000000000000000
25382332,1782242063,6507775592356394
25382343,1782242195,360902255639097744
25382368,1782242495,190240568559431229
25382374,1782242567,150000000000000000
25382475,1782243779,61330000000000000
25382958,1782249599,4538625000000000000
25383396,1782254867,10025062656641604010
25383404,1782254963,600000000000000000
25383414,1782255083,431281000000000000
25383682,1782258311,698619554507397024
25383751,1782259139,2356721556003844
25385290,1782277715,286271594889479646
25385362,1782278591,997500000000000
25385505,1782280307,1852430000000000000
25385530,1782280619,2635144028720700000
25385637,1782281903,1722431011245770355
25385783,1782283679,20000000000000000
25385828,1782284219,15000000000000000
25385944,1782285623,2300000000000000000
25385948,1782285671,100000000000000000
25385953,1782285731,1000000000000000
25385992,1782286199,1332220591733490162
25386022,1782286571,64500000000000000000
25386277,1782289643,36000000000000000000
25386388,1782290975,89223057644110275
25386410,1782291239,3249315637724224
25386551,1782292931,270000000000000000
25387183,1782300587,60000000000000000
25387642,1782306155,796962600000000
25388015,1782310655,30000000000000000
25388070,1782311315,200000000000000000
25388096,1782311627,15000000000000000000
25388125,1782311975,6100000000000000000
25388167,1782312479,10025062656641604
25388168,1782312491,3140000000000000000
25388243,1782313391,1000000000000000000
25388283,1782313883,143532000000000000
25388298,1782314063,3411000000000000000
25388366,1782314879,3138776177074289960
25388370,1782314927,920000000000000000
25388370,1782314927,24441102756892230
25388399,1782315275,1151000000000000000
25388421,1782315539,1244000000000000000
25388444,1782315815,248621553884711779
25388453,1782315923,1160515170564003639
25388521,1782316751,204237945823409283
25388630,1782318059,23115432692005703
25388724,1782319199,38899687838655145567
25388775,1782319811,13987123996154977
25388778,1782319847,10025062656641604
25388802,1782320135,66837092731829573934
25388933,1782321731,8020050125313283
25388959,1782322055,638047280252319
25389046,1782323123,100000000000000000
25389056,1782323255,1002506265664160401
25389066,1782323375,3669564628439839016
25389070,1782323423,11215025389778853850
25389094,1782323711,150000000000000000
25389113,1782323939,12741970446309140935
25389118,1782323999,88220551378446115
25389251,1782325595,10025062656641604010
25389254,1782325631,4892870891049695835
25389550,1782329219,6416040100250626
25389555,1782329279,51380431497342709
25389578,1782329555,2500000000000000
25389795,1782332171,58000000000000000000
25389965,1782334211,4000000000000000000
25389980,1782334391,125000000000000000
25390027,1782334955,6516290726817042606
25390269,1782337871,268000000000000016
25390293,1782338159,438940000000000000
25390348,1782338819,379340000000000000
25390383,1782339239,347829300000000000
25390398,1782339419,10000000000000000
25390441,1782339935,336790000000000000
25390474,1782340343,298900000000000000
25390673,1782342743,3341000000000000000
25390708,1782343163,3145000000000000000
25390762,1782343811,2000000000000000
25390944,1782346007,210000000000000000
25391567,1782353507,18045112781954887
25391739,1782355571,1764411027568922305
25391871,1782357155,2824839415000000000
25391933,1782357899,1449556938125210451
25392072,1782359567,10000000000000000
25392074,1782359591,1500000000000000000
25392282,1782362087,501253132832080
25392289,1782362171,5000000000000000
25392360,1782363023,400000000000000000
25392602,1782365939,1323546577857181341
25392692,1782367031,6658124239573476544
25392790,1782368219,216043994296260474
25393014,1782370919,2165000000000000000
25393283,1782374159,15037593984962406
25393472,1782376427,73488721804511278
25393578,1782377699,2163331207020849656
25393594,1782377891,3000000000000000000
25393681,1782378935,56495315934447578
25393704,1782379211,10025062656641604
25393715,1782379343,10025062656641604
25393736,1782379595,1024786501915142431
25393786,1782380207,450000000000000000
25393810,1782380507,12670011194929307
25393831,1782380759,144027342907682431
25393873,1782381263,12028659847660678
25393881,1782381359,3240000000000000000
25394078,1782383735,500000000000000000
25394089,1782383867,3145000000000000000
25394131,1782384383,3000000000000000
25394210,1782385331,3044000000000000000
25394252,1782385835,310776942355889724
25394403,1782387647,2030172690906651623
25394411,1782387743,32108893562841927714
25394670,1782390851,100000000000000000
25394673,1782390899,2531576284748982659
25394688,1782391079,38400726991889296
25394723,1782391499,3796316325161247629
25394777,1782392147,160000000000000000
25394811,1782392567,3367491608172739123
25394842,1782392939,50000000000000000
25394897,1782393599,807334496381692785
25395217,1782397439,298371285935460367
25395476,1782400547,1221849581830511977
25395755,1782403907,10000000000000000
25395783,1782404243,10000000000000000
25395970,1782406523,10000000000000000
25396054,1782407531,4231879699248120300
25396160,1782408803,1000000000000000
25396180,1782409043,100000000000000000
25396271,1782410171,92969640354637163
25396322,1782410783,25062656641604010025
25396441,1782412211,1998417583589100629
25396474,1782412607,6000000000000000
25396555,1782413591,30075187969924812
25396608,1782414227,2114063418948137
25396615,1782414311,3508771929824561403
25396631,1782414503,1000000000000000000
25396744,1782415871,317734675664034736
25396938,1782418211,4377120373438457
25397058,1782419699,10025062656641604010
25397112,1782420347,25560000000000000000
25397165,1782420983,200000000000000000
25397455,1782424475,3007518796992481203
25397596,1782426167,982456140350877192
25397829,1782428963,455678900000000000
25397861,1782429347,524303950000000000
25397866,1782429407,3244000000000000000
25397870,1782429455,3371000000000000000
25397873,1782429491,362139000000000000
25397877,1782429539,3185000000000000000
25397883,1782429611,3229000000000000000
25397951,1782430427,6241198507605326
25398083,1782432011,3316000000000000000
25398119,1782432443,5513784461152882
25398183,1782433211,5516791979949874
25398662,1782438995,3000000000000000000
25398983,1782442859,2160419400796399633
25399440,1782448379,19393307032159687
25399835,1782453155,6887218045112781954
25400621,1782462635,8924270676691729
25400752,1782464207,20000000000000000000
25400957,1782466679,1090000000000000000
25400966,1782466787,250000000000000
25401047,1782467759,10025062656641604010
25401059,1782467903,4310776942355889724
25401091,1782468287,220000000000000
25401242,1782470099,9844144247601024
25401303,1782470855,1420000000000000000
25401536,1782473651,500000000000000000
25401843,1782477347,1000000000000000
25401870,1782477683,215867152000354604
25401879,1782477791,1751057852383846
25401888,1782477899,123000000000000000
25401888,1782477899,9214224213092023
25402584,1782486299,500000000000000000
25402618,1782486707,17357800000000000000
25402623,1782486767,12741123664384558018
25402632,1782486875,12740571535301724441
25402725,1782487991,1437910630105449709
25402805,1782488963,713000000000000000
25402816,1782489095,2985137826205625275
25402816,1782489095,800000000000000000
25403089,1782492371,5012531328320802005
25403105,1782492563,4623462561311064151
25403250,1782494315,1377436532015043272
25403329,1782495275,1365106500011844276
25403625,1782498839,6368922305764411
25403779,1782500687,10025062656641604010
25403869,1782501779,1152882205513784461
25403948,1782502727,14536340852130325814
25403961,1782502883,3247000000000000000
25403994,1782503279,2000000000000000
25404011,1782503483,3185000000000000000
25404033,1782503747,3342000000000000000
25404119,1782504779,150000000000000000
25404187,1782505595,27298801207064779
25404195,1782505691,1000000000000000
25404203,1782505787,1203007518796992481
25404215,1782505931,9098654225563909774
25404459,1782508895,9890486595857584
25404492,1782509291,50301380488740459
25404665,1782511367,98533046581943550
25404690,1782511667,437291000000000000
25404698,1782511763,8000000000000000
25404702,1782511811,493265178920000000
25404759,1782512495,321667819000000000
25404809,1782513095,282627500000000000
25404978,1782515123,19483759381160253
25405514,1782521567,650000000000000000
25405794,1782524927,100000000000000000
25406068,1782528263,42215491698872698
25406524,1782533747,20000000000000000
25406944,1782538799,400000000000000000
25406990,1782539351,129881704260651629
25407387,1782544115,1006996776168606988
25408130,1782553103,2000000000000000000
25409003,1782563603,18566000000000000
25409410,1782568499,2005012531328320802
25409618,1782571019,50340000000000000
25409632,1782571187,502154000000000000
25409972,1782575279,70109393920725656
25410118,1782577031,166501752297556442
25410136,1782577259,24145115256020251
25410308,1782579335,81624414530742401
25410564,1782582407,500000000000000000
25410634,1782583247,500000000000000000
25410950,1782587051,3076044267578345783
25410989,1782587519,253525250698008824
25411010,1782587771,554185463659147869
25411022,1782587915,1495339588373400000
25411478,1782593435,42416072902475992
25411511,1782593831,78450594544473469
25411573,1782594575,462210000000000000
25411617,1782595103,100000000000000000
25411637,1782595343,372021980000000000
25411693,1782596015,327921789000000000
25411774,1782596987,332156190200000000
25411891,1782598403,49332331527360000
25411961,1782599243,2181532000000000000
25412023,1782599987,680000000000000000
25412080,1782600671,6531080000000000
25412382,1782604295,3000000000000000000
25412785,1782609155,50125313283208020
25413102,1782612971,117457889000000000000
25413132,1782613331,763634904052376641
25413526,1782618059,160401002506265664
25413529,1782618095,1190892400000000000
25413716,1782620339,3650775247890578168
25413897,1782622523,2240376854482168945
25414124,1782625259,1500000000000000000
25414544,1782630299,14668555288000000
25414953,1782635207,287913381701753987
25415224,1782638483,1139648615289925913
25415991,1782647699,9213341000000000
25416203,1782650243,334790287651357460
25416886,1782658451,1500000000000000000
25417175,1782661943,29406457466695827
25417276,1782663167,6350000000000000000
25417426,1782664979,2000000000000000
25417454,1782665327,2000000000000000
25417477,1782665615,112000000000000000
25417782,1782669311,16243294228515621
25417784,1782669335,20384571230335287
25418159,1782673859,17000000000000000
25418186,1782674183,501253132832080200
25418237,1782674795,1000000000000000000
25418285,1782675395,2000000000000000
25418294,1782675503,662500000000000000
25418297,1782675539,1000000000000000
25418333,1782675971,2000000000000000
25418384,1782676583,2999723140751207276
25418440,1782677255,12045365000000000
25418543,1782678503,44617044824730765
25418589,1782679055,523728900000000000
25418619,1782679415,432722935700000000
25418624,1782679475,10000000000000000
25418637,1782679631,378902371289000000
25418660,1782679907,327189100000000000
25418675,1782680087,700000000000000000
25418681,1782680159,283298400000000000
25418737,1782680843,242901200000000000
25418762,1782681143,6500000000000000000
25418839,1782682067,232902200000000000
25418859,1782682307,3152000000000000000
25418871,1782682451,3291000000000000000
25418878,1782682535,3082000000000000000
25418886,1782682631,356288000000000000
25418888,1782682655,3157000000000000000
25418944,1782683339,3211000000000000000
25419030,1782684371,10025062656641604010
25419040,1782684491,50125313283208020050
25419047,1782684575,207588000000000000
25419050,1782684611,50125313283208020050
25419084,1782685019,5998629878942114
25419124,1782685499,84220050337521333505
25419167,1782686015,300000000000000000
25419305,1782687683,3469595587042705214
25419324,1782687911,3188000000000000000
25419401,1782688835,3249000000000000000
25419510,1782690143,12000000000000000000
25419852,1782694259,5200000000000000000
25419859,1782694343,5939596144973087
25419896,1782694787,700000000000000000
25419999,1782696035,500000000000000000
25420036,1782696479,100000000000000000
25420132,1782697655,473711799879940398
25420662,1782704039,32372932330827067
25420980,1782707867,10000000000000000
25421007,1782708191,1022556390977443609
25421134,1782709715,701412297566449323
25421223,1782710783,54771969130884542
25421362,1782712463,129664510624087566
25421378,1782712667,1500000000000000000
25421566,1782714935,13000000000000000000
25421583,1782715139,20000000000000000000
25421651,1782715955,10371558417652797517
25421821,1782718007,1000000000000000000
25421832,1782718139,520939125474737317
25421870,1782718595,82716853809394234
25421884,1782718763,1000000000000000000
25421918,1782719171,1503759398496240601
25422095,1782721295,3000000000000000000
25422189,1782722447,200000000000000000
25422400,1782724991,1000000000000000
25422417,1782725195,526315789473684210
25422708,1782728687,3974968700344769088
25422855,1782730451,1000000000000000
25422898,1782730967,2454277015312737
25422911,1782731123,1459347459947463600
25423069,1782733043,25414412677144700
25423194,1782734543,550000000000000000
25423245,1782735167,3158000000000000000
25423257,1782735311,3219000000000000000
25423268,1782735443,29317352180564813
25423275,1782735527,3308800000000000000
25423306,1782735899,3075000000000000000
25423373,1782736703,3184000000000000000
25423401,1782737039,3284000000000000000
25423424,1782737315,3241000000000000000
25423446,1782737579,5000000000000000
25423559,1782738947,500000000000000000
25423608,1782739535,10000000000000000
25423610,1782739559,4012537609688380
25423685,1782740459,32435030510061816
25423747,1782741215,25150595787714901
25423841,1782742343,42887218045112781
25423869,1782742679,6020062688048441
25423870,1782742691,4351636066049400
25423884,1782742871,1002506265664160
25423898,1782743039,487204118783472699
25423929,1782743411,1539102545283392
25423929,1782743411,2093602130270501
25424147,1782746039,15000000000000000
25424164,1782746243,400000000000000000
25424369,1782748727,1900000000000000
25424462,1782749855,3500000000000000
25424504,1782750359,3260000000000000000
25424566,1782751103,10025062656641604010
25424605,1782751571,9340000000000000000
25424813,1782754091,548705000000000000
25424823,1782754223,7773124648320320
25424827,1782754271,9500000000000000
25424913,1782755303,8123120000000000
25424943,1782755663,1061015073839623
25424999,1782756335,3100000000000000000
25425004,1782756395,80200000000000000
25425022,1782756611,375500843293445778
25425058,1782757043,87853547266676140
25425079,1782757295,2540000000000000000
25425135,1782757967,25000000000000000
25425161,1782758279,119294759601049000000
25425207,1782758831,200000000000000000
25425226,1782759059,150375939849624060
25425263,1782759503,429431333909349728
25425291,1782759839,80000000000000000
25425385,1782760967,5065518907308319
25425428,1782761483,12030075187969924812
25425441,1782761639,1000000000000000
25425463,1782761903,1900000000000000
25425524,1782762635,18560945408109801
25425543,1782762863,2999350409577958607
25425657,1782764231,25062656641604010
25425680,1782764507,5000000000000000
25425703,1782764783,10000000000000000
25425720,1782764987,581453634085213032
25425720,1782764987,10000000000000000
25425729,1782765095,93000000000000000
25425745,1782765287,10000000000000000
25425752,1782765371,10000000000000000
25425765,1782765527,10000000000000000
25425846,1782766499,369279200000000000
25425899,1782767147,421818016000000000
25425910,1782767279,2999428448283360908
25425925,1782767459,15037593984962406015
25425978,1782768095,321923237000000000
25426018,1782768575,1000000000000000000
25426023,1782768635,20050125313283208
25426032,1782768743,3985470636302086176
25426045,1782768899,429107982000000000
25426075,1782769271,3100000000000000000
25426134,1782769991,350000000000000000
25426142,1782770087,698250000000000
25426178,1782770531,30037509678341801
25426190,1782770675,62000000000000000
25426224,1782771083,10000000000000000
25426231,1782771167,10000000000000000
25426251,1782771407,10000000000000000
25426277,1782771719,10970000000000000
25426305,1782772055,10000000000000000
25426326,1782772307,10000000000000000
25426336,1782772427,10000000000000000
25426362,1782772739,2215908008712139
25426385,1782773015,10000000000000000
25426527,1782774719,21822000000000000000
25426562,1782775139,10000000000000000
25426619,1782775823,4511278195488721804
25426631,1782775967,1022556390977443609
25426649,1782776183,2790000000000000000
25426674,1782776495,400000000000000000
25426678,1782776543,10000000000000000
25426721,1782777059,2933516089648538065
25426796,1782777959,10000000000000000
25426804,1782778055,1499672529017021268
25426817,1782778211,10000000000000000
25426831,1782778379,10000000000000000
25426844,1782778535,10000000000000000
25426858,1782778703,10000000000000000
25426873,1782778883,180000000000000000
25426882,1782778991,99949043354981638
25426904,1782779255,10000000000000000
25426915,1782779387,10000000000000000
25426936,1782779639,1000000000000000000
25426971,1782780059,10000000000000000
25426976,1782780119,3154000000000000000
25426985,1782780227,10000000000000000
25426990,1782780287,3229000000000000000
25427002,1782780431,70175438596491228
25427035,1782780827,195477560907765255
25427042,1782780923,3177000000000000000
25427045,1782780959,10000000000000000
25427076,1782781331,10000000000000000
25427122,1782781883,10000000000000000
25427132,1782782003,10000000000000000
25427158,1782782315,10000000000000000
25427256,1782783491,10000000000000000
25427323,1782784295,10000000000000000
25427362,1782784763,8020050125313283208
25427382,1782785003,2005012531328320802
25427491,1782786311,72765234769099250
25427545,1782786959,1200000000000000000
25427570,1782787259,200000000000000000
25427982,1782792215,10025062656641604
25428469,1782798095,8669608505049373162
25429015,1782804683,578446115288220551
25429020,1782804743,800000000000000000
25429162,1782806447,10000000000000000
25429227,1782807227,340852130325814536
25429250,1782807515,10000000000000000
25429362,1782808859,10025062656641604
25429409,1782809423,2005012531328320
25429413,1782809483,277880521102136270
25429456,1782809999,10000000000000000
25429683,1782812735,240000000000000
25429788,1782814007,220000000000000
25429828,1782814487,200000000000000
25429850,1782814751,180000000000000
25429870,1782814991,160000000000000
25429889,1782815219,140000000000000
25429966,1782816143,20746886115101619
25430064,1782817319,4997452507515736358
25430101,1782817763,100000000000000000
25430131,1782818123,3930000000000000000
25430145,1782818291,2500000000000000000
25430235,1782819371,3330000000000000
25430245,1782819491,3172000000000000000
25430249,1782819539,500000000000000000
25430273,1782819827,2847000000000000000
25430287,1782819995,3017000000000000000
25430299,1782820139,2904000000000000000
25430312,1782820295,2968064365840571067
25430425,1782821651,431077694235588
25430464,1782822119,1002506265664160401
25430512,1782822707,6439564021730033339
25430619,1782824015,10000000000000000
25430632,1782824171,10000000000000000
25430638,1782824243,4998644316768995919
25430639,1782824255,10170512896827969
25430642,1782824291,1000000000000000000
25430663,1782824555,10000000000000000
25430725,1782825299,5500000000000000
25430756,1782825683,10000000000000000
25430804,1782826271,10000000000000000
25430814,1782826391,10000000000000000
25430814,1782826391,10025062656641604
25430828,1782826559,5000000000000000
25430860,1782826943,68000000000000000
25430884,1782827231,4000000000000000
25430903,1782827471,99000000000000
25430928,1782827771,225621000000000000
25430955,1782828107,70000000000000000
25431075,1782829547,10000000000000000
25431095,1782829787,10000000000000000
25431098,1782829823,600000000000000000
25431102,1782829871,10000000000000000
25431126,1782830159,10000000000000000
25431140,1782830327,10000000000000000
25431213,1782831203,10000000000000000
25431251,1782831659,10000000000000000
25431278,1782831995,10000000000000000
25431292,1782832163,10000000000000000
25431295,1782832199,730000000000000000
25431302,1782832283,699220616514657011
25431374,1782833147,10000000000000000
25431478,1782834407,10000000000000000
25431495,1782834611,100000000000000000
25431533,1782835067,12340000000000000
25431544,1782835199,9762000000000000
25431600,1782835871,3800423941486236179
25431611,1782836003,1200000000000000000
25431781,1782838055,4485207286187168380
25431809,1782838391,9870000000000000
25431876,1782839195,8721804511278195
25431902,1782839507,250000000000000000
25431976,1782840395,14035087719298245
25431981,1782840455,2998336690585935191
25432002,1782840719,8793984962406015
25432012,1782840839,18045112781954887
25432072,1782841559,6928326554117286704
25432080,1782841655,11829573934837092
25432190,1782842987,6065162907268170426
25432221,1782843359,31903496677651599101
25432256,1782843779,325000000000000000
25432308,1782844415,25563909774436090225
25432338,1782844775,680000000000000000
25432452,1782846143,150375939849624060
25432472,1782846383,1000000000000000000
25432560,1782847439,14335839598997493
25432711,1782849251,50125313283208020
25432783,1782850115,8478749140554939068
25432942,1782852023,12000000000000000
25433065,1782853499,9780000000000000
25433096,1782853871,432988720000000000
25433113,1782854075,372626390000000000
25433136,1782854351,487210200000000000
25433181,1782854891,367293700000000000
25433197,1782855083,312393400000000000
25433277,1782856043,999408133706666692
25433331,1782856691,2510804342490037983
25433339,1782856787,601503759398496240
25433430,1782857891,8000000000000000000
25433453,1782858167,19422303978000000
25433597,1782859895,10025062656641604010
25433736,1782861563,2687531169846067
25433779,1782862091,10025062656641604
25434533,1782871163,751879699248120300
25434860,1782875099,10000000000000000
25434869,1782875207,9270000000000000
25434915,1782875759,10000000000000000
25434926,1782875891,31922807017543859
25434976,1782876491,9820000000000000
25435060,1782877511,800000000000000000
25435164,1782878759,997777470816090986
25435261,1782879923,3145233082706766917
25435318,1782880607,12745658785149434093
25435500,1782882803,3000000000000000
25435501,1782882815,80000000000000000
25435514,1782882971,895131197811405307
25435520,1782883043,90000000000000000
25435713,1782885371,94000000000000000
25435945,1782888167,501253132832080
25436078,1782889775,19568922305764411
25436086,1782889883,1604010025062656641
25436116,1782890243,750000000000000000
25436198,1782891227,1253132832080200
25436207,1782891335,1449458161523464000
25436240,1782891731,6399439763811297568
25436287,1782892295,100000000000000000
25436437,1782894095,686637801389124941
25436573,1782895739,1500000000000000000
25436613,1782896219,50000000000000000000
25436774,1782898151,1049214083036458411
25437050,1782901475,3920424450000000000
25437099,1782902075,10025062656641604
25437231,1782903659,92230576441102756892
25437307,1782904583,100000000000000000
25437314,1782904667,300000000000000000
25437318,1782904715,1000000000000000
25437325,1782904799,300000000000000000
25437330,1782904859,300000000000000000
25437339,1782904967,4214487321594345
25437378,1782905435,100000000000000000
25437399,1782905687,10000000000000000
25437470,1782906539,250000000000000000
25437497,1782906875,100000000000000000
25437535,1782907331,6160733044402219
25437600,1782908111,50000000000000000
25437635,1782908531,13750000000000000000
25437657,1782908795,1000000000000000
25437709,1782909419,67249169689707802
25437800,1782910535,125967127550558481
25437815,1782910715,2959350239730682
25437836,1782910967,2000000000000000
25437870,1782911375,663659147869674185
25437948,1782912323,44491620000000000000
25438220,1782915587,1500000000000000000
25438383,1782917579,93978172253357775
25438387,1782917639,2901413533834586
25438429,1782918143,38125480184062447
25438444,1782918323,12550000000000000000
25438466,1782918587,2000000000000000000
25438614,1782920363,2500000000000000
25438791,1782922487,3198096387709174247
25438905,1782923855,5295497409488998281
25439027,1782925367,200501253132832080200
25439048,1782925619,100000000000000000
25439048,1782925619,4010025062656641
25439112,1782926387,74570752108177300
25439232,1782927827,3606800543980436719
25439557,1782931739,1253132832080200501
25439571,1782931907,7134516600000000000
25439616,1782932459,31077694235588972
25439636,1782932699,200000000000000
25439679,1782933215,1794486215538847117
25439687,1782933311,550000000000000000
25439701,1782933491,175999999999999990
25439712,1782933623,50125313283208020
25439739,1782933947,6015037593984962406
25439781,1782934451,52330827067669172
25439924,1782936167,1000000000000000
25440058,1782937787,5000000000000000
25440135,1782938711,1002506265664160401
25440154,1782938939,75000000000000000
25440177,1782939227,75637698607764258
25440352,1782941351,431678290000000000
25440359,1782941435,382167189070000000
25440361,1782941459,699809413922187048
25440423,1782942203,349017890000000000
25440463,1782942683,327901389000000000
25440470,1782942767,206193622942827717
25440472,1782942791,283391800000000000
25440510,1782943247,10025062656641604
25440552,1782943751,12000000000000000
25440629,1782944675,45000000000000000
25440642,1782944831,2180427553266194838
25440666,1782945119,2518636591478696741
25440851,1782947351,1000000000000000000
25440881,1782947711,50125313283208020050
25440890,1782947819,36453000000000000
25441030,1782949499,1213456000000000000
25441041,1782949631,3007518796992481203
25441275,1782952451,10025062656641604
25441283,1782952547,2700000000000000000
25441293,1782952667,401002506265664160
25441547,1782955739,18000000000000000000
25441969,1782960827,12972627621303655
25442040,1782961679,1500000000000000000
25442047,1782961763,43000000000000000000
25442058,1782961895,37005326033584769824
25442078,1782962135,6096195133993273526
25442112,1782962543,9179674433618185898
25442132,1782962783,501253132832080200
25442154,1782963047,601503759398496240
25442162,1782963143,18984461152882205
25442240,1782964079,1076955000000000000
25442296,1782964763,50000000000000000000
25442321,1782965063,41102756892230576441
25442347,1782965375,117994987468671679
25442499,1782967211,80200501253132832
25442501,1782967235,500000000000000000
25442534,1782967631,20100376253918003
25442837,1782971267,20000000000000000
25442967,1782972827,802190484590238454
25443066,1782974027,122479620600541957
25443262,1782976379,3500000000000000000
25443463,1782978791,1235905247511582853
25443480,1782979007,300751879699248120
25443716,1782981863,2250000000000000000
25443944,1782984623,2203302897043951838
25444019,1782985523,1000000000000000000
25444128,1782986831,82805180818173682
25444612,1782992699,6000000000000000000
25444619,1782992783,10000000000000000
25444670,1782993395,4000000000000000000
25444787,1782994799,54773939574986101
25444821,1782995219,154999999999999999
25444939,1782996647,5800000000000000000
25445050,1782997979,3214000000000000000
25445057,1782998063,3108000000000000000
25445095,1782998531,7109288165200000
25445299,1783001003,501253132832080200
25445661,1783005359,1000000000000000
25445849,1783007627,10025062656641604
25445934,1783008647,501253132832080200
25445934,1783008647,23800000000000000000
25445940,1783008719,11000000000000000
25445983,1783009235,24060150375939849624
25446270,1783012703,10000000000000000
25446285,1783012883,69172932330827067669
25446316,1783013255,471000000000000000
25446371,1783013915,543000000000000000
25446468,1783015079,1010000000000000000
25446484,1783015271,4992481203007518796
25446567,1783016279,16800000000000000
25446636,1783017107,3007518796992481203
25446662,1783017419,300000000000000000
25446707,1783017959,600000000000000000
25446821,1783019327,26546365914786967
25446870,1783019915,14035087719298245
25446907,1783020371,10000000000000000
25446923,1783020563,510000000000000000
25446931,1783020659,3208020050125313283
25446964,1783021055,4525447637186237
25446990,1783021367,30075187969924812
25446992,1783021391,200501253132832080
25447027,1783021811,28826260482386098
25447058,1783022183,1000000000000000000
25447116,1783022891,36621553884711779
25447116,1783022891,739087980457063912
25447170,1783023539,32739849624060150
25447262,1783024643,24321258746867167
25447312,1783025243,3000000000000000000
25447318,1783025315,3016233226082045
25447388,1783026155,432916189000000000
25447430,1783026659,332168902000000000
25447450,1783026899,372827810000000000
25447460,1783027019,327628790100000000
25447470,1783027139,256289010000000000
25447564,1783028291,3530000000000000000
25447575,1783028435,3500000000000000000
25447585,1783028555,1172932330827067669
25447615,1783028927,100000000000000000
25447731,1783030319,2028008872107808
25448013,1783033703,100000000000000000
25448037,1783034003,6833082706766917
25448227,1783036283,2105984916763447
25448644,1783041335,210526315789473684
25448812,1783043351,100000000000000000000
25449152,1783047443,1020000000000000000
25449517,1783051859,1500000000000000000
25449579,1783052603,13000000000000000000
25449768,1783054895,578060000000000018
25449803,1783055339,150000000000000000
25449805,1783055363,1496406176117184
25449962,1783057283,80200501253132832
25450094,1783058867,100000000000000000000
25450292,1783061279,3488721804511278195
25450317,1783061579,2980796712179757103
25450331,1783061747,1762733545911027368
25450501,1783063787,510000000000000000
25450571,1783064627,1002506265664160401
25450665,1783065767,2005012531328320802
25450731,1783066571,10025062656641604
25450738,1783066655,299549565639494400
25451032,1783070183,1963314281877666274
25451043,1783070315,4010025062656641604
25451054,1783070447,1900000000000000000
25451182,1783071983,11773297096494312
25451304,1783073459,490000000000000000
25451429,1783074983,6595966164584631146
25451435,1783075055,2946766981535051
25451445,1783075175,25000000000000000000
25451454,1783075283,263859649122807017
25451483,1783075631,10000000000000000000
25451748,1783078823,200000000000000000
25451755,1783078907,10559459815054507
25451758,1783078943,3550000000000000000
25451902,1783080695,1543719780119592067
25451990,1783081751,3500000000000000000
25452040,1783082351,3214000000000000000
25452099,1783083059,1000000000000000000
25452111,1783083203,3175000000000000000
25452123,1783083347,10000000000000000000
25452307,1783085555,3510000000000000000
25452311,1783085603,3500000000000000000
25452338,1783085927,3480000000000000000
25452343,1783085987,3490000000000000000
25452364,1783086239,20000000000000000000
25452365,1783086251,3500000000000000000
25452389,1783086539,3480000000000000000
25452864,1783092251,16541353383458646616
25452881,1783092455,619548872180451127
25453071,1783094747,3007518796992481
25453103,1783095131,19248120300751879
25453117,1783095299,2005012531328320802
25453180,1783096055,3400000000000000000
25453182,1783096079,2893489362504004
25453214,1783096463,3506318825109348129
25453214,1783096463,1029627442842248813
25453563,1783100687,2870000000000000000
25453637,1783101575,1152882205513784461
25453812,1783103699,22746430627794378
25454106,1783107227,192000000000000004
25454123,1783107431,13032581453634085213
25454381,1783110527,50000000000000000
25454482,1783111739,431237800000000000
25454484,1783111763,14024672000000000
25454499,1783111943,334905637800000000
25454499,1783111943,57281003076204790
25454500,1783111955,16984369000000000000
25454505,1783112015,356890432000000000
25454539,1783112423,367845658697000000
25454560,1783112675,104016659270298779
25454563,1783112711,321560000000000000
25454599,1783113143,53002795766140730
25454607,1783113251,335101800000000000
25454623,1783113443,229123760000000000
25454767,1783115183,8466432923554026
25454787,1783115423,29788738142155975
25455224,1783120691,14247543568633963
25455273,1783121279,269494194792166518
25455304,1783121651,3000000000000000
25455324,1783121891,2791924522053238
25455906,1783128911,746457030681955892
25456094,1783131179,36807360404538702518
25456409,1783134959,1000000000000000
25456519,1783136279,3000000000000000
25456538,1783136507,500000000000000000
25456553,1783136687,349223716437740592683
25456581,1783137023,1000000000000000
25457046,1783142603,200000000000000000
25457151,1783143863,404474168101199394735
25458063,1783154855,10025062656641604
25458423,1783159187,2300000000000000000
25458476,1783159823,4240601503759398496
25458496,1783160063,5749936832573692673
25458879,1783164707,3007518796992481
25459249,1783169171,150000000000000000
25459344,1783170311,33688582203123854
25459371,1783170647,71664102761573010
25459388,1783170851,32412537773842090
25459401,1783171007,43178407497977094
25459516,1783172387,500000000000000000
25459538,1783172651,1000000000000000000
25459599,1783173395,660000000000000000
25459674,1783174295,1200000000000000000
25459684,1783174415,300000000000000000
25459705,1783174667,90225563909774436090
25460055,1783178879,3997000000000000000
25460373,1783182719,100000000000000000
25460380,1783182803,3649301003612917858
25460921,1783189343,3200000000000000000
25461122,1783191755,902255639097744360
25461129,1783191839,5012531328320802005
25461140,1783191971,100000000000000000
25461262,1783193435,3245000000000000000
25461267,1783193495,3185000000000000000
25461314,1783194071,2991589519793280000
25461342,1783194407,145482338123787133
25461367,1783194707,1002506265664160401
25461378,1783194839,3314000000000000000
25461394,1783195031,3227000000000000000
25461406,1783195175,370292100000000000
25461425,1783195403,996450794631220665
25461430,1783195463,329215201500000000
25461455,1783195775,382619020000000000
25461478,1783196051,312973512900000000
25461517,1783196531,1793500304241102655
25461522,1783196591,238420000000000000
25461575,1783197227,3401000000000000000
25461583,1783197323,2005012531328320802
25461585,1783197347,3179000000000000000
25461605,1783197587,2855441584276625879
25461633,1783197935,100000000000000000
25461634,1783197947,20000000000000000
25461670,1783198391,563292768148590785
25461969,1783202027,2440000000000000000
25462579,1783209371,16869570000000000000
25462604,1783209671,238202344709372773
25462720,1783211087,3007518796992481203
25462993,1783214363,3137050490583689345
25463634,1783222067,10000000000000000
25464535,1783232963,203051000000000000
25464540,1783233023,20000000000000000
25464786,1783235975,10000000000000000000
25465557,1783245287,2084320000000000000
25465678,1783246763,1000000000000000000
25466033,1783251023,4622001642616263
25466074,1783251515,19000000000000000000
25466092,1783251731,10000000000000000
25466352,1783254851,4022587797815340
25466393,1783255355,8763764046708248
25466515,1783256831,444111837852596
25466588,1783257707,20050125313283208
25466637,1783258295,12731829573934837
25466662,1783258595,6000000000000000000
25466707,1783259135,3594183054982896312
25466883,1783261259,1002506265664160401
25466891,1783261355,229613800461318739
25467041,1783263155,2125400000000000
25467078,1783263599,1137156483498320644
25467279,1783266023,51000000000000000
25467329,1783266623,89224206640485000
25467349,1783266863,43994229936795423538
25467450,1783268087,10000000000000000
25467462,1783268231,2015037593984962406
25467490,1783268567,5000000000000000
25467601,1783269899,30000000000000000
25467838,1783272767,1000000000000000000
25467964,1783274279,6092731829573934838
25468160,1783276655,3120524893867456315
25468167,1783276739,10000000000000000
25468185,1783276955,894420000000000000
25468259,1783277843,281969293964618691
25468502,1783280771,39097744360902255
25468605,1783282019,7000000000000000
25468628,1783282307,3184000000000000000
25468664,1783282739,1000000000000000000
25468670,1783282811,3242000000000000000
25468752,1783283807,3302000000000000000
25468944,1783286123,431983672000000000
25468961,1783286327,3182000000000000000
25468965,1783286375,428479000000000000
25468971,1783286447,356329000000000000
25468994,1783286723,3274000000000000000
25468999,1783286783,3307000000000000000
25469004,1783286843,3417000000000000000
25469012,1783286939,3185000000000000000
25469012,1783286939,56722040872540470
25469046,1783287359,68294642337599274
25469079,1783287767,68357827821804834
25469156,1783288691,3191534066275828259
25469197,1783289183,3286000000000000000
25469325,1783290719,7518796992481203007
25469326,1783290731,3177000000000000000
25469352,1783291043,2506265664160401002
25469353,1783291055,1000000000000000000
25469369,1783291247,3508771929824561403
25469546,1783293371,1263154574692243553
25469597,1783293995,3276000000000000000
25469717,1783295447,3335000000000000000
25469763,1783295999,3117000000000000000
25469787,1783296287,581453634085213032
25470229,1783301603,1503759398496240601
25470357,1783303151,501253132832080
25470499,1783304855,58333491737802034360
25470586,1783305899,1500000000000000000
25470629,1783306415,5619145600000000000
25470736,1783307711,501253132832080200
25471010,1783311011,28500000000000000
25471506,1783316975,305843193219529139
25471768,1783320131,42896238932664841
25472189,1783325219,750000000000000000
25472222,1783325615,603508771929824561
25472315,1783326731,100000000000000000
25472706,1783331447,1000000000000000000
25472720,1783331615,10000000000000000000
25472732,1783331759,20000000000000000000
25472746,1783331927,40000000000000000000
25472792,1783332479,60000000000000000000
25473013,1783335131,491485083511312594
25473030,1783335335,2400000000000000000
25473115,1783336355,1002506265664160401
25473242,1783337879,5700000000000000000
25473270,1783338215,418045112781954887
25473465,1783340555,5012531328320802005
25473471,1783340627,20050125313283208020
25473546,1783341527,3397493734335839598
25473556,1783341647,3274000000000000000
25473561,1783341707,3119000000000000000
25473593,1783342091,3335000000000000000
25473666,1783342967,3407000000000000000
25473671,1783343027,3288000000000000000
25473724,1783343663,3118000000000000000
25473762,1783344119,3458646616541353383
25473789,1783344443,3000000000000000000
25473847,1783345139,3365000000000000000
25473914,1783345943,3087000000000000000
25474016,1783347167,14896972881450801
25474059,1783347683,3178908459352865013
25474119,1783348415,50000000000000000
25474149,1783348775,4975000000000000
25474205,1783349447,5012531328320802005
25474269,1783350227,186971698942724195
25474340,1783351103,5000000000000000000
25474444,1783352375,1000000000000000000
25474478,1783352783,5914896212982501
25474521,1783353299,2000000000000000000
25474528,1783353383,55137844611528822
25474572,1783353935,132801350210717787
25474632,1783354655,1530950000000000000
25474743,1783355987,5000000000000000000
25474778,1783356407,47998385343133478999
25474783,1783356467,27998737150514396392
25474786,1783356503,22998647293698920272
25474802,1783356695,9000000000000000000
25474826,1783356983,49675500000000000000
25474862,1783357415,1000000000000000000
25474867,1783357475,7029710774841628847
25474913,1783358027,96240601503759398
25475064,1783359839,100000000000000000
25475091,1783360163,700000000000000000
25475094,1783360199,288573583127736614
25475140,1783360751,6516290726817042606
25475141,1783360763,740000000000000000
25475215,1783361651,267000000000000000
25475281,1783362443,48877500000000000000
25475289,1783362539,6000000000000000000
25475349,1783363259,352000000000000000
25475634,1783366679,501253132832080200
25475696,1783367423,5012531328320802005
25475810,1783368803,77158876840465511
25475865,1783369463,8559778883099895
25476226,1783373807,381035340450000000
25476254,1783374143,349125288930000000
25476299,1783374683,326201600000000000
25476386,1783375727,2500000000000000000
25476395,1783375835,2139058423783131143
25476409,1783376003,5832856642670698430
25476435,1783376315,24937022818321494498
25476449,1783376483,150000000000000000
25476474,1783376783,3000000000000000000
25476588,1783378151,321925292670000000
25476600,1783378295,318372026000000000
25476680,1783379255,234348200000000000
25476818,1783380911,351000000000000000
25476901,1783381907,394132839868742738
25476990,1783382975,19406148304631495
25476995,1783383035,29368428383195254
25477079,1783384043,510000000000000000
25477158,1783384991,100250626566416040
25477492,1783389011,774287994304629311
25477497,1783389071,104908276161495238
25477560,1783389827,662239192150316440
25477648,1783390883,552381894372445255
25477675,1783391207,209369365271219095
25477754,1783392155,5000000000000000000
25477805,1783392767,829605577873342748
25477834,1783393115,104625346231374945
25477948,1783394495,92549417245951106
25478047,1783395695,3831395940890087364
25478064,1783395899,92350843598162918
25478152,1783396955,5651282000000000000
25478418,1783400147,100000000000000000000
25478466,1783400723,24391579640000000000
25478471,1783400783,234000000000000000
25478602,1783402379,368148254819729731
25478603,1783402391,80727393142215745
25478725,1783403879,391987206174368007
25478784,1783404599,387956659277475608
25478841,1783405295,162126216842894132
25478866,1783405595,310037376198334368
25478866,1783405595,52237507138053556
25478875,1783405703,181906398372100417
25478901,1783406015,83696799259913635
25479025,1783407503,127179190725113838
25479098,1783408391,100000000000000000
25479116,1783408607,41740778895075817
25479118,1783408631,4499285700000000000
25479118,1783408631,100000000000000000000
25479144,1783408943,10618698092160390898
25479178,1783409351,190432298677208327
25479217,1783409819,68838112769205745
25479273,1783410491,1916374113606343653
25479417,1783412219,58260000000000000000
25479740,1783416107,100000000000000000
25479865,1783417619,10000000000000000000
25480059,1783419947,79644791169643138098
25480275,1783422551,9671870337877898
25480293,1783422767,3408521303258145363
25480502,1783425275,84210526315789473684
25480599,1783426439,3508771929824561
25480998,1783431239,3638291292260328919
25481016,1783431455,2000000000000000000
25481052,1783431887,24060150375939849624
25481105,1783432523,100000000000000000
25481169,1783433303,33298934461853041
25481250,1783434275,645112781954887218
25481282,1783434659,880092682776890391
25481383,1783435883,10025062656641604010
25481398,1783436063,100000000000000000
25481423,1783436363,24561403508771929824
25481427,1783436411,157000000000000000
25481458,1783436783,10000000000000000000
25481583,1783438283,6928802005012531
25481602,1783438511,129675000000000000
25481607,1783438571,12773052631578947
25481717,1783439891,50000000000000000
25481746,1783440239,200000000000000000
25481893,1783442015,100250626566416040
25481955,1783442759,3000000000000000
25482058,1783444007,25923295065774525
25482086,1783444343,23318617232110420
25482094,1783444439,15578585311038407
25482110,1783444631,41955998098915685
25482137,1783444955,35556960295968518
25482144,1783445039,18275866389441634
25482175,1783445411,140682588965572076
25482204,1783445759,55952486791371645
25482243,1783446227,43098083609831700
25482251,1783446323,49047411475492976
25482255,1783446371,26016733622646026
25482279,1783446659,49132496379194178
25482309,1783447019,39802218919453534
25482316,1783447103,26139364772072187
25482325,1783447211,10536265288306929
25482339,1783447379,556000000000000000
25482350,1783447511,6690163230986871
25482378,1783447847,3874590292112693
25482443,1783448627,32497883680493593
25482447,1783448675,1539392985254671998
25482464,1783448879,41800629087352860
25482498,1783449287,554431290000000000
25482508,1783449407,16652262859229242
25482525,1783449611,15570073023826059
25482543,1783449827,2524209680947500
25482557,1783449995,29070929161932186
25482631,1783450883,302090000000000000
25482652,1783451135,23140381831887216
25482658,1783451207,13673814704529033
25482710,1783451831,63630255281362053
25482718,1783451927,266594063699817731
25482718,1783451927,45368299579723402
25482747,1783452275,33304745929441194
25482754,1783452359,19382298124473961
25482770,1783452551,3795893641723373
25482783,1783452707,33179191028459368
25482788,1783452767,19508496786234413
25482790,1783452791,11787494521081215993
25482839,1783453379,10157447273196096
25482844,1783453439,6177121688118904
25482859,1783453619,410000000000000000
25482877,1783453835,3120000000000000000
25482892,1783454015,100250626566416040
25482899,1783454099,11466136424490233810
25482956,1783454795,109283860920451614
25483004,1783455371,15037593984962406
25483059,1783456043,80000000000000000
25483146,1783457087,27506831390040696
25483168,1783457351,620891109065370
25483206,1783457807,12506136359849998385
25483210,1783457855,5615706000000000000
25483278,1783458671,2239378400000000000
25483289,1783458803,501253132832080
25483329,1783459283,5012531328320802
25483359,1783459643,428162936000000000
25483387,1783459979,898696092028761800
25483391,1783460027,3000000000000000000
25483433,1783460531,387116230000000000
25483445,1783460687,382936280000000000
25483494,1783461275,353346393700000000
25483514,1783461515,283620000000000000
25483549,1783461935,306315661155711095
25483590,1783462427,20000000000000000
25483633,1783462943,997031869283218169
25483667,1783463351,1136541353383458
25483702,1783463771,1399655450674582516
25483907,1783466231,12000000000000000000
25483933,1783466543,3107000000000000000
25483939,1783466615,3089000000000000000
25483947,1783466711,3147000000000000000
25483951,1783466759,3204000000000000000
25483961,1783466879,21841110911880155
25483980,1783467107,5012531328320802
25483982,1783467131,3319000000000000000
25484020,1783467587,4038305308809577
25484034,1783467755,2908155270378094
25484085,1783468379,16357454540211669
25484095,1783468499,18760452833791259
25484100,1783468559,3663148264834717
25484103,1783468595,7838092086006900
25484136,1783468991,12004471145288377
25484144,1783469087,7262427344625256
25484163,1783469315,7794437224866316
25484181,1783469531,3932192892746551
25484203,1783469795,3007055444605836
25484321,1783471211,209634723660245109
25484374,1783471847,2000000000000000000
25484461,1783472891,4000000000000000000
25484702,1783475807,40500000000000000000
25484708,1783475879,2000000000000000
25484742,1783476287,1002506265664160401
25484763,1783476539,5012531328320802005
25484778,1783476719,2970751614221820
25484786,1783476815,3007518796992481203
25484835,1783477403,5012531328320802005
25484876,1783477895,2506265664160401002
25484886,1783478015,1739348370927318295
25484888,1783478039,2352515035860704
25484966,1783478987,1002506265664160401
25484983,1783479191,4010025062656641604
25485090,1783480475,3528404453374460
25485093,1783480511,5737343358395989
25485161,1783481327,1905339265721014
25485230,1783482167,2000000000000000
25485567,1783486211,14794253885100588
25485573,1783486283,12177934780748592
25485583,1783486403,50000000000000000
25485583,1783486403,24609805848102657
25485586,1783486439,17595873834560506
25485614,1783486775,4093354686147450
25485621,1783486859,3894423857037891
25485628,1783486943,14076639027425201
25485631,1783486979,10414664963486081
25485634,1783487015,17045362439151616
25485643,1783487123,27621036841677015
25485643,1783487123,23190079963398977
25485651,1783487219,11693725598415400
25485667,1783487411,2927132448531776
25485680,1783487567,14618287437953968
25485681,1783487579,3265283109917669
25485688,1783487663,14017021450219682
25485703,1783487843,2400000000000000000
25485730,1783488167,10494798423548327
25485769,1783488647,9165822185767340
25485769,1783488647,7860796722598909
25485772,1783488683,3497981939852701
25485773,1783488695,17754647318249184
25485778,1783488755,8918820061405216
25485781,1783488791,7629024561233719
25485817,1783489223,55005967185347990
25485818,1783489235,23733402277793863
25485820,1783489259,9393573470416749
25485835,1783489439,31071596265310873
25485835,1783489439,21746905405259688
25485845,1783489559,22275023515764913
25485855,1783489679,27653643825954528
25485863,1783489775,4810692544554152
25485962,1783490963,5000000000000000000
25485973,1783491095,68039053652537775
25485987,1783491263,12030075187969924
25485992,1783491323,29880976491317008
25485998,1783491395,51019451046548752364
25486020,1783491659,21737379668107999
25486021,1783491671,13230923846527338
25486023,1783491695,9463374721570668
25486120,1783492871,408000610744312665
25486395,1783496183,1500000000000000000
25486455,1783496903,5599580928178020000
25486937,1783502711,4000000000000000
25487052,1783504091,3225000000000000000
25487054,1783504115,40500000000000000000
25487164,1783505435,9022556390977443
25487314,1783507247,2130449106386752725
25487331,1783507451,30000000000000000
25487394,1783508219,299461861796947435
25487514,1783509659,4000000000000000000
25487575,1783510391,1002506265664160401
25487675,1783511591,2119810176161733880
25487785,1783512923,11027568922305764411
25487809,1783513211,10025062656641604
25487809,1783513211,996482212902000000
25487815,1783513283,11027568922305764411
25487818,1783513319,20414094291800000
25487841,1783513595,1994987468671679197
25487846,1783513655,497054482814621605
25487870,1783513943,3221000000000000000
25487878,1783514039,3143000000000000000
25487911,1783514435,3256000000000000000
25488029,1783515875,2005012531328320802
25488044,1783516055,4010025062656641604
25488450,1783520951,100000000000000000
25488509,1783521659,100000000000000000
25488511,1783521683,17403508771929824561
25488550,1783522151,8822055137844611528
25488593,1783522667,659649122807017543
25488663,1783523507,5000000000000000
25488676,1783523663,10000000000000000
25488794,1783525091,1194000000000000000
25488823,1783525439,14635388471177944
25488896,1783526327,10000000000000000
25488998,1783527563,26656365188595963
25489009,1783527695,4511278195488721804
25489013,1783527743,2635284361469862
25489019,1783527815,10338959301072310
25489050,1783528187,46493334637497734
25489089,1783528667,77816953369057066
25489148,1783529375,31703337768681926
25489455,1783533059,10000000000000000000
25489498,1783533575,16099700000000000
25489583,1783534607,119849624060150375
25489589,1783534679,1553884711779448621
25489610,1783534931,380000000000000000
25489756,1783536683,16561403508771929
25489786,1783537043,1310000000000000000
25489965,1783539191,10000000000000000
25489988,1783539467,4631563270045590
25490002,1783539635,12035388213374131
25490013,1783539767,59392876548871428
25490063,1783540367,260000000000000000
25490073,1783540487,13927051432274213
25490085,1783540631,52347747146937305
25490115,1783541003,9993974217095650
25490123,1783541099,16403937686526563
25490209,1783542131,15037593984962406
25490222,1783542287,1002506265664160401
25490225,1783542323,5012531328320802005
25490292,1783543139,61098146161034517
25490344,1783543763,6500000000000000000
25490349,1783543823,501253132832080200
25490377,1783544159,3000000000000000000
25490557,1783546331,3508771929824561403
25490572,1783546511,1002506265664160401
25490599,1783546835,3000000000000000
25490694,1783547975,29163918681060046
25490713,1783548203,20000000000000000
25490744,1783548575,49459489623297549
25490893,1783550363,320000000000000000
25490907,1783550531,14400000000000000000
25490916,1783550639,10025062656641604
25491029,1783551995,37224260455241580
25491187,1783553891,437203600000000000
25491197,1783554011,586480238912757456
25491206,1783554119,356192760000000000
25491272,1783554911,342192930000000000
25491306,1783555319,30000000000000000
25491397,1783556411,82205513784461152
25491402,1783556471,200000000000000
25491503,1783557683,18000000000000000000
25491726,1783560371,100000000000000
25491739,1783560527,4110275689223057644
25491902,1783562507,1052631578947368421
25492014,1783563851,91821260704196230
25492083,1783564679,137655000000000000
25492363,1783568039,100000000000000
25492383,1783568291,115415313549076694
25492602,1783570919,1002506265664160
25492697,1783572059,58145363408521303
25492718,1783572323,41273182957393483
25492782,1783573091,5012531328320802005
25492874,1783574195,1000000000000000000
25492936,1783574939,130000000000000000
25492938,1783574963,1500000000000000000
25492996,1783575671,1701352220702743781
25493034,1783576127,3305680401002506265
25493162,1783577663,53461858881912918
25493177,1783577843,104472791960216148
25493191,1783578011,100250626566416041
25493210,1783578239,9839644153240897
25493215,1783578299,19998727596164447
25493231,1783578491,16236303282876264
25493239,1783578587,45519198446617125
25493256,1783578791,74234213340590250
25493256,1783578791,9197744168859699
25493280,1783579091,63994372429643755
25493287,1783579175,6842607979753687
25493294,1783579259,9555251538549622
25493300,1783579331,22852703886826559
25493300,1783579331,46881360716370717
25493322,1783579595,52134608818339191
25493455,1783581191,5695279800000000000
25493531,1783582115,12017027321005923
25493550,1783582343,6157964396185418
25493550,1783582343,50705410178019751
25493554,1783582391,8106101430336954
25493555,1783582403,6000000000000000
25493555,1783582403,36461739695560573
25493555,1783582403,6591939675026785
25493557,1783582427,3562576603492805
25493560,1783582463,10003375140260976
25493560,1783582463,36529642887220359
25493562,1783582487,11821059453613136
25493568,1783582559,94324303131919781
25493581,1783582715,34378388203620370
25493599,1783582931,15927079989397765
25493607,1783583027,2174411256552160
25494101,1783588979,14394000000000000
25494127,1783589291,14394000000000000
25494167,1783589771,326957393483709273
25494190,1783590059,30438273845295617
25494199,1783590167,10000000000000000
25494202,1783590203,300751879699248
25494673,1783595879,1000000000000000000
25494819,1783597631,1002506265664160401
25494920,1783598855,10025062656641604
25494967,1783599419,542000000000000000
25495235,1783602635,3108000000000000000
25495274,1783603103,3284000000000000000
25495414,1783604807,100000000000000000
25495592,1783606967,3318000000000000000
25495682,1783608047,11971761741535390
25495784,1783609271,1002506265664160401
25495892,1783610567,54172813096324224
25495951,1783611275,3113000000000000000
25495964,1783611431,3217000000000000000
25496018,1783612079,200000000000000
25496107,1783613147,576103358395989974
25496172,1783613927,550000000000000000
25496496,1783617839,1002506265664160401
25496508,1783617983,54464047862626972
25496642,1783619591,1403508771929824561
25496645,1783619627,1002506265664160401
25496678,1783620023,11280272899273572
25496764,1783621055,464263058949213032
25496837,1783621931,9596951692996798
25496971,1783623539,1979640315610235025
25497071,1783624739,3304000000000000000
25497185,1783626107,18045112781954887218
25497246,1783626851,3107000000000000000
25497260,1783627019,947306553457851314
25497292,1783627403,5000000000000000
25497468,1783629539,10000000000000000
25497488,1783629779,2840000000000000000
25497500,1783629923,50000000000000000
25497514,1783630091,50000000000000000
25497603,1783631159,500000000000000
25497662,1783631867,3000000000000000
25497695,1783632263,5725081600000000000
25497873,1783634423,42861699655480332
25497929,1783635119,1002506265664160401
25497932,1783635167,100000000000000000
25497957,1783635467,10000000000000000
25498131,1783637555,1000000000000000
25498172,1783638047,189179561271166013
25498231,1783638767,3000000000000000
25498280,1783639355,12730705624892470993
25498364,1783640363,12470715503767448
25498372,1783640459,15000000000000000
25498397,1783640759,50000000000000000
25498478,1783641743,412938100000000000
25498499,1783641995,338405800000000000
25498524,1783642307,293436700000000000
25498557,1783642703,314309500000000000
25498570,1783642859,349218000000000000
25498582,1783643027,200000000000000000
25498701,1783644455,1011000000000000000
25498799,1783645631,600000000000000000
25499110,1783649399,10000000000000000
25499116,1783649471,9936070175438596
25499124,1783649567,12800000000000000000
25499220,1783650719,100000000000000
25499427,1783653203,11317704260651629
25499465,1783653659,100000000000000
25499590,1783655171,62254676691729323
25500254,1783663187,10000000000000000
25500262,1783663283,150375939849624060
25500395,1783664879,5649366400000000000
25500411,1783665071,100000000000000
25500418,1783665155,996369612767032624
25500433,1783665335,100000000000000
25500497,1783666103,2000000000000000000
25500517,1783666343,100000000000000
25500529,1783666487,60150375939849624
25500535,1783666559,32217844410019465
25500537,1783666583,28990529446730834
25500538,1783666595,12353351192705919
25500542,1783666643,20698180759467055
25500547,1783666703,28799883730922403
25500577,1783667063,29563627165702765
25500595,1783667279,8016847001989378
25500611,1783667483,1577597310083213
25500812,1783669895,16040100250626566416
25500946,1783671503,28816708702429301
25500953,1783671587,14742749077253487
25500958,1783671647,1680699674429022782
25500970,1783671791,10000000000000000
25500979,1783671899,13690081296915329
25500983,1783671947,10171678776575009
25500983,1783671947,10000000000000000
25501015,1783672331,2300000000000000000
25501036,1783672583,7891345130520471
25501041,1783672643,1000000000000000000
25501049,1783672739,2000000000000000000
25501061,1783672883,4742848445505578
25501067,1783672955,2566414458904107185
25501143,1783673867,2946410569146728
25501172,1783674215,6960157424258655
25501215,1783674731,1000000000000000000
25501221,1783674803,1360166829144366
25501236,1783674983,70000000000000000000
25501260,1783675271,2637731003288007
25501261,1783675283,100000000000000000
25501266,1783675343,544053933557222488
25501300,1783675763,104333023275442947
25501301,1783675775,9975000000000000000
25501308,1783675859,601503759398496240
25501402,1783676987,24450626566416040
25501405,1783677023,328294440806426784
25501544,1783678715,770000000000000000
25501630,1783679759,501253132832080200
25501642,1783679915,1570000000000000000
25501681,1783680383,1002506265664160401
25501739,1783681091,1002506265664160401
25501797,1783681787,16399039879108564
25501885,1783682843,511278195488721804
25501940,1783683503,3000000000000000000
25501965,1783683815,100000000000000000
25502066,1783685027,501253132832080200
25502120,1783685675,1000000000000000000
25502137,1783685879,10000000000000000000
25502213,1783686803,19835523325310878729
25502215,1783686827,15037593984962406015
25502283,1783687643,5000000000000000
25502291,1783687739,9731538847117794486
25502482,1783690031,2255639097744360902
25502524,1783690535,831945982581851788
25502566,1783691039,1503759398496240601
25502578,1783691183,1002506265664160401
25502600,1783691447,100000000000000000
25502645,1783691987,1002506265664160401
25502669,1783692275,1500000000000000000
25502681,1783692419,504822267435834717
25502739,1783693115,400000000000000000
25502901,1783695071,1659866335724129625
25502934,1783695467,500000000000000000
25502949,1783695647,20000000000000000
25503177,1783698383,200000000000000000
25503193,1783698575,398995904626819185000
25503206,1783698743,698247472610683065000
25503207,1783698755,32581453634085213
25503225,1783698971,4007368624964066653445
25503335,1783700291,18121325383989993
25503481,1783702043,150000000000000000
25503508,1783702367,10000000000000000
25503530,1783702631,90000000000000000
25503569,1783703099,72180451127819548872
25503604,1783703519,20000000000000000
25503608,1783703567,56240067192268254
25503623,1783703747,120000000000000000
25503625,1783703771,2500000000000000000
25503695,1783704611,130000000000000000
25503702,1783704695,17220827145112091
25503754,1783705319,1002506265664160401
25503936,1783707515,1002506265664160401
25504002,1783708307,100000000000000000
25504043,1783708799,2005012531328320
25504056,1783708955,820205662907505000
25504187,1783710527,13863829912133317538
25504233,1783711079,15000000000000000
25504241,1783711175,16965413533834586
25504426,1783713395,12330827067669172
25504648,1783716071,1503759398496240601
25504770,1783717535,5500000000000000000
25504853,1783718531,15000000000000000000
25504867,1783718711,1002506265664160401
25504876,1783718819,1002506265664160401
25504893,1783719023,20881404142259686834
25504973,1783719983,3073251569683575000
25504986,1783720139,459266309877346465
25505043,1783720823,1860731423180798
25505406,1783725179,419474960000000000
25505417,1783725311,3000000000000000
25505424,1783725395,55137844611528822
25505426,1783725419,3000000000000000
25505640,1783727999,362026190000000000
25505668,1783728335,324393830000000000
25505698,1783728707,301732030000000000
25505712,1783728875,327301630000000000
25505747,1783729295,110275689223057644
25505897,1783731095,2000000000000000000
25505976,1783732043,28503831614041123
25505978,1783732067,64178789873166342
25505978,1783732067,14506744605954966
25506002,1783732355,3305195826169618
25506002,1783732355,35165848996942691
25506002,1783732355,5354917917308858
25506025,1783732631,59024533878461324
25506288,1783735787,15141326390485694788
25506590,1783739411,691729323308270
25506697,1783740695,20050125313283208
25506745,1783741271,20050125313283208
25506790,1783741811,20050125313283208
25506828,1783742267,29674185463659147
25506847,1783742495,20000000000000000
25506871,1783742783,5000000000000000
25506982,1783744115,200000000000000000
25507147,1783746095,20551378446115288
25507157,1783746215,2000000000000000
25507171,1783746383,100000000000000
25507253,1783747367,2000000000000000
25507286,1783747763,55745724310776942
25507330,1783748291,16598748229021039
25507445,1783749683,28705751743030373
25507447,1783749707,13654769660610381
25507448,1783749719,6231343347710924
25507464,1783749911,22902912433815358
25507467,1783749947,1661004732495088
25507495,1783750283,4350170324535628
25507499,1783750331,10413197140319791
25507504,1783750391,42648157546397958
25507522,1783750607,10840973501134185
25507527,1783750667,1520374456852897
25507554,1783750991,1743450972616005
25507560,1783751063,1786245782136404
25507573,1783751219,12011040433008885
25507606,1783751615,828745150940310
25507846,1783754495,3957969979239550
25508042,1783756847,845706302377586
25508054,1783756991,1392592121035756
25508056,1783757015,556137871370572
25508190,1783758635,11658400000000000000
25508280,1783759715,53669386527788078
25508426,1783761467,24621839311440303
25508537,1783762823,1503400000000000000
25508560,1783763099,500000000000000000
25508621,1783763843,17847655799894146
25508673,1783764467,3539529541270008329
25508788,1783765859,200501253132832080
25508866,1783766807,1832100000000000000
25508973,1783768091,1306862550646969628
25509055,1783769087,1750000000000000000
25509122,1783769903,50000000000000000
25509407,1783773347,300000000000000000
25509609,1783775783,3107000000000000000
25509624,1783775963,3246000000000000000
25509679,1783776623,3174000000000000000
25509720,1783777115,571428571428571428
25509844,1783778603,510668375215860
25510234,1783783283,3308270676691729323
25510292,1783783979,5126500553981115
25510440,1783785767,40000000000000000
25510642,1783788215,1002506265664160401
25510750,1783789511,1145000000000000000
25510868,1783790927,4779773466841693
25510874,1783790999,30000000000000000000
25510952,1783791935,1000000000000000000
25511087,1783793567,130325814536340852
25511096,1783793675,20482468733604369
25511717,1783801139,1500000000000000000
25511826,1783802447,7017543859649122807
25512107,1783805831,58018709956977047
25512119,1783805987,50125313283208020
25512201,1783806971,1000000000000000000
25512203,1783806995,2550000000000000000
25512442,1783809875,10000000000000000
25512451,1783809983,8000000000000000000
25512482,1783810355,4000000000000000
25512529,1783810919,423928000000000000
25512549,1783811159,312720120000000000
25512583,1783811567,353947000000000000
25512721,1783813259,3074000000000000000
25512780,1783813967,3408521303258145363
25512815,1783814399,3117000000000000000
25512947,1783816007,3207000000000000000
25512994,1783816571,3266000000000000000
25513031,1783817027,10025062656641604010
25513138,1783818311,2000000000000000
25513145,1783818395,648124951113166015
25513428,1783821803,91589002506265664
25513447,1783822031,1000000000000000000
25513487,1783822511,4200000000000000000
25513554,1783823327,98251250000000000000
25513707,1783825163,730000000000000000
25513977,1783828415,49875000000000000000
25514466,1783834295,288120300751879699
25514512,1783834847,3990000000000000
25514957,1783840223,2245579935521195000
25514958,1783840235,100000000000000000
25514998,1783840715,75080426855953314
25515020,1783840979,1161502014081669
25515192,1783843055,8550491737343611
25515266,1783843943,1000000000000000000
25515375,1783845251,2008684060759187439
25515668,1783848791,12755836610660333
25515915,1783851767,1000000000000000000
25515929,1783851935,8000000000000000000
25515985,1783852607,111072753901602782
25516103,1783854023,9000000000000000
25516199,1783855175,10025062656641604010
25516226,1783855499,2880000000000000000
25516292,1783856291,3000000000000000000
25516321,1783856651,3003592587825341007
25516445,1783858139,13390542279298245
25516546,1783859363,7676577994096852
25516872,1783863287,15000000000000000
25517031,1783865219,1002506265664160401
25517048,1783865423,1002506265664160401
25517059,1783865555,1002506265664160401
25517059,1783865555,2005012531328320
25517163,1783866803,2000000000000000000
25517362,1783869191,2462959888114031
25517556,1783871555,81931184402490982
25517672,1783872947,553875729813773624
25517752,1783873907,30000000000000000
25517767,1783874087,2225563909774436
25517788,1783874339,461152882205513784
25517800,1783874483,3188000000000000000
25517958,1783876379,28246307476403845
25518148,1783878695,20000000000000000
25518885,1783887539,1100000000000000000
25518954,1783888367,3007518796992481203
25519174,1783891019,8509102079705699
25519272,1783892195,601503759398496240
25519451,1783894355,55136171559424107
25519481,1783894715,40159660673923790
25519486,1783894775,25062656641604010
25519554,1783895591,3218000000000000000
25519746,1783897895,419105600000000000
25519766,1783898135,321394550000000000
25519810,1783898663,359218520000000000
25519831,1783898927,10000000000000000
25519843,1783899071,3097000000000000000
25519849,1783899143,402967400000000000
25519887,1783899599,372900000000000000
25520066,1783901747,3879699248120300
25520107,1783902239,107316466364122561
25520450,1783906355,2000000000000000000
25521475,1783918703,866970040038069018
25521665,1783921007,8913843635824315825
25521833,1783923023,560000000000000
25522300,1783928699,50135338345864661654
25522317,1783928903,5700000000000000000
25522611,1783932479,560000000000000
25522741,1783934075,100000000000000
25522851,1783935395,1815624038478436
25522853,1783935419,2074597215755068
25522905,1783936043,14941036802532647398
25522919,1783936211,100000000000000
25523217,1783939787,3207000000000000000
25523288,1783940651,942200000000000000
25523595,1783944347,11479155651130732980
25523711,1783945739,280701754385964912
25523716,1783945799,16040100250626566
25524190,1783951535,21052631578947368
25524223,1783951931,4318045587569851
25524256,1783952327,3500000000000000000
25524256,1783952327,3174000000000000000
25524263,1783952411,20000000000000000000
25524297,1783952819,3301000000000000000
25524541,1783955747,5313283208020050125
25524599,1783956443,2000000000000000000
25524632,1783956839,1595531254267083085
25524675,1783957355,20000000000000000
25524726,1783957979,42473526989178278
25524755,1783958327,7000000000000000
25524832,1783959251,222348145655831839
25524915,1783960259,3109000000000000000
25524915,1783960259,5000000000000000
25524932,1783960463,131808628118285966
25524952,1783960703,3000000000000000
25525002,1783961303,100000000000000000
25525026,1783961591,3300000000000000000
25525032,1783961663,3000000000000000000
25525041,1783961771,1183219076835873278
25525079,1783962239,1002506265664160
25525099,1783962479,9975099750000000
25525139,1783962959,890225563909774436
25525320,1783965143,50000000000000000
25525424,1783966415,7373000000000000000
25525450,1783966727,4312305064081223
25525456,1783966799,5584000000000000000
25525497,1783967291,2170000000000000000
25525503,1783967363,88054597785996498
25525617,1783968731,71572270000000000
25525645,1783969067,2200000000000000000
25525656,1783969199,3207000000000000000
25525757,1783970411,10025062656641604
25525774,1783970615,802005012531328
25525847,1783971491,10025062656641604
25525856,1783971599,2094132810656310203
25525916,1783972319,240601503759398496
25525919,1783972355,3041402623100846406
25525923,1783972403,50893710000000000
25525979,1783973075,4270506710068986816
25526107,1783974611,2320673010052484
25526130,1783974887,2500000000000000
25526589,1783980407,210526315789473684
25526607,1783980623,528159646823230
25526638,1783981007,1500000000000000000
25526651,1783981163,426712375000000000
25526679,1783981499,328152900000000000
25526699,1783981739,327102643000000000
25526725,1783982051,316303640000000000
25526753,1783982387,294693730000000000
25526774,1783982639,364270000000000000
25526801,1783982963,313629162000000000
25526822,1783983215,7000000000000000
25526833,1783983347,362236490300000000
25526911,1783984283,353478239300000000
25527003,1783985387,7720000000000000000
25527038,1783985807,6723278055132514097
25527187,1783987595,7000000000000000
25527281,1783988723,1700000000000000000
25527368,1783989767,1203293454374944075
25527457,1783990847,179706719299552617
25527477,1783991087,3500000000000000000
25527645,1783993103,1253580007926997078
25527656,1783993235,1842590127577582646
25527668,1783993379,1395431221482081803
25527674,1783993451,2005012531328320802
25527969,1783997027,133481376674236
25528218,1784000015,501253132832080200
25528324,1784001287,1704260651629072681
25528366,1784001791,2224000000000000000
25528445,1784002739,998496510657033916
25528469,1784003027,890000000000000000
25528481,1784003171,989082100958199408
25528490,1784003279,330827067669172932
25528509,1784003507,2355889724310776942
25528572,1784004275,10025062656641604010
25528583,1784004407,362907268170426065
25528916,1784008415,8416150043773954
25529133,1784011031,8000000000000000
25529324,1784013335,15756202563797162
25529361,1784013779,247933371387841800
25529493,1784015363,12531328320802005
25529513,1784015603,619680647822695139
25529518,1784015663,554395061362545000
25529533,1784015843,12431077694235588
25529558,1784016143,7500000000000000
25529656,1784017319,5000000000000000
25529772,1784018735,2000000000000000
25529938,1784020727,537409474819338294
25529993,1784021387,1000000000000000000
25530039,1784021939,32399484214398000000
25530041,1784021963,21265315753073033
25530093,1784022587,5012531328320802
25530132,1784023055,3120000000000000000
25530133,1784023067,2506265664160401
25530140,1784023151,2000000000000000
25530169,1784023499,50000000000000000
25530169,1784023499,110275689223057644
25530178,1784023607,500000000000000000
25530190,1784023751,100000000000000000
25530237,1784024327,100000000000000000
25530239,1784024351,5012531328320802
25530246,1784024435,30000000000000000
25530249,1784024471,1000000000000000
25530259,1784024591,10025062656641604
25530268,1784024699,30000000000000000
25530314,1784025251,6761757858788776
25530349,1784025671,40000000000000000
25530395,1784026223,59827704586508843
25530522,1784027747,34364912280701754
25530579,1784028431,30075187969924812
25530719,1784030123,303240000000000000
25530736,1784030327,701754385964912280
25530857,1784031779,70000000000000000
25530860,1784031815,2618463746600732
25530939,1784032775,5735443593967074650
25530956,1784032979,5500000000000000
25531167,1784035511,41668471177944862155
25531259,1784036615,1190000000000000
25531670,1784041595,791979949874686716
25531688,1784041811,3527535536288115000
25531703,1784041991,551378446115288220
25531705,1784042015,493427503753764600
25531778,1784042891,10980849777108328
25532043,1784046083,80200501253132832
25532128,1784047103,5000000000000000
25532143,1784047283,1010000000000000000
25532187,1784047823,8671679197994987468
25532304,1784049227,329959725239899559
25532334,1784049587,4000000000000000
25532340,1784049659,31000000000000000000
25532355,1784049839,1002506265664160401
25532378,1784050115,14000000000000000
25532496,1784051543,8998393242891812536
25532513,1784051747,1002506265664160401
25532648,1784053367,26000000000000000
25532669,1784053631,21544919831014136
25532859,1784055959,1824561403508771929
25532891,1784056343,10000000000000000
25532914,1784056619,260000000000000000
25532968,1784057267,2755413763932013888
25533123,1784059151,185323308270676691
25533266,1784060867,810000000000000000
25533319,1784061515,600000000000000000
25533514,1784063867,28428750000000000
25533607,1784064983,331292600000000000
25533622,1784065163,9985411972768041165
25533660,1784065619,347193560000000000
25533673,1784065775,437829160000000000
25533704,1784066147,382920000000000000
25533732,1784066483,351862000000000000
25533749,1784066687,402309730000000000
25533776,1784067011,749704458578875
25533795,1784067239,500000000000000000
25533912,1784068655,297531842695912912
25533937,1784068955,9000000000000000
25533989,1784069579,5000000000000000
25534007,1784069795,439800263847650496
25534022,1784069975,25023071652519429
25534043,1784070227,49575932362885760
25534270,1784072951,108852705857280000
25534390,1784074391,20551378446115288
25534418,1784074727,25000000000000000000
25534532,1784076095,5000000000000000
25534557,1784076395,846696641399090282
25534581,1784076683,1002506265664160401
25534600,1784076911,554543234019988055
25534652,1784077535,1503759398496240601
25534702,1784078135,1002506265664160401
25534785,1784079143,1950375939849624060
25534905,1784080583,523327790273814537
25534910,1784080643,405581632398181835
25534969,1784081363,550000000000000000
25534974,1784081423,31468114369401367
25535064,1784082515,1503759398496240601
25535297,1784085311,1200000000000000000
25535320,1784085587,359100000000000000
25535327,1784085671,3734650000000000000
25535336,1784085779,15000000000000000
25535338,1784085803,9317394703311471
25535371,1784086199,1000000000000000000
25535468,1784087375,200000000000000000
25535472,1784087423,4000000000000000000
25535572,1784088635,1000000000000000000
25535731,1784090543,8000000000000000
25535775,1784091071,12338975670006910
25535804,1784091419,10349916107712000
25536035,1784094203,288204987370363718
25536064,1784094551,2005012531328320
25536077,1784094707,26785964912280701
25536168,1784095799,16042105263157894736
25536168,1784095799,50097277363368864
25536421,1784098847,150000000000000000
25536543,1784100323,121030335085457060
25536593,1784100923,700000000000000000
25536925,1784104907,61605095480593055
25537124,1784107295,59850000000000000
25537138,1784107463,278720491935044749
25537149,1784107595,10025062656641604010
25537266,1784108999,10025062656641604
25537719,1784114447,4010025062656641
25537944,1784117147,210526315789473684
25537988,1784117675,2100000000000000000
25538049,1784118431,39720569738930209584
25538235,1784120675,3550000000000000000
25538266,1784121047,400000000000000000
25538299,1784121443,50125313283208020
25538299,1784121443,881887850623174174
25538811,1784127611,330324655839644700
25538843,1784127995,2500000000000000
25538918,1784128907,1900000000000000000
25538973,1784129567,161102756892230576
25539014,1784130059,10025062656641604
25539019,1784130119,10025062656641604
25539025,1784130191,10025062656641604
25539038,1784130347,10025062656641604
25539065,1784130671,14837092731829573
25539227,1784132627,1000000000000000000
25539297,1784133479,29466106302426336742
25539335,1784133935,38000000000000000
25539392,1784134619,2620000000000000000
25539413,1784134883,4000000000000000000
25539735,1784138771,14962500000000000000
25539769,1784139179,1032581453634085213
25539795,1784139491,1621470000000000000
25539799,1784139539,1066775920542188139
25539930,1784141111,798411371519970692
25539966,1784141543,4160401002506265
25540006,1784142023,10000000000000000
25540032,1784142335,110000000000000000
25540048,1784142527,14000000000000000
25540115,1784143331,1800000000000000
25540558,1784148671,4752900551729292727
25540677,1784150099,130325814536340852
25540775,1784151287,20000000000000000000
25540902,1784152811,559281446894508
25540932,1784153171,927873134656538093
25540942,1784153291,5399419321998971112
25540964,1784153555,5300000000000000000
25541127,1784155511,382309590000000000
25541150,1784155787,173327739348370927
25541153,1784155823,332674400000000000
25541203,1784156423,382456300000000000
25541209,1784156495,344829500000000000
25541217,1784156591,373429400000000000
25541253,1784157035,411940000000000000
25541284,1784157407,347834600000000000
25541295,1784157539,6000000000000000
25541339,1784158067,370000000000000000
25541441,1784159303,8987650000000000000
25541447,1784159375,22325966990674133
25541462,1784159555,2111116939447482065
25541490,1784159891,400000000000000000
25541596,1784161163,50000000000000000
25541722,1784162675,50000000000000000
25541751,1784163023,50125313283208020
25542025,1784166335,4246468423640418
25542133,1784167643,18000000000000000000
25542598,1784173223,3169100000000000000
25542713,1784174603,500000000000000000
25543043,1784178575,10000000000000000
25543065,1784178839,1030000000000000000
25543075,1784178959,100000000000000000
25543371,1784182511,40000000000000000
25543420,1784183099,100000000000000000
25543431,1784183231,500000000000000000
25543500,1784184059,10000000000000000
25543539,1784184539,103684769305904572
25543559,1784184779,10000000000000000
25543690,1784186375,50125313283208020
25543712,1784186639,45921335025520
25543788,1784187551,2406812080379224
25543802,1784187719,250626566416040100
25543925,1784189195,10025062656641604
25544323,1784193995,606516290726817042
25544447,1784195483,1020000000000000000
25544688,1784198387,10100439067593796
25544747,1784199095,15000000000000000000
25544955,1784201615,989473684210526315
25545374,1784206667,32346867167919799
25545396,1784206931,1000000000000000000
25545486,1784208011,3700000000000000000
25545836,1784212211,6000000000000000
25545875,1784212679,91755168875965272
25545882,1784212763,405641012757750052
25545926,1784213291,10000000000000000
25545964,1784213747,10025062656641604
25546030,1784214539,300751879699248120
25546087,1784215247,17600000000000000000
25546157,1784216087,17600000000000000000
25546180,1784216363,571428571428571428
25546235,1784217023,5000000000000000
25546321,1784218055,73118631620683231
25546689,1784222495,266696855869304306
25546706,1784222699,2922305764411027568
25546786,1784223659,30075187969924812
25546952,1784225651,80304575983607588
25547008,1784226323,2002231479493551150
25547014,1784226395,15054473624337679
25547030,1784226587,123763186227056578
25547096,1784227379,24060150375939849
25547250,1784229239,25062656641604010
25547283,1784229635,3308270676691729323
25547497,1784232227,1342112672964546192
25547577,1784233187,20313722794984652
25547806,1784235959,8785430000000000
25547832,1784236271,25062656641604010
25547893,1784237003,50125313283208020
25547959,1784237795,4920000000000000000
25548006,1784238359,50125313283208020
25548025,1784238587,4929714659030177831
25548077,1784239211,1027599186983434
25548158,1784240183,50125313283208020
25548164,1784240255,4000000000000000000
25548181,1784240459,11650000000000000000
25548481,1784244059,432678547000000000
25548491,1784244179,347642670000000000
25548518,1784244503,344678700000000000
25548585,1784245307,324783700000000000
25549774,1784259623,12293000000000000000
25550166,1784264339,5000000000000000000
25550486,1784268191,618502369893565976
25550539,1784268827,21972684972129115089
25550620,1784269799,15037593984962406015
25550706,1784270831,200000000000000000
25551035,1784274779,3112481203007518796
25551188,1784276615,2000000000000000
25551260,1784277479,9481147791129472
25551347,1784278523,2506265664160401002
25551519,1784280599,31233872143208632
25551710,1784282915,1503759398496240601
25551787,1784283839,272242431344647036
25551790,1784283875,802005012531328320
25551866,1784284799,124310776942355889
25551876,1784284919,140000000000000000
25551911,1784285339,10000000000000000
25551913,1784285363,115230003880611414
25551915,1784285387,1730000000000000000
25551995,1784286347,17000000000000000000
25552041,1784286899,100000000000000000
25552074,1784287295,1524220952133510534
25552125,1784287907,3982508142421232489
25552234,1784289215,1400000000000000000
25552261,1784289539,4189500000000000
25552275,1784289707,5441000000000000
25552310,1784290127,401002506265664160
25552395,1784291147,2451896361750186
25552400,1784291207,100000000000000
25552498,1784292395,3499632954580277372
25552573,1784293295,10000000000000000000
25552683,1784294615,34000000000000000000
25552706,1784294891,1649886000000000000
25552780,1784295803,20000000000000000000
25552788,1784295899,1498000000000000000
25552893,1784297159,84303923257073821
25552998,1784298419,1203007518796992481
25553268,1784301659,20000000000000000
25553282,1784301827,250000000000000000
25553485,1784304263,3519578529239222021
25553488,1784304299,1572058885526808407
25553509,1784304551,1500000000000000
25553528,1784304779,95438596491228070175
25553906,1784309315,670000000000000000
25553988,1784310299,2000000000000000
25553989,1784310311,250000000000000000000
25554087,1784311487,2005012531328320
25554138,1784312099,1238290127300000000
25554181,1784312615,23909280000000000
25554225,1784313143,158432051200816140
25554250,1784313443,6850682701625487
25554331,1784314415,3000000000000000
25554344,1784314571,1082706766917293233
25554384,1784315051,261456136565460000000
25554402,1784315267,25062656641604010
25554499,1784316431,1000000000000000000
25554592,1784317559,283000000000000000
25554766,1784319647,1162093577748368000
25554834,1784320475,17000000000000000000
25555161,1784324399,291720078381584475
25555302,1784326091,21707210998636366
25555312,1784326211,504767001100751
25555606,1784329763,412885000000000000
25555622,1784329955,387437000000000000
25555644,1784330219,352857834450000000
25555654,1784330339,319547600000000000
25555784,1784331911,270000000000000000000
25555793,1784332019,217760401002506265
25555907,1784333387,281661419257130264088
25555938,1784333759,3007518796992481203
25556104,1784335763,100250626566416040
25556290,1784337995,26381743358395989
25556656,1784342411,3199521627938516418
25556850,1784344751,12000000000000000
25557032,1784346959,418902164285480507
25557456,1784352071,51000000000000000
25557467,1784352203,11821000000000000000
25557791,1784356091,50000000000000000
25557962,1784358143,5531449029033216000
25558056,1784359271,5000000000000000
25558080,1784359559,900000000000000000
25558085,1784359619,9000000000000000
25558141,1784360291,12377396441036999
25558269,1784361839,160000000000000000
25558280,1784361971,10000000000000000
25558719,1784367263,2700000000000000
25558786,1784368067,1324420227391303577
25558837,1784368679,1085366986448621
25558948,1784370011,1002506265664160401
25559009,1784370743,20050125313283208
25559306,1784374319,280000000000000000
25559426,1784375759,1002506265664160401
25559560,1784377367,1712280701754385
25559979,1784382407,10000000000000000000
25560054,1784383319,53925501604659370
25560365,1784387075,32581453634085213
25560445,1784388035,32636834544575833
25560561,1784389427,15037593984962406
25560611,1784390027,580000000000000000
25560657,1784390579,3108000000000000000
25560767,1784391899,99750000000000
25560900,1784393495,500000000000000000
25560914,1784393663,1754385964912280701
25560979,1784394443,12531328320802005
25561023,1784394971,1000000000000000000
25561053,1784395331,4653164906120970
25561067,1784395499,11027568922305764
25561227,1784397431,2040763897649017727
25561520,1784400971,3217000000000000000
25561532,1784401115,3158000000000000000
25561538,1784401187,3254000000000000000
25561604,1784401979,90000000000000000
25561740,1784403611,400000000000000000
25561762,1784403875,100000000000000000
25561804,1784404391,1403508771929824561
25561881,1784405327,100250626566416040
25562001,1784406779,3301000000000000000
25562018,1784406983,3095000000000000000
25562026,1784407079,3207000000000000000
25562065,1784407547,3207000000000000000
25562126,1784408279,1002506265664160401
25562135,1784408387,5000000000000000
25562523,1784413079,3000000000000000000
25562568,1784413619,411685594300000000
25562622,1784414267,374892760000000000
25562629,1784414351,940000000000000000
25562636,1784414435,352321040000000000
25562693,1784415119,392119300000000000
25562740,1784415695,7379665174732196
25562782,1784416199,3246000000000000000
25562854,1784417063,3198982500000000000
25562880,1784417375,3246000000000000000
25562948,1784418203,61647780485877857
25562966,1784418419,1000000000000000
25562972,1784418491,11658745196351459
25563018,1784419043,40099939546362781
25563190,1784421131,4700000000000000000
25563239,1784421719,1950641613232046797
25563610,1784426183,24614475773000000
25563849,1784429063,3900000000000000
25563911,1784429819,2118240531409164
25564078,1784431823,180583206795505459
25564460,1784436431,179387034584673933
25564463,1784436467,7518796992481203
25564817,1784440739,151283697800000000
25564927,1784442095,91393867777144631
25565083,1784443967,37099749018081310
25565337,1784447027,1169479307568307571
25565347,1784447147,500485000000000000
25565357,1784447267,299179722644182014
25565442,1784448287,847083130032510000
25565926,1784454107,1180000000000000000
25566048,1784455583,1000000000000000
25566119,1784456435,47485921576140455
25566124,1784456495,63518022098944541
25566231,1784457791,1356100000000000
25566265,1784458199,49931099474078394
25566387,1784459675,34373980000000000
25566441,1784460323,17704913690000000
25566589,1784462099,21002898028139963867
25566904,1784465891,2005012531328320
25566938,1784466299,3200000000000000000
25566971,1784466707,80000000000000
25567088,1784468111,29395642764681199
25567449,1784472467,70175438596491228
25567577,1784474015,408566925935446149
25567904,1784477939,53525450000000000
25568075,1784479991,9716791979949874686
25568125,1784480591,1000000000000000000
25568221,1784481743,3000000000000000000
25568224,1784481779,50000000000000000
25568259,1784482211,9716791979949874686
25568599,1784486315,10000000000000000
25569028,1784491475,59762788734408000
25569189,1784493419,601503759398496240
25569466,1784496767,976279382514828376
25569569,1784498003,2500000000000000000
25569654,1784499023,375762315000601
25569696,1784499527,8870546867167919
25569702,1784499599,1813210378980000
25569727,1784499899,350877192982456140
25569769,1784500403,4463745414244666838
25569815,1784500955,220000000000000000
25570091,1784504279,388920000000000000
25570109,1784504507,54099248120300751
25570115,1784504579,393216700000000000
25570181,1784505371,351046400000000000
25570263,1784506355,349438500000000000
25570767,1784512415,1503759398496240601
25570851,1784513423,160401002506265664
25570856,1784513483,3293694531255781310
25571229,1784517983,1002506265664160
25571316,1784519039,49934651257464292
25571608,1784522555,7723000000000000000
25571692,1784523563,3552385725663619007
25571783,1784524655,88740350877192982
25571794,1784524787,400000000000000000
25571833,1784525291,35561699255740380
25571909,1784526203,5000000000000000
25572222,1784529959,107186703593988562
25572881,1784537903,5363000000000000
25572950,1784538731,1000000000000000000
25572955,1784538791,100250626566416040
25572965,1784538911,401002506265664160
25572989,1784539223,2146052454686928341
25573023,1784539631,20000000000000000
25573070,1784540195,38119936989880351
25573220,1784542007,863057114004021111
25573604,1784546615,650387879564068771
25573721,1784548019,758095238095238095
25574134,1784553011,5000000000000000
25574284,1784554811,2000000000000000
25574469,1784557067,23057644110275689
25574580,1784558399,2506265664160401
25574620,1784558879,34120388691025809
25574715,1784560031,19762918893605408
25574777,1784560775,1200000000000000000
25574806,1784561123,24362697887262408
25574811,1784561183,5006900197090405
25574891,1784562143,10233795545339026
25574899,1784562239,13577804159521611
25574997,1784563427,2503450098545202
25574997,1784563427,450684034371226789
25575071,1784564339,5012531328320802
25575180,1784565647,992481203007518796
25575257,1784566571,2005012531328320802
25575348,1784567675,5174740864394394803
25575479,1784569259,5499113415813869
25575655,1784571395,896906870621425146
25575677,1784571659,10430000000000000000
25575714,1784572103,3000000000000000000
25575923,1784574611,2294185699635003805
25576121,1784576999,2303759398496240601
25576226,1784578259,1603165677723650274
25576374,1784580047,2000000000000000
25576383,1784580155,20000000000000000
25576699,1784583947,49366794430554080
25576861,1784585903,68638356968869939
25576865,1784585951,54135338345864661
25576872,1784586035,31257560983732899
25576922,1784586635,200000000000000000
25577067,1784588375,1000000000000000
25577201,1784589983,1000000000000000
25577231,1784590343,363912580000000000
25577258,1784590667,389454400000000000
25577299,1784591159,50000000000000000
25577344,1784591699,1000000000000000
25577870,1784598047,13706547809503703312
25577996,1784599559,200000000000000000
25578081,1784600579,501253132832080200
25578115,1784600987,7000000000000000000
25578456,1784605091,496000000000000000
25578499,1784605607,10000000000000000
25578588,1784606675,31130123943577916
25578679,1784607767,10435579622369143
25578789,1784609099,9737926018450518
25578820,1784609471,5012531328320802005
25578891,1784610323,150375939849624060
25578934,1784610851,1283592369658035
25578979,1784611403,25062656641604010
25579067,1784612471,8020050125313283
25579197,1784614043,5232454540000000
25579239,1784614547,556892230576441102
25579277,1784615003,20000000000000000
25579361,1784616011,200000000000000000
25579633,1784619287,15000000000000000
25579753,1784620727,21520598818680029
25579786,1784621123,1503759398496240601
25580402,1784628539,110275689223057644
25580408,1784628611,1000000000000000000
25580408,1784628611,5012531328320802005
25580411,1784628647,1503759398496240601
25580449,1784629103,120000000000000000
25580451,1784629127,1142857142857142857
25580454,1784629163,10000000000000000
25580458,1784629211,51341300000000000
25580503,1784629751,210526315789473684
25580787,1784633159,10025062656641604
25580894,1784634455,561403508771929824
25580927,1784634851,10050188126959001
25581030,1784636087,20050125313283208
25581133,1784637323,114900000000000000
25581223,1784638403,10025062656641604
25581462,1784641283,20000000000000000
25581505,1784641799,5012531328320802005
25581545,1784642279,3207000000000000000
25581551,1784642351,3142000000000000000
25581570,1784642579,3315000000000000000
25581575,1784642639,3195000000000000000
25581585,1784642759,3255000000000000000
25581594,1784642867,3076000000000000000
25581613,1784643095,40000000000000000
25581633,1784643335,218031209381290388
25581802,1784645363,3319000000000000000
25581811,1784645471,3207000000000000000
25581867,1784646143,329761834162002365
25582125,1784649251,1000000000000000
25582335,1784651783,104567244439348
25582402,1784652587,168793950449744304
25582493,1784653679,20000000000000000
25582589,1784654843,6022867321502916482
25582679,1784655923,4000000000000000
25582822,1784657639,10025062656641604
25583110,1784661107,313112781954887218
25583127,1784661311,20874185463659147
25583345,1784663927,132599999999999996
25583579,1784666783,102257355902938200
25583625,1784667335,25062656641604010
25583729,1784668583,1000000000000000000
25583793,1784669351,10000000000000000
25584058,1784672531,10025062656641604
25584372,1784676311,3993599999999999817
25584536,1784678291,381893600000000000
25584579,1784678807,442287168300000000
25584598,1784679035,431268466260000000
25584633,1784679455,437835750000000000
25584835,1784681891,150375939849624060
25584846,1784682023,20050125313283208
25584933,1784683067,601503759398496240
25585005,1784683931,1002506265664160401
25585016,1784684063,2005012531328320802
25585098,1784685047,18000000000000000000
25585104,1784685119,1002506265664160401
25585146,1784685623,1108419548872180451
25585306,1784687591,400000000000000000
25585383,1784688515,342266966159831
25585422,1784688983,1000000000000000000
25585497,1784689883,10025062656641604
25585684,1784692127,21545400000000000
25585720,1784692559,5912400000000000000
25585770,1784693159,5200000000000000
25585871,1784694383,5448612209577981
25585898,1784694707,330825708310304736
25586191,1784698223,6235865590950184
25586323,1784699807,12947832344856840
25586435,1784701151,120000000000000
25586443,1784701247,501253132832080200
25586730,1784704691,100000000000000000
25586777,1784705255,1472708651153367188
25586830,1784705903,6000000000000000
25587035,1784708375,3500000000000000
25587446,1784713319,1010000000000000000
25587509,1784714075,272317500000000000
25587879,1784718563,2000000000000000000
25587934,1784719235,119566273798523567
25587990,1784719907,100000000000000000
25588216,1784722655,5729000000000000000
25588235,1784722883,84166211169865
25588246,1784723015,90000000000000000
25588255,1784723123,15293000000000000000
25588592,1784727203,4300000000000000000
25588806,1784729783,300000000000000000
25588912,1784731055,2803574251692226
25588948,1784731487,2664401901589783
25589128,1784733683,11711489955396571
25589230,1784734919,2669388174586083092
25589242,1784735063,30000000000000000
25589259,1784735267,50125313283208020
25589371,1784736635,22901386513856832133
25589499,1784738171,71418783218084859
25589629,1784739731,2005012531328320802
25589688,1784740439,2005012531328320802
25589722,1784740847,501253132832080200
25589774,1784741483,2248290452002455
25589849,1784742383,464830858744860855
25590292,1784747735,1002506265664160
25590306,1784747903,501253132832080200
25590369,1784748659,110000000000000000
25590374,1784748719,20000000000000000
25590583,1784751251,268612000000000000
25590767,1784753459,1587519721995001
25590953,1784755715,8020050125313283
25591159,1784758211,1934218969168120
25591295,1784759843,144360902255639097
25591652,1784764127,393447807000000000
25591702,1784764727,378478000000000000
25591711,1784764835,501253132832080200
25591869,1784766731,556892230576441102
25591963,1784767859,36274079724435772
25592073,1784769179,390902067198070362
25592237,1784771147,5000000000000000
25592449,1784773703,20000000000000000
25592706,1784776787,1000000000000000
25592734,1784777123,200000000000000
25593031,1784780735,100000000000000000
25593149,1784782163,5000000000000000000
25593573,1784787287,366751040773071175822
25593649,1784788199,1002506265664160401
25593661,1784788343,53132832080200501253
25593833,1784790419,111191477095821900
25593843,1784790539,4010025062656641
25594140,1784794115,2506265664160401
25594218,1784795051,40000000000000000
25594361,1784796767,210526315789473684
25594411,1784797379,2000000000000000
25594885,1784803079,10025062656641604
25594939,1784803727,12000000000000000
25595023,1784804735,3194000000000000000
25595027,1784804783,3155000000000000000
25595154,1784806331,3301000000000000000
25595166,1784806475,3241000000000000000
25595173,1784806571,3186000000000000000
25595185,1784806715,3321000000000000000
25595373,1784809007,14035087719298245
25595598,1784811743,852130325814536340
25595677,1784812703,726009327180043278
25595992,1784816495,24487695306052035606
25596061,1784817323,55137844611528822055
25596158,1784818511,5000000000000000
25596208,1784819111,100250626566416040
25596375,1784821115,353873812162437641
25596527,1784822939,1266820183992859375
25596573,1784823491,53132832080200501253
25596620,1784824079,24437810000000000000
25596645,1784824379,20000000000000000
25596661,1784824571,30000000000000000
25596993,1784828555,53132832080200501253
25597124,1784830127,89403990109652825
25597303,1784832287,3208020050125313283
25597368,1784833067,55137844611528822055
25597634,1784836283,1102756892230576441
25597751,1784837687,68319079239154683
25597837,1784838731,160297828271777554
25597902,1784839523,56140350877192982456
25597964,1784840279,116252381802046719
25598274,1784844011,60150375939849624060
25598324,1784844611,1052296501254796
25598364,1784845091,233583959899749373
25598391,1784845415,34486215538847117794
25598395,1784845463,501253132832080200
25598407,1784845607,421037000000000000
25598437,1784845967,441837400000000000
25598504,1784846771,356110200000000000
25598506,1784846795,425026377920000000
25598522,1784846999,394582973000000000
25598557,1784847419,389418000000000000
25598572,1784847599,394912829000000000
25598580,1784847695,389162390000000000
25598596,1784847887,1002506265664160401
25598683,1784848967,11027568922305764411
25598778,1784850107,40100250626566416
25598836,1784850803,40100250626566416
25598843,1784850887,21502709998498598
25599520,1784859035,2791593169214194844
25599658,1784860703,2750000000000000
25600248,1784867783,802005012531328320
25600441,1784870123,5313283208020050
25600447,1784870195,1443609022556390977
25600586,1784871863,5000000000000000
25600599,1784872019,1694235588972431077
25600651,1784872643,5500000000000000000
25600838,1784874923,4907882333308149374
25600918,1784875883,250000000000000000
25600977,1784876591,500000000000000
25601242,1784879795,481203007518796992
25601244,1784879819,3000000000000000
25601517,1784883095,380000000000000000
25601577,1784883815,260651629072681
25601896,1784887655,8157010000000000
25602146,1784890655,622055137844611528
25602257,1784891987,338055485967011765
25602652,1784896739,150375939849624060
25602754,1784897963,40000000000000000
25602766,1784898107,20000000000000000
25603047,1784901479,850000000000000000
25603086,1784901947,400000000000000000
25603109,1784902223,300000000000000000
25603114,1784902283,10025062656641604
25603146,1784902667,10025062656641604
25603292,1784904419,20050125313283208020
25603483,1784906723,25000000000000000000
25603551,1784907539,22055137844611528
25603707,1784909411,109273182957393483
25603730,1784909687,48962110183519224856
25603769,1784910155,819599328212641351
25603770,1784910167,100000000000000000
25603845,1784911067,5000000000000000
25604439,1784918207,500000000000000000
25604519,1784919179,1002506265664160401
25604538,1784919407,73182957393483709273
25604571,1784919803,3641584532500159
25604605,1784920211,500000000000000
25604740,1784921831,100000000000000
25604868,1784923379,100000000000000
25604881,1784923535,7026805156156034
25604980,1784924723,3767754895811000
25604987,1784924807,30075187969924812
25605009,1784925071,1643201230000000
25605137,1784926607,1200000000000000000
25605297,1784928527,4204000000000000000
25605380,1784929523,50000000000000000
25605406,1784929835,2617379858576625570
25605413,1784929919,50000000000000000
25605504,1784931011,1109751215737503
25605982,1784936759,270000000000000000
25606082,1784937959,402825839000000000
25606147,1784938739,418393628000000000
25606156,1784938847,418736289000000000
25606175,1784939075,394667860000000000
25606344,1784941103,1002506265664160401
25606409,1784941883,4612000000000000000
25606450,1784942375,1002506265664160401
25606742,1784945891,12000000000000000000
25607059,1784949707,95238095238095238
25607288,1784952467,1496250000000000
25607441,1784954303,1000000000000000000
25607483,1784954807,38083781986500000000
25607589,1784956079,5000000000000000
25607641,1784956703,2609000000000000000
25607672,1784957075,15000000000000000
25607721,1784957663,53548580859446141
25607783,1784958407,601503759398496
25607795,1784958551,4411027568922305
25607865,1784959391,319939000000000000
25607937,1784960267,400000000000000000
25608387,1784965703,174436090225563909
25608766,1784970263,34078797563706756
25608819,1784970899,802005012531328320
25608838,1784971127,3007518796992481203
25608999,1784973059,29859131841030297
25609119,1784974499,1290000000000000000
25609229,1784975819,100000000000000000
25609564,1784979863,2000000000000000000
25609577,1784980019,30000000000000000
25609641,1784980787,500000000000000
25609651,1784980919,3000000000000000
25609655,1784980967,5000000000000000
25609679,1784981267,200000000000000000
25609680,1784981279,401002506265664160
25609696,1784981471,61189557857781470
25609740,1784981999,4000000000000000
25609760,1784982239,220000000000000000
25609778,1784982455,57000000000000000
25609856,1784983391,100250626566416040
25609932,1784984303,4992481203007518796
25610107,1784986403,10000000000000000
25610150,1784986919,3000000000000000
25610170,1784987159,100000000000000000
25610265,1784988311,100000000000000000
25610390,1784989811,22000000000000000
25610606,1784992403,1000625938108575762
25611037,1784997587,1000000000000000000
25611189,1784999411,4937080390085266421
25611299,1785000731,3500000000000000000
25612019,1785009383,30000000000000000
25612057,1785009839,39200000000000000000
25612106,1785010427,2782651812389278457
25612253,1785012203,1002506265664160
25612295,1785012707,610000000000000000
25612305,1785012827,2500000000000000
25612313,1785012923,200501253132832080
25612371,1785013619,40000000000000000
25612523,1785015455,8140702775178143
25612534,1785015587,44488500000000000
25612671,1785017255,2005012531328320802
25612684,1785017411,605115165667428
25612802,1785018827,102485000000000000
25612814,1785018971,357138235808300305
25613001,1785021215,8000000000000000000
25613566,1785028007,272000000000000000
25613824,1785031115,8718273609784055
25613837,1785031271,100000000000000000
25614239,1785036095,14998876000000000000
25614266,1785036419,17123211341000000000
25614293,1785036743,12343545000000000000
25614294,1785036755,1000000000000000000
25614343,1785037343,9480000000000000000
25614383,1785037823,1000000000000000
25614799,1785042815,250626566416040100250
25615236,1785048071,10000000000000000
25615624,1785052727,44484599889590803
25615827,1785055175,2407846939540298020
25615880,1785055811,5000000000000000000
25615990,1785057131,1000000000000000000
25615999,1785057239,1500000000000000
25616134,1785058859,221553884711779448
25616237,1785060095,290726817042606516
25616585,1785064331,10025062656641604
25616621,1785064763,1002506265664160401
25616705,1785065771,10025062656641604
25617094,1785070463,1000000000000000000
25617249,1785072323,31688180191533569
25617317,1785073139,4250000000000000000
25617357,1785073619,69104177008564898
25617377,1785073859,10000000000000000
25617398,1785074111,5000000000000000000
25617774,1785078623,250000000000000000
25617776,1785078647,314680462179105262
25617789,1785078803,7972500000000000
25617837,1785079379,5303258145363408521
25617850,1785079535,5714285714285714285
25618095,1785082475,16000000000000000
25618280,1785084695,150000000000000000
25618366,1785085739,20000000000000000
25618558,1785088043,50000000000000000
25618818,1785091175,6990569022556390977
25618866,1785091751,200000000000000000
25618891,1785092051,210000000000000000
25618965,1785092939,10000000000000000000
25619044,1785093887,501253132832080200
25619058,1785094055,6713836327229235
25619294,1785096887,1052631578947368
25619333,1785097355,28571428571428571428
25619352,1785097583,3000000000000000
25619436,1785098615,3000000000000000
25619616,1785100775,53000000000000000
25619652,1785101207,10025062656641604
25619699,1785101771,610000000000000000
25619858,1785103691,187285600796504137
25619869,1785103823,469269475573413
25619900,1785104195,519047912977938779
25619901,1785104207,11438596491228070175
25619906,1785104267,1180000000000000000
25619931,1785104567,61783792812030075187
25620120,1785106835,35087719298245614
25620204,1785107843,52000000000000000
25620601,1785112607,50125313283208020
25620614,1785112763,23442163040912508
25620750,1785114395,90000000000000000
25620760,1785114515,1290000000000000000
25621037,1785117839,178300000000000000
25621255,1785120467,12314130000000000
25621370,1785121859,1503759398496240601
25621416,1785122411,500897051935191337
25621418,1785122435,154878226411247229
25621594,1785124547,370000000000000000
25621621,1785124871,46183582753230000000
25621670,1785125459,9528149491882000
25621691,1785125711,2960820450710796435
25621770,1785126659,390977443609022556
25621812,1785127175,20050125313283208
25622048,1785130007,6711852626208976
25622167,1785131471,380952380952380952
25622647,1785137255,5063839740503356562
25622701,1785137915,177355388471177944
25622747,1785138467,5000000000000000
25622887,1785140147,148328467472855532
25623001,1785141515,5012531328320802
25623007,1785141587,4999740000082824874
25623044,1785142031,46099142618934906497
25623118,1785142931,35172419352287270
25623177,1785143639,6492607780014090000
25623194,1785143843,10025062656641604
25623270,1785144755,982456140350877192
25623349,1785145715,4137238465251857153
25623349,1785145715,289724310776942355
25623729,1785150311,318851000000000000
25624095,1785154703,31087719298245614035
25624304,1785157223,17466130262000000
25624347,1785157739,586466165413533834
25624701,1785161999,10025062656641604
25624733,1785162383,24241558808039328
25624794,1785163127,764111492361105000
25624881,1785164183,10025062656641604
25624918,1785164627,17972306959197359
25624932,1785164795,10000000000000000000
25625007,1785165695,26401844209521296
25625157,1785167495,23350972475235387
25625167,1785167615,3007518796992481203
25625293,1785169139,27758540044253810
25625383,1785170219,20000000000000000000
25625415,1785170603,32319337069689113
25625608,1785172919,15000000000000000
25625618,1785173039,656891262643675816
25625641,1785173315,8020050125313283
25625703,1785174059,601503759398496
25626042,1785178151,1561721592259417658
25626051,1785178259,22055137844611528
25626053,1785178283,600000000000000000
25626349,1785181847,516823000000000000
25626447,1785183023,933210000000000000
25626492,1785183563,200000000000000000
25626552,1785184283,10000000000000000
25626561,1785184391,9771899844969492
25626672,1785185723,102022688796838977
25626718,1785186275,60276003291436611
25626740,1785186539,2606516290726817042
25626754,1785186707,501253132832080200
25626769,1785186887,1864661654135338345
25626837,1785187703,500000000000000000
25626878,1785188207,550000000000000000
25626890,1785188351,1002506265664160401
25626985,1785189491,214536340852130325
25626995,1785189611,802005012531328320
25627157,1785191555,52013543859649122
25627166,1785191663,100250626566416040
25627212,1785192215,902255639097744360
25627237,1785192515,1002506265664160401
25627264,1785192839,3980000000000000
25627314,1785193463,1002506265664160401
25627374,1785194183,1002506265664160401
25627605,1785196979,328318615860801
25627719,1785198359,300751879699248120
25627766,1785198923,3000000000000000
25627785,1785199151,44176125000000000
25628116,1785203147,13478696741854636
25628144,1785203483,45176047683109419554
25628257,1785204839,2012236000000000000
25628364,1785206123,2108145214088119
25628634,1785209387,5318000000000000
25628651,1785209591,501253132832080200
25628805,1785211451,26679014438911584
25628959,1785213311,10000000000000000000
25628998,1785213779,1000000000000000000
25629041,1785214295,6700000000000000
25629169,1785215831,20050125313283208
25629198,1785216179,50000000000000000000
25629791,1785223331,1002506265664160401
25629953,1785225287,5000000000000000000
25629995,1785225791,7806050000000000
25630029,1785226199,48680853357037540000
25630094,1785226979,90626566416040100
25630293,1785229367,159392817798114567
25630351,1785230063,40874367234125600000
25630920,1785236891,164585735334065482
25630935,1785237071,615332238835728220
25631043,1785238367,5000000000000000000
25631126,1785239375,20000000000000000000
25631426,1785242975,3000000000000000
25631490,1785243743,13068669255129539
25631580,1785244823,4010025062656641
25631585,1785244883,27433656908224039
25631645,1785245603,3000000000000000000
25631717,1785246479,4971557726077836071
25631753,1785246923,1002506265664160
25631761,1785247019,2000000000000000000
25631766,1785247079,525296857587705000
25631887,1785248531,36649933068350543
25632001,1785249899,1002506265664160
25632005,1785249959,198463623821331299
25632072,1785250763,9975000000000000
25632099,1785251087,5000000000000000
25632105,1785251159,130000000000000000
25632164,1785251879,519892901031747392
25632300,1785253523,359533446181050043
25632360,1785254243,7978921580457870000
25632432,1785255107,550000000000000000
25632468,1785255539,1000000000000000000
25632550,1785256535,1002506265664160401
25632805,1785259631,5013932140350877192
25632833,1785259967,526315789473684210
25632851,1785260183,2005012531328320
25632900,1785260771,82005012531328320802
25632903,1785260807,12669162848580120
25632919,1785260999,4120000000000000000
25633398,1785266759,697269451889725
25633625,1785269495,12000000000000000000
25633680,1785270155,15002421769905310706
25633793,1785271511,1150000000000000000
25633857,1785272279,1503759398496240601
25634054,1785274667,5076650310878895000
25634096,1785275171,306146829795374244
25634166,1785276011,394622485962586
25634365,1785278411,83757864661654135
25634390,1785278711,2506265664160401
25634393,1785278747,4760000000000000000
25634397,1785278795,8241240000000000000
25634482,1785279827,500000000000000
25634593,1785281159,1002506265664160401
25634862,1785284387,1002506265664160
25634872,1785284507,979329318319591086
25634892,1785284747,6163000000000000000
25635040,1785286547,4402094626774331023
25635047,1785286631,1995000000000000
25635054,1785286715,695711515882829458
25635477,1785291803,1678832844534064591
25635549,1785292667,140000000000000000
25635557,1785292763,1000000000000000000
25635635,1785293711,500000000000000
25635860,1785296411,500000000000000
25636127,1785299627,100250626566416040
25636328,1785302051,108270676691729323
25636448,1785303503,1002506265664160
25636840,1785308267,1666000000000000000
25636869,1785308615,300751879699248120
25636949,1785309575,309730194305919763
25636953,1785309623,1550000000000000000
25636975,1785309887,178225488065231786
25636986,1785310019,53872681704260651
25637105,1785311447,125313283208020
25637368,1785314603,500000000000000000
25637391,1785314879,120000000000000000
25637413,1785315143,14962500000000000
25637430,1785315347,313838120104000000
25637584,1785317195,2115288220551378446
25637593,1785317303,10000000000000000000
25637600,1785317387,3037593984962406015
25637667,1785318191,2307474186993140602
25637871,1785320663,100000000000000000
25638012,1785322355,10025062656641604
25638091,1785323303,1994625627373730819
25638116,1785323603,80822055137844611
25638117,1785323615,490000000000000000
25638468,1785327827,2000000000000000000
25638524,1785328499,601503759398496240
25638581,1785329183,9690340250418232
25638686,1785330443,32263659147869674
25638756,1785331283,50125313283208020
25638786,1785331655,50125313283208020
25638787,1785331667,24164411027568922
25638789,1785331691,50125313283208020
25638928,1785333359,29920401002506265
25638953,1785333659,600000000000000000
25639050,1785334823,765574549345568012
25639188,1785336503,1020000000000000000
25639194,1785336575,755536437143063178
25639303,1785337883,80200501253132832080
25639354,1785338495,1000000000000000000
25639370,1785338687,3000000000000000
25639382,1785338831,100000000000000000
25639389,1785338915,27766416040100250
25639406,1785339119,501253132832080200
25639473,1785339935,1400000000000000000
25639589,1785341327,61211095130042053825
25639765,1785343439,250000000000000000
25639860,1785344579,18546365914786967
25639983,1785346055,2998481135569727892
25640011,1785346391,3297683076426706926
25640091,1785347351,4240000000000000000
25640099,1785347447,61629333330000000000
25640174,1785348347,6531407162000000
25640210,1785348779,40000000000000000
25640392,1785350963,1850386343363882291
25640529,1785352631,93622375877454061
25640547,1785352847,100250626566416040
25640630,1785353843,10569884711779448
25640633,1785353879,43734000000000000000
25640663,1785354239,140350877192982456
25640756,1785355367,5000000000000000000
25640772,1785355559,5012531328320802
25640816,1785356087,7000000000000000000
25640839,1785356363,42515087719298245
25641083,1785359315,4064376062907570632
25641100,1785359519,4162079122264626235
25641138,1785359975,651629072681704
25641255,1785361391,100250626566416040
25641299,1785361931,1002506265664160401
25641698,1785366719,10025062656641604
25641708,1785366839,5012531328320802
25641787,1785367787,545254261909737646
25641790,1785367823,10000000000000000
25642114,1785371735,3000000000000000000
25642352,1785374591,1002506265664160401
25642353,1785374603,15270000000000000000
25642403,1785375203,5012531328320802005
25643005,1785382427,8000000000000000
25643025,1785382667,1503759398496240601
25643188,1785384623,190000000000000002
25643244,1785385295,46237446103663332
25643592,1785389483,7157240871602565310
25643783,1785391787,1720587468671679197
25643811,1785392123,150375939849624060
25643820,1785392231,3000000000000000
25644217,1785396995,401002506265664
25644223,1785397067,25000000000000000
25644281,1785397763,401002506265664
25644353,1785398627,50000000000000000
25644413,1785399347,200000000000000000
25644534,1785400799,3131692540307424535
25644585,1785401411,1253132832080200501
25644636,1785402023,6275000000000000000
25644645,1785402131,10000000000000000
25644759,1785403511,12781954887218045112
25644861,1785404735,25000000000000000
25644942,1785405707,361177610453635074
25644956,1785405875,9540000000000000000
25644979,1785406151,213597431458254488
25645048,1785406979,4010025062656641604
25645061,1785407135,19500000000000000
25645096,1785407555,2205513784461152882
25645107,1785407687,5513784461152882205
25645110,1785407723,501253132832080200
25645113,1785407759,4500000000000000000
25645117,1785407807,12701488603472000
25645118,1785407819,6526809476055805
25645134,1785408011,120000000000000000
25645142,1785408107,1995000000000000
25645150,1785408203,1608620000000000000
25645201,1785408815,2506265664160401002
25645255,1785409475,2000000000000000000
25645265,1785409595,3734560210000000000
25645271,1785409667,70175438596491228
25645404,1785411263,57907316849400000000
25645572,1785413279,3208000000000000000
25645581,1785413387,3327000000000000000
25645586,1785413447,3197000000000000000
25645590,1785413495,3068000000000000000
25645713,1785414983,3253000000000000000
25645724,1785415115,3342000000000000000
25645731,1785415199,3169000000000000000
25645756,1785415499,7017543859649122807
25645792,1785415931,3307000000000000000
25645867,1785416831,3218000000000000000
25645971,1785418079,27400000000000000
25646277,1785421763,1102756892230576441
25646484,1785424259,3000000000000000
25646744,1785427391,20000000000000000
25646757,1785427559,1995000000000000
25646777,1785427799,7500000000000000000
25646806,1785428159,220000000000000000
25646912,1785429431,3000000000000000
25646930,1785429647,1385964912280701754
25647174,1785432587,383266072843945515
25647194,1785432827,10515875418000000
25647267,1785433715,3000000000000000
25647367,1785434915,3208020050125313283
25647375,1785435011,11067498746867167
25647431,1785435695,13066666666666666666
25647529,1785436883,67167500000000000000
25647563,1785437315,47514397733676782
25647600,1785437759,3000000000000000000
25647716,1785439151,1500000000000000000
25647719,1785439187,186413589473660935
25647899,1785441371,2000000000000000000
25647912,1785441527,5728104722960282912
25647987,1785442427,2898436222846654
25648128,1785444131,30000000000000000
25648136,1785444227,3550472180451127
25648187,1785444839,512607797260511021
25648260,1785445727,70000000000000000
25648365,1785446999,782438999999999996
25648384,1785447239,260651629072681704
25648454,1785448091,263106472686250703
25648518,1785448859,1687316398089744
25648579,1785449591,60000000000000000
25648727,1785451367,14401295735431372
25648740,1785451523,275104880803922314
25648761,1785451775,261248129573144694
25648777,1785451979,5000000000000000
25648888,1785453323,75376410952192511
25648892,1785453371,900000000000000
25648910,1785453587,225563909774436
25648931,1785453839,1904761904761904
25648980,1785454427,140350877192982456
25649078,1785455615,5112781954887218
25649206,1785457151,5012531328320802
25649222,1785457343,100000000000000000
25649307,1785458375,172892013781322244
25649330,1785458651,550000000000000000
25649343,1785458807,1002506265664160401
25649426,1785459803,2595986141052107318
25649467,1785460295,13976201524461852600
25649675,1785462803,2005012531328320
25649897,1785465479,100000000000000000
25649923,1785465791,10357803319059365
25650017,1785466919,10542165413533834
25650235,1785469559,13032581453634085213
25650278,1785470075,108270676691729323
25650361,1785471071,400000000000000000
25650578,1785473687,5513784461152882205
25650917,1785477755,5300000000000000000
25651116,1785480143,401002506265664
25651727,1785487499,10025062656641604010
25651773,1785488051,300751879699248120
25651855,1785489035,100000000000000000
25651955,1785490235,300000000000000000
25652057,1785491471,5000000000000000000
25652068,1785491603,5166628560168517002
25652288,1785494255,5000000000000000000
25652373,1785495275,867053744318311139
25652499,1785496787,5210784412280300000
25652533,1785497195,6400000000000000000
25652612,1785498143,20000000000000000
25652726,1785499511,3204618145363408
25652741,1785499691,16741854636591478
25652797,1785500363,450000000000000000
25652863,1785501155,10297805714285714
25652925,1785501899,10298515789473684
25652999,1785502787,47461008821400062
25653066,1785503591,10214849022556390
25653289,1785506291,1000000000000000000
25653361,1785507155,250000000000000000
25653376,1785507335,165413533834586466
25653450,1785508223,408957356477613770
25653578,1785509759,150000000000000000
25653707,1785511307,600000000000000000
25653788,1785512279,99248120300751879699
25653968,1785514439,273695000000000000
25653988,1785514691,174366032950111584
25654105,1785516095,571156233120761542
25654258,1785517943,1735461767826429620
25654506,1785520943,512300000000000000
25654520,1785521111,527334895616163296
25654596,1785522023,244300000000000000000
25654651,1785522683,17737249108062979603
25654852,1785525119,7454342229980939
25654902,1785525719,10000000000000000
25654919,1785525923,500000000000000000
25654995,1785526835,501237000000000000
25655072,1785527759,510000000000000000
25655188,1785529151,3007518796992481
25655195,1785529235,415473125758808396
25655297,1785530459,5375849624060150
25655299,1785530483,500000000000000000
25655585,1785533915,270000000000000000
25655830,1785536855,7000000000000000000
25655838,1785536951,7989060000000000
25655882,1785537479,10733490000000000
25656093,1785540011,70000000000000000
25656128,1785540431,171921715461509453
25656142,1785540599,111618650660293294
25656143,1785540611,950126539674494797
25656170,1785540935,6970553764174796
25656182,1785541079,69532141717714760
25656232,1785541679,8076882205513784
25656283,1785542291,1148581453634085
25656311,1785542627,850000000000000000
25656364,1785543263,62667500000000000
25656512,1785545051,75076710000000000
25656604,1785546155,100000000000000000
25656618,1785546323,10025062656641604
25656831,1785548891,77894736842105263
25656858,1785549227,13373000000000000000
25656952,1785550355,1995071740014416642
25657315,1785554723,100000000000000000
25657374,1785555443,12163408521303258
25657934,1785562175,2800000000000000000
25657944,1785562295,4012168421052631578
25657969,1785562595,1500000000000000000
25658563,1785569747,890152720430535902
25658924,1785574091,99417137528536961
25659074,1785575891,2500000000000000
25659476,1785580715,100000000000000000
25659514,1785581171,1900000000000000000
25659600,1785582203,93812531328320802
25660202,1785589439,1500000000000000000
25660215,1785589595,4838300000000000000
25660220,1785589655,31180708663890301
25660254,1785590063,55137844611528822
25660291,1785590507,4837906592818895125
25660321,1785590867,20050125313283208
25660398,1785591791,5022581516447760
25660479,1785592763,1050000000000000000
25660550,1785593615,21453634085213032
25660676,1785595139,20000000000000000
25660685,1785595247,10827067669172932330
25660874,1785597515,180000000000000000
25660937,1785598271,100000000000000000
25661144,1785600755,754545200000000000
25661333,1785603023,23601276252546567
25661365,1785603467,1500000000000000000
25661365,1785603467,51400808461134972
25661387,1785603743,1000000000000000000
25661572,1785605975,23159418112102519
25661575,1785606011,7532000000000000000
25661653,1785606971,650252118484316362
25661675,1785607235,829900000000000000
25661713,1785607691,10000000000000000
25661758,1785608231,6015037593984962406
25661806,1785608807,9691300000000000000
25661847,1785609299,39161670216486831
25662144,1785612875,3007518796992481
25662170,1785613187,3007518796992481
25662241,1785614051,593269667898291
25662742,1785620063,50000000000000000
25662871,1785621611,404639737542436
25662938,1785622415,65015090000000000
25663168,1785625175,35200000000000000
25663332,1785627155,48961630000000000
25663438,1785628427,426189300000000000
25663474,1785628871,425291000000000000
25663491,1785629075,459275397300000000
25663531,1785629555,420639000000000000
25663561,1785629915,396492600000000000
25663567,1785629987,1394001678365730000
25663649,1785630971,20000000000000000
25663758,1785632291,35272290842241025
25663936,1785634427,30075187969924812
25664451,1785640607,53000000000000000
25664750,1785644195,10283042140245977
25664841,1785645287,2645420062656641604
25664915,1785646187,200000000000000000
25665434,1785652427,800000000000000044
25665450,1785652619,13327561538585074
25665509,1785653327,55680841660883
25665534,1785653627,3035921779369477
25665592,1785654323,560000000000000000
25665947,1785658607,2281785239000312856
25666172,1785661319,300000000000000000
25666246,1785662207,2000000000000000
25666396,1785664031,1500000000000000000
25666442,1785664583,20000000000000000
25666468,1785664895,2000000000000000
25666516,1785665471,3114004597307639
25666524,1785665579,277000000000000000
25666668,1785667307,500000000000000000
25666916,1785670283,110275689223057644
25667243,1785674243,1239061158190008
25667253,1785674363,452910052130325814
25667272,1785674591,21123419002736848
25667439,1785676595,10000000000000000
25667461,1785676859,528219480251380148
25667489,1785677195,10000000000000000
25667516,1785677519,1503759398496240601
25667564,1785678095,3843156526374926123
25667632,1785678923,22466304556082190
25667882,1785681959,1498983109007078931
25668026,1785683687,3248000000000000000
25668030,1785683735,3195000000000000000
25668033,1785683771,3316000000000000000
25668039,1785683843,3176000000000000000
25668043,1785683891,500000000000000000
25668044,1785683903,3291000000000000000
25668053,1785684011,3088000000000000000
25668058,1785684071,3317000000000000000
25668065,1785684155,3192000000000000000
25668073,1785684251,3361000000000000000
25668080,1785684335,3209000000000000000
25668086,1785684407,3326000000000000000
25668104,1785684623,3048000000000000000
25668250,1785686375,3062000000000000000
25668253,1785686411,62368113776372810
25668308,1785687071,1000000000000000
25668310,1785687095,816808587567151279
25668530,1785689747,5012531328320802
25668620,1785690827,2285468347155000
25668695,1785691727,6015037593984962406
25668698,1785691763,500000000000000000
25668768,1785692603,9576647760807126
25668860,1785693707,107354606516290726
25668925,1785694487,419800401589305
25669183,1785697583,50000000000000000000
25669199,1785697775,268253307497559006
25669232,1785698171,35690874187500
25669316,1785699179,3308270676691729323
25669537,1785701843,144253497684546
25669765,1785704603,2200000000000000000
25669901,1785706247,140380952380952380
25670021,1785707699,5300000000000000
25670058,1785708143,62524170000000000
25670743,1785716435,200000000000000000
25671079,1785720503,991420000000000000
25671150,1785721355,3508771929824561403
25671239,1785722423,411027568922305764
25671556,1785726239,902255639097744360
25671825,1785729491,401002506265664160
25671982,1785731375,750000000000000000
25671999,1785731579,7000000000000000
25672036,1785732023,174000000000000000
25672253,1785734627,10025062656641604
25672338,1785735647,10025062656641604
25672639,1785739283,2108914763752170
25672697,1785739991,28886344680379362
25673235,1785746483,32080200501253132
25673236,1785746495,96957860066257000
25673286,1785747095,38659649122807017
25673372,1785748127,34103739055785745
25673393,1785748379,10000000000000000
25673418,1785748679,10050125313283208
25673548,1785750239,26555388471177944
25673687,1785751907,2000000000000000
25673720,1785752303,15155230043188366
25673756,1785752735,3207000000000000000
25673772,1785752927,3124000000000000000
25673778,1785752999,300000000000000000
25673798,1785753239,3094000000000000000
25673800,1785753263,2500000000000000
25673805,1785753323,21553884711779448
25673824,1785753551,3231000000000000000
25673840,1785753743,3264000000000000000
25673849,1785753851,3349000000000000000
25673936,1785754895,217499749373433583
25674066,1785756467,400000000000000000
25674078,1785756611,7017543859649122
25674207,1785758159,601503759398496240
25674247,1785758639,1109642929029391072
25674301,1785759299,2000000000000000
25674306,1785759359,2460231890302546099
25674311,1785759419,29000000000000000
25674513,1785761843,2000000000000000
25674641,1785763379,1100578336071205495
25674656,1785763559,50125313283208020
25674852,1785765911,1060000000000000000
25675024,1785767975,58446115288220551378
25675029,1785768035,45000000000000000000
25675085,1785768707,3450000000000000000
25675210,1785770207,1300000000000000
25675414,1785772679,16000000000000000000
25675486,1785773543,1058922988940932929
25675537,1785774155,19950000000000000
25675570,1785774551,12000000000000000000
25675653,1785775547,100000000000000000
25675793,1785777227,6457015216732035
25675961,1785779243,67432850000000000
25676054,1785780359,78195488721804511278
25676086,1785780743,73318620000000000
25676167,1785781739,1005018812695900151
25676274,1785783035,150752821904385022
25676411,1785784679,861037036327157
25676436,1785784979,65000000000000000
25676504,1785785795,99750000000000000
25676598,1785786923,25000000000000000
25676834,1785789755,4010025062656641604
25676837,1785789791,380732155781133007
25677042,1785792251,80487940000000000
25677092,1785792851,101834460000000000
25677147,1785793511,1002506265664160401
25677223,1785794423,53677920000000000
25677223,1785794423,1532985300480481
25677242,1785794651,998537134176414943
25677359,1785796055,2000000000000000000
25677399,1785796535,99101202805906110
25677424,1785796835,193552949480003845
25677557,1785798443,3856402953896198947
25677627,1785799295,2305764411027568922
25677634,1785799379,1236808586910319564
25677658,1785799667,1499151331551000956
25677688,1785800027,1449288296134701218
25677699,1785800159,396370000000000000
25677710,1785800291,424339000000000000
25677772,1785801035,379252970000000000
25677815,1785801551,389281600000000000
25677828,1785801707,392578300000000000
25677844,1785801899,401672897000000000
25677864,1785802139,429268000000000000
25677885,1785802391,5000000000000000
25678028,1785804107,3883350533121974462
25678219,1785806411,60000000000000000
25678473,1785809471,3000000000000000
25678864,1785814199,3000000000000000
25678950,1785815231,4010025062656641604
25679244,1785818783,50000000000000000000
25679683,1785824051,44284711779448621
25679843,1785825971,500000000000000000
25679881,1785826427,10465864043058329
25680247,1785830819,49394745441460375
25680438,1785833123,15000000000000000
25680646,1785835631,2500000000000000
25680853,1785838115,100000000000000000
25680944,1785839207,2640436714125000
25681014,1785840047,2516290726817042606
25681069,1785840707,1000000000000000000
25681304,1785843539,20050125313283208
25681308,1785843587,11646631524570013
25681325,1785843791,5012531328320802005
25681442,1785845195,1403508771929824561
25681470,1785845543,14138035772275255
25681485,1785845723,2175438596491228070
25681690,1785848183,215000000000000000
25681864,1785850271,3000000000000000
25682012,1785852047,4511278195488721804
25682049,1785852491,266867167919799498
25682085,1785852923,310231881165842336
25682146,1785853655,2506265664160401002
25682152,1785853727,35575831724943548
25682162,1785853847,8000000000000000
25682162,1785853847,2506265664160401002
25682174,1785853991,2506265664160401002
25682204,1785854363,2506265664160401002
25682212,1785854459,2506265664160401002
25682236,1785854747,2506265664160401002
25682264,1785855083,2506265664160401002
25682298,1785855491,2506265664160401002
25682307,1785855599,330816821884711779
25682489,1785857783,50772096277715860
25682558,1785858611,100000000000000000
25682567,1785858719,100000000000000000
25682591,1785859007,15000000000000000
25682595,1785859055,362600039456335658
25682626,1785859427,130325814536340852
25682645,1785859655,2600000000000000
25682698,1785860291,110254274444643962
25682699,1785860303,200000000000000000
25682704,1785860363,80200501253132832
25682896,1785862667,10000000000000000
25682910,1785862835,6263659147869674
25683122,1785865391,89223057644110275689
25683229,1785866675,30000000000000000
25683292,1785867431,120915839598363409
25683338,1785867983,1000000000000000000
25683343,1785868043,3500000000000000
25683447,1785869291,500000000000000
25683494,1785869855,40100250626566416
25683548,1785870515,23057644110275689223
25683712,1785872483,180000000000000000
25683952,1785875363,2500000000000000
25684051,1785876551,22556390977443609022
25684064,1785876707,22556390977443609022
25684084,1785876947,150000000000000000
25684097,1785877103,3434858539501205335
25684104,1785877187,431153070646516
25684127,1785877463,50326302811949094
25684349,1785880163,3208020050125313
25684365,1785880355,236420000000000000
25684471,1785881639,540939371478994
25684485,1785881807,1662962758200000000
25684921,1785887063,427818920000000000
25684948,1785887387,421787000000000000
25684993,1785887927,385334600000000000
25685065,1785888803,383268460000000000
25685330,1785891983,44583741934557942
25685429,1785893171,1610000000000000000
25685550,1785894623,80000000000000000
25685617,1785895427,204762162338935974
25685767,1785897227,608475000000000000
25686254,1785903095,2523308270676691729
25687059,1785912803,6100000000000000000
25687211,1785914639,299999999999999989
25687385,1785916739,1000000000000000000
25687433,1785917315,1000000000000000000
25687566,1785918923,7017543859649122
25687610,1785919463,98737914168369000
25687988,1785924011,501253132832080200
25688584,1785931199,48320802005012531
25688693,1785932507,8914000000000000000
25688716,1785932783,540000000000000000
25688766,1785933383,200000000000000000
25688770,1785933431,6838225000000000
25688849,1785934379,1040000000000000000
25688863,1785934547,6000000000000000000
25689121,1785937655,10025062656641604
25689166,1785938195,9491027568922305
25689212,1785938759,3000000000000000
25689241,1785939107,3148012750000000
25689261,1785939347,5560000000000000
25689337,1785940259,1524685438093442
25689603,1785943475,29963767706334260
25689635,1785943859,100000000000000000
25689723,1785944927,1002506265664160401
25689814,1785946019,5012531328320802005
25689979,1785948011,5000000000000000
25690114,1785949631,1520000000000000000
25690263,1785951443,1002506265664160401
25690395,1785953027,50000000000000000
25690505,1785954347,156692942355889724
25690546,1785954839,78408194471767528
25690619,1785955715,67069368295418546365
25690749,1785957275,1002506265664160
25691116,1785961679,19299012885380217276
25691208,1785962783,12835668817331969300
25691492,1785966203,8500000000000000000
25691577,1785967223,1343410768150135
25691622,1785967763,400000000000000000
25691851,1785970523,4409689115404495
25691898,1785971099,1205520065828732231
25692248,1785975311,100000000000000000
25692251,1785975347,3237543520737648664
25692448,1785977723,2078000000000000000
25692492,1785978251,3043085494565349110
25692687,1785980591,20050125313283208020
25692953,1785983783,213999999999999996
25693074,1785985247,37335839598997493
25693136,1785985991,10000000000000000000
25693156,1785986231,422286010000000000
25693177,1785986483,437128820000000000
25693189,1785986627,432189170000000000
25693205,1785986819,417189200000000000
25693229,1785987107,372928100000000000
25693254,1785987407,1000000000000000000
25693269,1785987587,380272000000000000
25693334,1785988367,379262926000000000
25693375,1785988859,403672000000000000
25693817,1785994163,136411996618130947
25694168,1785998387,50000000000000000
25694671,1786004435,751879699248120300
25694835,1786006403,2620551378446115
25694961,1786007927,380952380952380952
25694962,1786007939,24060150375939849
25695114,1786009763,600000000000000
25695232,1786011179,1288484312999200767
25695315,1786012175,14343512180514423
25695468,1786014011,6694385792072267
25695492,1786014299,6015037593984962
25695536,1786014827,3047619047619047619
25695569,1786015223,10038112202504860
25695682,1786016579,2000000000000000
25695723,1786017071,1960000000000000
25695782,1786017779,363517942504803540
25695947,1786019759,200000000000000000
25695959,1786019903,983006190917624
25696018,1786020611,250000000000000000
25696029,1786020743,49266303113827706
25696077,1786021319,50000000000000000
25696215,1786022975,1002506265664160401
25696337,1786024439,20000000000000000
25696397,1786025159,17142857142857142
25696446,1786025747,3495881691650598
25696766,1786029587,49000000000000000
25696789,1786029863,22055137844611528822
25696791,1786029887,79097618659147869674
25696894,1786031123,2500000000000000
25696899,1786031183,70000000000000000
25696902,1786031219,10000000000000000000
25696969,1786032023,50000000000000000000
25697041,1786032887,37246465517955296
25697131,1786033967,22055137844611528822
25697289,1786035887,89022801792380952380
25697446,1786037771,2506265664160401002
25697453,1786037855,10050000000000000000
25697513,1786038575,1002506265664160401
25697561,1786039151,12646817042606516290
25697684,1786040627,4010025062656641604
25697768,1786041647,20050125313283208
25697867,1786042847,351879699248120300
25697999,1786044443,274927841284607
25698372,1786048931,100000000000000000
25698585,1786051487,19939524512792006
25698632,1786052051,2000000000000000
25698779,1786053815,15037593984962406
25698808,1786054163,20000000000000000
25698913,1786055423,1995961922555000
25698985,1786056287,15037593984962406
25699096,1786057619,106983913299885313
25699285,1786059887,700000000000000000
25699347,1786060631,110000000000000000
25699427,1786061591,100000000000000000
25699445,1786061807,7000000000000000000
25699509,1786062587,147600159504272592
25699554,1786063127,99461907772118850
25699603,1786063715,353367217172521744
25699743,1786065395,785356960745548792
25699807,1786066175,2628832080200501
25700061,1786069223,25039822949706029
25700078,1786069439,60150375939849624
25700096,1786069655,20050125313283208
25700482,1786074287,1007518796992481203
25700514,1786074671,20000000000000000
25701155,1786082399,50125313283208020
25701218,1786083167,3000000000000000000
25701229,1786083299,64837500000000000
25701236,1786083383,145532051486325000
25701616,1786087967,13958752541353383458
25701716,1786089167,100250626566416040
25701848,1786090751,601503759398496240
25702048,1786093151,600000000000000000
25703254,1786107683,207578947368421052
25703399,1786109423,995932081870200000
25703503,1786110671,2625193327631258596
25703669,1786112675,18797700000210000
25703752,1786113671,3000000000000000
25703827,1786114571,2414335839598997493
25704145,1786118447,320000000000000000
25704205,1786119167,98821057614870624
25704373,1786121183,7925737128681802
25704419,1786121735,743107769423558897
25704420,1786121747,2835260884838103796
25704494,1786122647,997300000000000000
25704522,1786122983,501253132832080200
25704572,1786123595,9980000000000000000
25704589,1786123799,86684791529002143848
25704609,1786124039,16455696155312366397
25704853,1786126967,1002506265664160401
25704920,1786127771,58493280031283198437
25705516,1786134971,350877192982456140
25705764,1786137983,427821930000000000
25705825,1786138715,429265230000000000
25705933,1786140011,871263913897203
25706069,1786141643,273673984280872647
25706185,1786143035,120300751879699248
25706305,1786144487,301143366075145802
25706478,1786146563,429000000000000000
25706537,1786147271,391627189720000000
25706766,1786150055,15389755450964790
25707379,1786157447,5000000000000000000
25707578,1786159883,4740813497225448184
25707605,1786160207,8000000000000000
25708205,1786167491,957052406335555527
25708495,1786171019,398194252407072212
25708561,1786171823,200000000000000000
25708575,1786171991,180000000000000000
25708594,1786172219,190000000000000000
25708875,1786175591,15100000000000000000
25708999,1786177079,3173204754753046
25709042,1786177595,39560052234733536
25709049,1786177679,450000000000000000
25709167,1786179107,692954830802069558
25709512,1786183295,2064796965935528299
25709593,1786184279,500000000000000000
25709593,1786184279,1596000000000000
25709685,1786185395,4010025062656641
25709976,1786188899,171072228242579
25710059,1786189895,1100000000000000000
25710213,1786191755,100250626566416040
25710301,1786192811,200501253132832080
25710463,1786194767,1000000000000000000
25710478,1786194947,20000000000000000000
25710651,1786197023,2005012531328320
25710658,1786197107,126434242702321426
25710678,1786197347,1999506902191375811
25710720,1786197851,2500000000000000
25710961,1786200755,110275689223057644
25711041,1786201715,52130325814536340
25711055,1786201883,8020050125313283
25711234,1786204043,501253132832080200
25711308,1786204931,16224000000000000000
25711327,1786205159,1193632019070960000
25711327,1786205159,5012531328320802
25711361,1786205567,20616080959210870751
25711615,1786208627,50948912821638845
25711666,1786209251,1002506265664160401
25711675,1786209359,1002506265664160401
25712116,1786214663,12778328272577087873
25712126,1786214783,380000000000000000
25712153,1786215107,2890000000000000000
25712212,1786215815,442915057066224458
25712316,1786217063,2506265664160401002
25712343,1786217387,10025062656641604
25712372,1786217747,100250626566416040
25712413,1786218239,339831384752861681
25712495,1786219223,200501253132832080
25712584,1786220291,1002506265664160401
25712703,1786221719,1579269908530246633
25712929,1786224443,1403508771929824561
25712929,1786224443,238403267448643097
25713056,1786225979,1187464758268889404
25713061,1786226039,15037593984962406
25713413,1786230287,100000000000000000
25713509,1786231439,996466180646500979
25713602,1786232555,21633029924414532
25713639,1786232999,392165237891000000
25713666,1786233323,398265189100000000
25713700,1786233731,386253200000000000
25713733,1786234127,25000000000000000
25713755,1786234391,401283300000000000
25713780,1786234691,2000000000000000
25713795,1786234871,389152780000000000
25714156,1786239203,200000000000000000
25714195,1786239671,100000000000000000
25714213,1786239887,1002506265664160401
25714248,1786240307,100000000000000000
25714411,1786242263,50000000000000000
25714597,1786244495,9443065329275424
25714816,1786247135,188526332154282708
25715184,1786251563,15000000000000000
25715276,1786252667,1002506265664160401
25715288,1786252811,1002506265664160401
25715300,1786252955,5000000000000000
25715884,1786259975,500000000000000000
25716345,1786265507,2600000000000000
25716780,1786270787,1540000000000000000
25716811,1786271159,2153440461978506715
25717228,1786276175,4959511835622118
25717289,1786276907,3007518796992481
25717417,1786278443,1002506265664160401
25717471,1786279091,10000000000000000
25717498,1786279415,1002506265664160401
25717724,1786282127,2581097383542941791
25718447,1786290851,260000000000000000
25718583,1786292483,2406015037593984962
25718591,1786292579,2406015037593984962
25718625,1786292987,130000000000000000
25718752,1786294511,100000000000000000
25718756,1786294559,18390181470265104
25718872,1786295951,682340023494742098
25718877,1786296011,2600000000000000000
25718905,1786296347,6000000000000000000
25718919,1786296515,2600000000000000000
25718924,1786296575,239069641732613094
25718945,1786296827,5200000000000000000
25718962,1786297031,100000000000000000
25719424,1786302587,9975000000000000
25719541,1786304003,676000000000000045
25719699,1786305899,80200501253132832
25719755,1786306571,5837411177967112979
25719876,1786308023,3370869819622987608
25719933,1786308707,2000000000000000
25719947,1786308875,20000000000000000
25720083,1786310555,5012531328320802005
25720213,1786312115,60800000000000000
25720222,1786312223,600000000000000000
25720270,1786312811,635725618016962
25720299,1786313159,100000000000000
25720506,1786315655,1266789218274400899
25720744,1786318511,100250626566416040
25720746,1786318535,428199283000000000
25720767,1786318787,392891272000000000
25720790,1786319075,372155855000000000
25720859,1786319903,336700000000000000
25720861,1786319927,100250626566416040
25720883,1786320191,244433034449554068
25721251,1786324631,5000000000000000
25721305,1786325291,1002506265664160
25721630,1786329203,5000000000000000
25721635,1786329263,100730000000000000
25721998,1786333619,300000000000000000
25722041,1786334135,159333935741355151
25722108,1786334939,99750000000000000
25722383,1786338251,13800000000000000000
25722468,1786339271,5000000000000000
25722533,1786340063,99750000000000000
25722564,1786340435,8809480569958040697
25722588,1786340723,4737844611528822055
25722603,1786340903,501253132832080200
25722605,1786340927,27805256508896508436
25722683,1786341863,126736842105263157
25722841,1786343759,967819548872180451
25723032,1786346075,1002506265664160401
25723051,1786346303,39097744360902255639
25723072,1786346555,1600000000000000
25723210,1786348211,13403508771929824
25723259,1786348799,2000000000000000000
25723414,1786350671,300751879699248120
25723512,1786351859,1003811220250485
25723531,1786352087,13520540822000000
25723566,1786352507,220000000000000000
25723587,1786352759,1500000000000000
25723696,1786354079,1002506265664160401
25723753,1786354763,2000000000000000
25724005,1786357787,25000000000000000
25724150,1786359539,611528822055137844
25724312,1786361495,99750000000000000
25724322,1786361615,1000000000000000000
25724441,1786363043,13533834586466165413
25724466,1786363343,5639924391345075417
25724483,1786363547,1200000000000000000
25724667,1786365779,300000000000000000
25724671,1786365827,15742115100000000000
25724704,1786366223,13500000000000000000
25724792,1786367279,30034012370000000000
25724913,1786368731,2625000000000000000
25724950,1786369175,271514355205471510
25725251,1786372799,5000000000000000
25725477,1786375523,135225965210166164
25725504,1786375847,5012531328320802
25725557,1786376495,2000000000000000000
25725571,1786376663,25062656641604010025
25725599,1786376999,22198000000000000
25725599,1786376999,3141955877533421
25725609,1786377119,4000000000000000
25725644,1786377539,11134837092731829
25725664,1786377779,5150000000000000000
25725669,1786377839,1300000000000000000
25725737,1786378655,991999999999999993
25725760,1786378931,5012531328320802
25726338,1786385879,79498965393483709273
25726533,1786388219,20451127819548872180
25726745,1786390763,500000000000000000
25726892,1786392551,2000000000000000
25726915,1786392827,2005012531328320
25726923,1786392923,500000000000000000
25726971,1786393499,3801000000000000000
25727001,1786393859,600000000000000
25727069,1786394687,95500000000000000
25727123,1786395335,5220000000000000000
25727282,1786397255,3007518796992481203
25727292,1786397375,35087719298245614
25727581,1786400867,220640996945198455
25727750,1786402907,5270000000000000000
25727829,1786403855,29700057276095135
25727834,1786403915,8822055137844611
25727863,1786404263,1317446179548872180
25727897,1786404671,664029234797790197
25727932,1786405103,5374564230576441
25728323,1786409831,18000000000000000000
25728588,1786413071,33723052080885358161
25728754,1786415075,2015037593984962406
25728855,1786416287,328053539958496764
25728907,1786416911,14474690224858179
25728954,1786417475,500000000000000000
25729546,1786424627,1000000000000000000
25729588,1786425131,401049994669624
25729599,1786425263,510790878051805
25729606,1786425347,699657533755396
25729759,1786427183,6000000000000000
25729842,1786428179,670000000000000000
25730157,1786431995,99536621945930400
25730349,1786434299,200000000000000000
25730453,1786435559,410000000000000000
25730567,1786436939,198242894271344584
25730577,1786437059,11000000000000000
25730622,1786437599,999777181821807764
25730717,1786438739,500000000000000000
25730752,1786439159,10000000000000000
25730764,1786439303,18488272621638323
25730768,1786439351,10131988688427368
25730807,1786439819,591415499504408554
25730836,1786440179,6448235787745920
25730850,1786440359,20100376253917994
25730882,1786440743,9746365914786967
25730886,1786440791,1002506265664160401
25730887,1786440803,11000000000000000
25730911,1786441091,6625879979056844
25730927,1786441283,17047631610354205
25730989,1786442051,6315000000000000000
25731133,1786443791,500000000000000000
25731192,1786444499,2391246867167919800
25731210,1786444715,2437992447366094492
25731217,1786444799,12085414193771751694
25731335,1786446227,27578784718224599
25731359,1786446515,92275283719291286
25731372,1786446671,144567713362509236
25731488,1786448075,4430735000000000000
25731575,1786449131,300751879699248120
25731581,1786449203,5500000000000000000
25731611,1786449563,11000000000000000
25731679,1786450379,500000000000000000
25731774,1786451519,1000000000000000000
25731877,1786452767,167311609234229747
25731936,1786453475,42374000000000000
25731968,1786453859,4314679801350725
25732107,1786455539,79193120000000000
25732157,1786456139,45941396235580639
25732218,1786456871,30000000000000000
25732298,1786457843,498503093428959023
25732308,1786457963,123182459080088640
25732309,1786457975,15391981080389159
25732353,1786458503,500000000000000000
25732366,1786458659,100381122025048605
25732495,1786460243,3154000000000000000
25732501,1786460315,3318000000000000000
25732506,1786460375,3147000000000000000
25732513,1786460459,3154000000000000000
25732523,1786460579,3367000000000000000
25732530,1786460663,3119000000000000000
25732542,1786460819,3271000000000000000
25732552,1786460939,3085000000000000000
25732562,1786461059,716501082948151957
25732580,1786461287,3166000000000000000
25732661,1786462259,10000000000000000
25732736,1786463159,50125313283208020050
25732764,1786463495,10000000000000000
25732793,1786463843,10000000000000000
25733016,1786466531,533628889887680
25733059,1786467047,1600000000000000000
25733089,1786467407,1350000000000000000
25733452,1786471775,67255351756782558
25733469,1786471991,500000000000000000
25733506,1786472435,500000000000000000
25733618,1786473779,500000000000000000
25733834,1786476371,500000000000000000
25733914,1786477331,100250626566416040100
25734005,1786478423,50000000000000000
25734036,1786478795,456330242030563288
25734217,1786480967,10025062656641604
25734272,1786481627,401524488100194421
25734284,1786481771,1067587192514470234
25734297,1786481927,20050125313283208
25734307,1786482047,97369688364297144
25734404,1786483235,418252800000000000
25734411,1786483319,429275180000000000
25734432,1786483571,437818206000000000
25734455,1786483847,426971300000000000
25734484,1786484195,1400000000000000000
25734532,1786484771,392732897300000000
25734552,1786485011,429712571900000000
25734566,1786485179,452216832800000000
25734580,1786485347,432981257193000000
25734591,1786485479,462102103700000000
25734603,1786485623,1027536510211789
25734619,1786485815,427529160000000000
25734625,1786485887,10000000000000000
25734676,1786486499,2530377787529034106
25734681,1786486559,467223000000000000
25734698,1786486763,683656217677691193
25734704,1786486835,392920000000000000
25734720,1786487027,372782980000000000
25734773,1786487663,12832321115194114114
25734936,1786489619,7923913242460000000
25735127,1786491923,5500000000000000000
25735160,1786492319,43695362854095437
25735252,1786493423,197524118036772949
25735333,1786494395,9808000000000000000
25735411,1786495331,5500000000000000000
25735420,1786495439,735830484999141070
25735488,1786496267,100000000000000000
25735663,1786498379,2000000000000000
25735668,1786498439,300000000000000000
25735676,1786498535,100000000000000
25735713,1786498979,180686019645087487
25735817,1786500239,64345600000000000000
25735855,1786500719,100250626566416
25735966,1786502051,50000000000000000
25736041,1786502951,347592098242547400
25736097,1786503623,68129250000000000000
25736136,1786504091,9000000000000000
25736138,1786504115,500000000000000000
25736252,1786505507,6015037593984962
25736281,1786505855,35087719298245614
25736375,1786507019,12147100000000000000
25736379,1786507067,257355000000000000000
25736442,1786507835,500000000000000000
25736561,1786509311,10000000000000000
25736576,1786509491,400000000000000000
25736973,1786514267,601503759398496240
25737025,1786514891,4400000000000000
25737111,1786515923,12609759306136000
25737178,1786516751,20000000000000000
25737433,1786519859,500000000000000000
25737445,1786520003,79943961309733
25737507,1786520747,1243261656000000
25737512,1786520807,11000000000000000000
25737709,1786523171,10000000000000000
25737997,1786526639,5012531328320802005
25738014,1786526843,4975031250000000
25738047,1786527239,2000000000000000
25738066,1786527467,4010025062656641
25738230,1786529435,3476405346042674714
25738255,1786529735,350000000000000000
25738286,1786530107,1631731395334390
25738424,1786531763,5000000000000000
25738449,1786532063,36039845070292724
25738528,1786533011,3000000000000000000
25738558,1786533371,50000000000000000000
25738628,1786534211,12500000000000000000
25738703,1786535111,35087719298245614
25738740,1786535567,3032010552690070397
25738765,1786535867,8006930644215082180
25738768,1786535903,7550099441531674
25738779,1786536035,100250626566416040
25738849,1786536875,1500000000000000
25738914,1786537667,33621859687499998
25738953,1786538135,7229197078631496
25738960,1786538219,12738160465470166805
25738968,1786538315,100250626566416040100
25739013,1786538855,81805460382055137844
25739208,1786541195,10000000000000000
25739320,1786542539,53132832080200501
25739393,1786543427,3500000000000000
25739504,1786544759,46028245718717056
25739520,1786544963,315000000000000000
25739531,1786545095,60150375939849624
25739534,1786545131,1002506265664160401
25739545,1786545263,10000000000000000
25739701,1786547147,6015037593984962
25739701,1786547147,100000000000000000
25739729,1786547483,5000000000000000000
25739748,1786547711,7017543859649122
25739789,1786548203,20000000000000000000
25739797,1786548299,1483709273182957393
25739804,1786548383,350877192982456140
25739824,1786548623,501253132832080200
25739826,1786548647,1288391695643600539
25739830,1786548695,34406158426486086348
25739877,1786549259,10025062656641604010
25740042,1786551251,500000000000000000
25740143,1786552475,8030489762003887
25740148,1786552535,501253132832080200
25740179,1786552907,528821348593456
25740196,1786553111,149865000000000000
25740218,1786553375,1253132832080200501
25740244,1786553687,563237872058446687
25740266,1786553951,42160071250520413
25740295,1786554299,1000000000000000000
25740369,1786555199,120854141937717516
25740422,1786555835,5000000000000000
25740576,1786557683,7000000000000000000
25740641,1786558463,4950843500000000
25740718,1786559399,822055137844611528
25740757,1786559867,1000000000000000000
25740767,1786559987,10296309539910233696
25740797,1786560347,1567238615610000000
25740892,1786561487,7654325008113017315
25740920,1786561823,701754385964912280
25740923,1786561871,20000000000000000
25741001,1786562807,270676691729323308
25741079,1786563743,220000000000000000
25741192,1786565099,56140350877192982456
25741256,1786565867,127985480833840062
25741380,1786567355,504854827914027989
25741388,1786567451,4010025062656641
25741496,1786568747,1002506265664160401
25741611,1786570127,2005012531328320802
25741769,1786572023,1056145754364872
25741840,1786572875,501253132832080200
25741974,1786574483,5000000000000000000
25742028,1786575131,10000000000000000000
25742122,1786576259,23829701932076574
25742124,1786576283,401002506265664160
25742180,1786576955,52710014867191099
25742262,1786577951,473762800000000000
25742274,1786578095,476292900000000000
25742275,1786578107,223551147898644836861
25742277,1786578131,300751879699248120
25742285,1786578227,496386300000000000
25742301,1786578419,436829000000000000
25742338,1786578863,427892000000000000
25742376,1786579319,432628020000000000
25742447,1786580171,394872932000000000
25742455,1786580267,501253132832080200
25742520,1786581047,392920000000000000
25742534,1786581215,430292300000000000
25742564,1786581575,423830000000000000
25742608,1786582103,437292100000000000
25742695,1786583147,3237092731829573934
25742754,1786583855,500000000000000000
25742765,1786583987,10025062656641604
25742780,1786584167,562708205727969253
25742790,1786584287,200501253132832
25742895,1786585547,501253132832080200
25742943,1786586123,29072681704260651
25743000,1786586807,501253132832080200
25743436,1786592051,260651629072681704
25743476,1786592531,1002506265664160401
25743481,1786592591,2000000000000000000
25743694,1786595159,3007518796992481
25743728,1786595579,26099091726512636
25743810,1786596575,9575727863299012
25744015,1786599059,1025000000000000000
25744075,1786599779,501253132832080200
25744096,1786600031,600000000000000000
25744123,1786600355,1002506265664160401
25744142,1786600583,3239490158659817476
25744145,1786600619,296807918952875656
25744164,1786600847,58757278072913220015
25744189,1786601159,75000000000000000000
25744231,1786601663,121000000000000000000
25744468,1786604507,200000000000000000
25744703,1786607327,601503759398496240
25744805,1786608551,1023925914786967
25744837,1786608947,11027568922305764
25744864,1786609271,10062867167919799
25744954,1786610351,922845529914631
25745144,1786612631,45756800000000000
25745234,1786613711,744372015865757900
25745396,1786615667,2081271563432275925
25745523,1786617191,1157894736842105263
25745586,1786617947,56284034335839598997
25745642,1786618619,247825846312512155
25745711,1786619447,2385820191758644
25745742,1786619819,2711938746867167
25745762,1786620059,1958948900000000
25745779,1786620263,1798798940000000
25745813,1786620683,2740000000000000000
25745862,1786621271,99251250000000000
25745909,1786621835,283709273182957393
25745926,1786622039,500000000000000000
25746267,1786626143,500000000000000000
25746288,1786626395,442448201737508671
25746356,1786627211,1128530000000000000
25746362,1786627283,1971510000000000000
25746609,1786630247,1603987969924812
25746642,1786630643,83000000000000000
25746713,1786631495,15500000000000000000
25746729,1786631687,541353383458646616
25746736,1786631771,4800000000000000000
25746783,1786632335,10038112202504860
25746785,1786632359,2646296059538893788
25746909,1786633847,6472459500000000
25747005,1786634999,541353383458646616
25747038,1786635395,26242278386607965623
25747267,1786638155,2055137844611528822
25747377,1786639475,3007518796992481203
25747381,1786639523,199800000000000000
25747391,1786639643,1000000000000000000
25747392,1786639655,3818245513982162
25747398,1786639727,1000000000000000000
25747410,1786639871,1000000000000000000
25747421,1786640003,1500000000000000000
25747433,1786640147,1000000000000000000
25747460,1786640471,1000000000000000000
25747483,1786640747,910800000000000000
25747527,1786641275,4999642324402270322
25747553,1786641587,10999279451165976670
25747575,1786641851,5576942355889724310
25747667,1786642955,11127819548872180
25747856,1786645223,1468365000000000
25748217,1786649579,1000000000000000000
25748475,1786652675,28927500000000000
25748678,1786655111,900000000000000
25748680,1786655135,5012531328320802005
25748685,1786655195,10999213589516765979
25748763,1786656131,28000000000000000000
25748823,1786656851,25000000000000000
25748842,1786657091,2000000000000000
25748892,1786657691,497876859338717741
25748933,1786658183,1860651629072681704
25748999,1786658975,742253321138105
25749045,1786659527,1067059496889580000
25749871,1786669463,1000000000000000
25750025,1786671347,2271965552000000000
25750426,1786676183,3528557821031271323
25750987,1786682927,6000000000000000000
25751050,1786683695,4000000000000000000
25751387,1786687751,1002506265664160401
25751474,1786688795,1002506265664160401
25751508,1786689215,29072681704260651629
25751663,1786691087,15000000000000000000
25751718,1786691759,11000000000000000000
25751737,1786691987,6000000000000000000
25751868,1786693583,50000000000000000
25751889,1786693835,180000000000000000
25752065,1786695959,997074208597639138
25752375,1786699679,5012531328320802
25752568,1786701995,3000000000000000000
25752645,1786702919,213866666666666666
25752720,1786703819,6000000000000000000
25752904,1786706027,524480980890684842
25753006,1786707251,3000000000000000
25753010,1786707299,9847101748270672
25753012,1786707323,500000000000000000
25753290,1786710695,437682910000000000
25753320,1786711055,392726810000000000
25753353,1786711451,382189120000000000
25753372,1786711679,429846280000000000
25753561,1786713947,157862921080090400
25753582,1786714211,4529423602446000000
25753622,1786714691,2404312817276876
25753642,1786714931,9485438076905931684
25754101,1786720451,7783640368841344887
25754185,1786721459,5000000000000000
25754217,1786721843,143050756710535429
25754352,1786723475,200000000000000000
25754480,1786725011,200000000000000000
25754829,1786729199,2385269894243261
25754844,1786729379,500000000000000000
25754889,1786729919,12531328320802005
25754931,1786730435,704227830507726789
25754968,1786730879,500000000000000000
25755089,1786732331,500000000000000000
25755149,1786733051,1002506265664160401
25755178,1786733399,501253132832080200
25755211,1786733795,1733706291166170014
25755281,1786734647,501253132832080200
25755315,1786735067,2706766917293233082
25755397,1786736051,3000000000000000
25755651,1786739111,501253132832080200
25755725,1786740011,240000000000000000
25756036,1786743755,16700019348573475301
25756134,1786744931,154356770502312909
25756427,1786748459,501253132832080200
25756600,1786750547,30932330827067669172
25756688,1786751615,2526199544935231
25756759,1786752467,2800000000000000000
25756858,1786753655,2700000000000000000
25756911,1786754303,104135261751362583
25756949,1786754759,797181576734060966
25756986,1786755203,7716420623406250010
25757008,1786755467,300000000000000000
25757031,1786755743,401002506265664160
25757128,1786756919,100250626566416040
25757129,1786756931,5012531328320802005
25757224,1786758083,501253132832080200
25757374,1786759907,501253132832080200
25757574,1786762307,210000000000000000
25757625,1786762919,10000000000000000
25757654,1786763267,1000000000000000000
25757678,1786763555,501253132832080200
25758973,1786779107,521500000000000000
25759196,1786781795,831077694235588972
25759332,1786783427,10000000000000000
25759438,1786784711,32351776956716316
25759473,1786785131,997001250000000000
25759674,1786787567,2650201613675621
25759892,1786790207,1410000000000000000
25760080,1786792511,99251250000000000
25760092,1786792655,10025062656641604010
25760234,1786794359,17543859649122807017
25760380,1786796111,9974930410308136990
25760431,1786796723,3000000000000000000
25760536,1786797995,20000000000000000
25760783,1786800959,31077694235588972
25760816,1786801355,1085613257696069061
25760902,1786802399,1990695008539589
25761096,1786804739,191029303697671310
25761104,1786804835,9923795391373773
25761141,1786805279,246959831069500666
25761147,1786805351,799712257185223729
25761173,1786805663,278612533786281088
25761202,1786806011,462460286837770248
25761203,1786806023,36116044383004010
25761265,1786806779,3087218045112781
25761349,1786807787,15000000000000000
25761363,1786807955,5000000000000000
25761751,1786812635,4677776528210802
25761865,1786814003,1002506265664160401
25761901,1786814435,24246749573960820
25762046,1786816175,2453314622292187774
25762431,1786820831,145363408521303258
25762439,1786820927,2450000000000000178
25762467,1786821263,8000000000000000
25762575,1786822571,501253132832080200
25762721,1786824335,600000000000000000
25762752,1786824707,1002506265664160401
25762755,1786824743,110275689223057644
25762803,1786825319,1002506265664160
25762842,1786825787,2000000000000000000
25763155,1786829567,58427330000000000
25763173,1786829795,1002506265664160401
25763177,1786829843,50000000000000000
25763186,1786829951,10251592287955513
25763319,1786831547,1516725930000000000
25763600,1786834931,7999555842050998478
25763691,1786836047,7000000000000000000
25763704,1786836203,9277482073501959
25763780,1786837115,428297200000000000
25763849,1786837943,431825000000000000
25763871,1786838207,442820162000000000
25764009,1786839863,14313954233172866
25764148,1786841531,1002506265664160401
25764362,1786844099,13358856193553576
25764629,1786847327,501253132832080200
25764701,1786848191,501253132832080200
25765008,1786851887,1002506265664160401
25765302,1786855427,2800000000000000000
25765396,1786856555,531328320802005012
25765542,1786858307,512899949874686716
25765626,1786859315,501253132832080200
25765795,1786861355,13000000000000000000
25766287,1786867283,501253132832080200
25766304,1786867487,199782769015540415
25766359,1786868147,99935597815798507
25766423,1786868915,380000000000000000
25766473,1786869515,68024230267693007
25766516,1786870031,39461326004500302
25766579,1786870787,31048465060841892
25766595,1786870979,501253132832080200
25766654,1786871687,13474000000000000
25766661,1786871771,100000000000000000
25766729,1786872587,498129718726298379
25766902,1786874663,130796156496500816
25766917,1786874843,501253132832080200
25766993,1786875755,501253132832080200
25767051,1786876451,3129892898274137
25767192,1786878143,3440601503759398496
25767424,1786880939,601503759398496240
25767434,1786881059,1030720802005012531
25767828,1786885799,4000000000000000000
25767903,1786886699,501253132832080200
25768017,1786888067,3849624060150375939
25768304,1786891511,50125313283208020
25768659,1786895771,6422000000000000
25768684,1786896071,6603000000000000
25768703,1786896299,7003000000000000
25768790,1786897343,21052631578947368
25768851,1786898075,10642000000000000000
25768871,1786898315,227000000000000000
25769051,1786900475,601000000000000
25769053,1786900499,11127819548872180
25769169,1786901891,3180505016265149
25769375,1786904387,10000000000000000
25769673,1786907963,1002506265664160401
25769807,1786909571,991296611029450750
25769898,1786910663,2992500000000000000
25770002,1786911911,1005018812695900151
25770019,1786912115,1002506265664160401
25770062,1786912631,3411536359696233063
25770136,1786913519,24761904761904761
25770348,1786916063,6015037593984962
25770621,1786919339,1253132832080200501
25770657,1786919771,5513784461152882205
25770849,1786922075,5012531328320802005
25771030,1786924271,432522923000000000
25771053,1786924547,445278930000000000
25771071,1786924775,1002506265664160401
25771082,1786924907,458290233000000000
25771111,1786925255,445292623900000000
25771167,1786925927,460236200000000000
25771183,1786926119,434671200000000000
25771212,1786926467,462028397000000000
25771217,1786926527,501253132832080200
25771224,1786926611,452260000000000000
25771296,1786927475,52130325814536340
25771297,1786927487,1082706766917293233
25771457,1786929419,10025062656641604010
25771626,1786931459,10025062656641604
25771686,1786932191,260651629072681704
25771715,1786932539,501253132832080200
25771960,1786935479,10000000000000000
25771975,1786935659,4962406015037593984
25772178,1786938107,501253132832080200
25772313,1786939739,105263157894736842
25772319,1786939811,4030736000000000000
25772333,1786939979,99268869375516211
25772346,1786940135,4406782000000000000
25772364,1786940351,752858415187864560
25772373,1786940459,5244852000000000000
25772395,1786940723,5140368000000000000
25772404,1786940831,260651629072681704
25772417,1786940999,2648683000000000000
25772434,1786941203,3478979000000000000
25772457,1786941479,5920523000000000000
25772480,1786941755,2432076000000000000
25772504,1786942043,3820125000000000000
25772524,1786942283,2895479000000000000
25772525,1786942295,10260000000000000000
25772553,1786942631,10170108649501070
25772685,1786944227,19504862944620508
25772699,1786944395,9598996296306416
25772846,1786946183,26382025062656641
25773032,1786948415,1200000000000000
25773428,1786953167,3000000000000000
25773591,1786955123,317660290726817042
25773634,1786955639,3042478000000000000
25773650,1786955831,3701045000000000000
25773682,1786956215,1459340000000000000
25773770,1786957271,610007000000000000
25773793,1786957547,1138993000000000000
25773844,1786958159,400000000000000000
25773847,1786958195,98136492975919006
25774018,1786960259,99251250000000000
25774169,1786962083,1002506265664160
25774191,1786962347,12030075187969924
25774203,1786962491,1490000000000000000
25774204,1786962503,12651843878793567
25774467,1786965659,52379142829256392
25774497,1786966019,1273182957393483709
25774522,1786966319,9974501250000000000
25774550,1786966655,3365413533834586466
25774665,1786968035,3022600376293274
25774685,1786968275,49277790089191737
25774735,1786968875,20490263598037994
25774756,1786969139,1002506265664160
25774917,1786971095,1000000000000000000
25775302,1786975715,300000000000000000
25775491,1786977983,90225563909774436
25775631,1786979675,500000000000000000
25775794,1786981631,4097429021466587
25775937,1786983359,1359706113591982894
25775995,1786984055,60000000000000000
25776320,1786987967,442832900000000000
25776349,1786988315,462037900000000000
25776367,1786988531,452922971000000000
25776395,1786988867,450370000000000000
25776435,1786989347,462263000000000000
25776452,1786989551,435291600000000000
25776485,1786989959,88563804871524672
25776499,1786990127,462026340000000000
25776532,1786990523,1754385964912280701
25776553,1786990775,462892571000000000
25776558,1786990835,30000000000000000000
25776603,1786991375,436728000000000000
25776629,1786991687,18596491228070175
25776642,1786991843,473522803000000000
25776670,1786992191,426722000000000000
25776674,1786992239,60000000000000000
25776899,1786994975,2340000000000000
25777316,1786999991,200000000000000000
25777442,1787001503,219381231000000000
25777464,1787001767,250952805062621520
25777502,1787002223,2624651629072681
25777529,1787002547,600000000000000000
25777556,1787002871,51451303314365266
25777622,1787003663,637235906392581340
25777653,1787004035,3548882205513784
25777666,1787004191,180000000000000000
25777784,1787005607,400000000000000000
25777848,1787006375,696344836825817779
25777850,1787006399,1091204095254735243
25778024,1787008487,1089071965097073179
25778137,1787009843,20000000000000000
25778205,1787010659,2506265664160401002
25778414,1787013167,100000000000000000
25779001,1787020247,1002506265664160401
25779061,1787020967,30000000000000000
25779661,1787028203,250626566416040100
25779711,1787028803,1002506265664160401
25779792,1787029775,5000000000000000
25780095,1787033423,1002506265664160401
25780115,1787033663,10025062656641604010
25780123,1787033759,2005012531328320802
25780134,1787033903,52431077694235588
25780229,1787035043,100250626566416040
25780285,1787035727,99251250000000000
25780550,1787038919,838095238095238095
25780623,1787039795,229627067669172932
25780666,1787040335,145287000000000000
25780890,1787043023,283290000000000000
25780904,1787043191,158957000000000000
25781092,1787045447,79463436430880858
25781459,1787049863,2807017543859649122
25781497,1787050319,1147869674185463659
25781591,1787051495,99251250000000000
25781619,1787051831,82438178798302164
25781703,1787052851,31725000000000000000
25781827,1787054339,2500000000000000000
25782236,1787059259,10025062656641604010
25782277,1787059751,1002506265664160401
25782280,1787059787,1003811220250486080
25782347,1787060591,6000000000000000
25782438,1787061683,1443609022556390977
25782489,1787062295,99262982625008454
25782581,1787063399,88727981134659531
25782625,1787063927,359193404377433583
25782649,1787064215,485724509668418748
25782739,1787065319,60150375939849624
25782785,1787065871,2267187800212049196
25782937,1787067707,900000000000000000
25783104,1787069711,40000000000000000
25783130,1787070023,12500000000000000
25783132,1787070047,501253132832080200
25783452,1787073899,501253132832080200
25783460,1787073995,46454532185553445
25783474,1787074163,10000000000000000
25783564,1787075255,462026200000000000
25783607,1787075771,421789202700000000
25783607,1787075771,7046030230944308
25783639,1787076155,462832000000000000
25783665,1787076467,436201670000000000
25783675,1787076587,449292101000000000
25783769,1787077715,425203000000000000
25783788,1787077943,453892180200000000
25783860,1787078807,501253132832080200
25783864,1787078855,426238980000000000
25783893,1787079203,462027000000000000
25783910,1787079407,10000000000000000
25783917,1787079491,432625100000000000
25783929,1787079635,429361000000000000
25784563,1787087255,2633684210526315
25784741,1787089391,227722060639200743
25785053,1787093147,5400000000000000000
25785124,1787093999,4010025062656641604
25785295,1787096051,198983049655466461
25785328,1787096447,515000000000000000
25785465,1787098091,1002506265664160401
25785639,1787100191,20050125313283208020
25785665,1787100503,1854636591478696741
25785691,1787100815,16511278195488721804
25785807,1787102207,90000000000000000
25785815,1787102303,2105263157894736842
25786120,1787105963,90848833964119083
25786214,1787107091,3000000000000000
25786385,1787109143,4678127059347279195
25786637,1787112167,20000000000000000000
25786660,1787112443,5814103281467027
25786692,1787112827,5000000000000000
25786746,1787113487,2000000000000000000
25787066,1787117351,301143366075145802
25787116,1787117951,5250000000000000000
25787532,1787122955,99251250000000000
25787624,1787124059,52100000000000000
25787929,1787127731,50000000000000000
25787982,1787128367,177462268048152523
25788228,1787131343,8580503989470000
25788249,1787131595,210000000000000000
25788543,1787135123,10457624060150375
25788571,1787135459,10053998289169990
25788773,1787137907,36261357231575992
25789097,1787141807,100000000000000000
25789105,1787141903,3000000000000000000
25789197,1787143007,745547355620072491
25789289,1787144123,3062720634334974
25789367,1787145071,4000000000000000000
25789484,1787146475,426828920000000000
25789558,1787147363,425710260000000000
25789585,1787147687,636292000000000000
25789617,1787148071,427819720000000000
25789642,1787148371,1238452872774705
25789674,1787148755,27117920113567125
25789716,1787149259,35087719298245614
25789729,1787149415,1102756892230576441
25789751,1787149679,3000000000000000000
25789769,1787149895,12719965987972410
25789807,1787150351,521303258145363408
25789831,1787150639,427828630000000000
25789846,1787150819,3440000000000000000
25789860,1787150987,50000000000000000
25789881,1787151239,445289168300000000
25789916,1787151671,773063872440539670
25789955,1787152139,21350000000000000000
25790007,1787152763,10000000000000000000
25790008,1787152775,427829720000000000
25790022,1787152943,120000000000000000000
25790110,1787153999,20000000000000000000
25790140,1787154359,1162907268170426065
25790165,1787154659,51000000000000000
25790377,1787157215,5000000000000000000
25790496,1787158643,1161125366121719786
25790563,1787159471,13000000000000000000
25790582,1787159699,19859815838096679375
25790589,1787159783,351333927087670084
25790887,1787163371,28471177944862155
25790911,1787163659,9450362921032393
25790949,1787164115,2506265664160401002
25791018,1787164943,2016414152494829385
25791095,1787165879,2406015037593984962
25791271,1787168027,1076590000000000000
25791334,1787168783,1167304691085846233
25791370,1787169215,52130325814536340
25791389,1787169443,5000000000000000
25791471,1787170427,2841262110745321961
25791625,1787172287,4720157331807555
25791628,1787172323,49663246770408
25791799,1787174375,60228673215029158
25792111,1787178119,11210000000000000000
25792140,1787178467,1500000000000000000
25792219,1787179415,389368100000000000
25792253,1787179823,4000000000000000000
25792376,1787181299,70385514604783184
25792388,1787181443,382719700000000000
25792501,1787182799,222000000000000000
25792537,1787183231,7165291778380863491
25792593,1787183903,392682900000000000
25792655,1787184647,379201000000000000
25792671,1787184839,20076224405009720
25792678,1787184923,200000000000000000
25792709,1787185295,8250505084559853
25792781,1787186159,50000000000000000
25792830,1787186747,1333333333333333333
25792937,1787188031,16000000000000000
25793184,1787191007,4010025062656641604
25793202,1787191223,227433583959899749
25793221,1787191451,227433583959899749
25793261,1787191931,5200000000000000000
25793261,1787191931,30075187969924812
25793292,1787192303,298885483890040080
25793359,1787193107,399055222149334640
25793435,1787194031,38068923071614000000
25793518,1787195027,68640611240728234
25793670,1787196851,90355190783309043
25793778,1787198147,140207238952421795
25793789,1787198279,250626566416040100
25793865,1787199191,9968744612689568
25794018,1787201027,5219309100772947866
25794104,1787202059,4108000000000000000
25794318,1787204639,997804737323143378
25794321,1787204675,129290067348533573
25794409,1787205743,1200000000000000
25794546,1787207399,6015037593984962406
25794710,1787209367,9052631578947368421
25794719,1787209475,292013243028027708626
25794736,1787209679,194112786308207511
25794885,1787211467,100381122025048605
25794899,1787211647,588792245000000000
25795092,1787213975,250626566416040100
25795346,1787217035,11330000000000000000
25795452,1787218307,7311963310197534
25795557,1787219567,34956765111829238505
25795691,1787221199,10000000000000000
25795727,1787221631,16892272620390000
25795761,1787222039,5773909078226637769
25795813,1787222663,7450000000000000000
25795817,1787222711,3000000000000000000
25795843,1787223035,90000000000000000
25796103,1787226179,40000000000000000
25796170,1787226983,471041000000000000
25796193,1787227259,14333000000000000000
25796349,1787229143,4294086599169348
25796480,1787230727,118193241834255000
25796509,1787231075,14767243221120243
25796650,1787232767,200000000000000
25796683,1787233163,891240000000000000
25796702,1787233391,4010025062656641604
25796712,1787233511,220000000000000
25796713,1787233523,5887000000000000000
25796731,1787233739,376319563508771929
25796873,1787235443,85000000000000000
25797058,1787237663,4001553884711779
25797074,1787237867,200000000000000000
25797109,1787238287,2005012531328320802
25797117,1787238383,441102756892230576
25797137,1787238623,15926944326234277
25797163,1787238935,450000000000000000
25797349,1787241167,227580942355889724
25797409,1787241887,50125313283208020
25797413,1787241935,3370000000000000000
25797490,1787242859,300751879699248120300
25797493,1787242895,20000000000000000
25797534,1787243387,86200000000000000
25797544,1787243507,29046569250005809
25797636,1787244611,2764786223393669915
25797838,1787247035,15555000000000000000
25798037,1787249435,115084711779448621
25798112,1787250335,3000000000000000
25798247,1787251955,4300000000000000000
25798365,1787253371,852130325814536340
25798370,1787253431,2421030465605601
25798379,1787253539,7235938225023263
25798641,1787256707,100250626566416040
25798667,1787257019,46669216381350831
25798738,1787257871,83845052955247826
25798744,1787257943,282560172244376830
25798776,1787258327,852130325814536340
25798972,1787260691,220551378446115288
25799108,1787262323,1002506265664160401
25799129,1787262575,42549132785970837
25799131,1787262599,87579928025039992
25799232,1787263811,1583894858551578
25799242,1787263931,150375939849624060
25799459,1787266547,1002506265664160401
25799465,1787266619,5000000000000000
25799545,1787267579,10763059609260000
25799681,1787269211,379278290000000000
25799709,1787269547,379390000000000000
25799731,1787269811,382871921000000000
25799737,1787269883,150000000000000000
25799749,1787270027,361921000000000000
25799761,1787270171,349128230000000000
25799781,1787270423,328929397000000000
25799802,1787270675,328376000000000000
25799824,1787270939,319162300000000000
25800059,1787273759,8566000000000000
25800084,1787274059,4261296821438789
25800105,1787274311,30000000000000000000
25800259,1787276159,150375939849624060
25800295,1787276591,20000000000000000
25800880,1787283671,10025062656641604
25800962,1787284655,42000000000000000
25800983,1787284907,4735612000000000000
25801011,1787285243,5177210000000000000
25801109,1787286419,6791491595716034446
25801614,1787292491,10025062656641604010
25801637,1787292767,4740000000000000000
25801708,1787293631,500000000000000000
25801762,1787294279,350000000000000000
25801813,1787294891,81000000000000000
25801887,1787295779,64718496240601503
25801913,1787296091,4451127819548872180
25801941,1787296427,80211235625231749
25802043,1787297663,350877192982456140
25802061,1787297879,491228070175438596
25802145,1787298887,10000000000000000000
25802220,1787299787,100000000000000000
25802259,1787300255,96234001446955997484
25802268,1787300363,63000000000000000
25802326,1787301071,611528822055137844
25802338,1787301215,15047781288425729
25802341,1787301251,381654135338345864
25802416,1787302151,997886967070584964
25802470,1787302811,100000000000000000
25802548,1787303747,6142930000000000
25802611,1787304503,2987468671679197994
25802675,1787305271,880000000000000000
25802797,1787306747,1061721396478325710
25802855,1787307443,1373880701754385964
25802879,1787307731,150000000000000000
25802933,1787308379,42000000000000000
25802971,1787308835,1002506265664160401
25803001,1787309195,1002506265664160401
25803007,1787309267,83000000000000000
25803015,1787309363,59041753888471601
25803040,1787309663,2200000000000000000
25803074,1787310071,1005018812695900151
25803213,1787311739,1000000000000000
25803569,1787316011,5012531328320802005
25803575,1787316083,25036297236181714
25803582,1787316167,3158000000000000000
25803589,1787316251,3173000000000000000
25803595,1787316323,3261000000000000000
25803599,1787316371,3119000000000000000
25803604,1787316431,3105000000000000000
25803612,1787316527,3174000000000000000
25803622,1787316647,3175000000000000000
25803684,1787317391,3154000000000000000
25803694,1787317511,3207000000000000000
25803708,1787317679,9998659384388847433
25803819,1787319035,176151341168340549
25803877,1787319743,35087719298245614035
25803910,1787320139,300000000000000000
25804013,1787321375,16733207939544281
25804080,1787322179,100000000000000000
25804088,1787322275,28010879328647432
25804121,1787322671,3007518796992481
25804124,1787322707,177041475358096624000
25804145,1787322959,20000000000000000000
25804146,1787322971,4025100344847079
25804165,1787323199,20000000000000000000
25804167,1787323223,286391558655521875
25804246,1787324171,10100129909396797
25804253,1787324255,17092857456925521
25804264,1787324387,5012531328320802
25804472,1787326883,50000000000000000
25804533,1787327615,586310411182461000
25804889,1787331899,20050125313283208
25804900,1787332031,260844914027135307
25804911,1787332163,3111068748619275510
25804944,1787332559,10025062656641604
25805058,1787333927,20050125313283208
25805289,1787336699,2000000000000000000
25805303,1787336867,10000000000000000000
25805317,1787337035,8000000000000000000
25805319,1787337059,200000000000000000
25805338,1787337287,408925125000000000000
25805352,1787337455,1000000000000000000
25805461,1787338763,100250626566416040
25805714,1787341823,149625000000000000000
25805727,1787341979,3007518796992481
25805752,1787342279,832080200501253132
25805760,1787342375,9637240290968161
25805764,1787342423,3007518796992481
25805789,1787342735,20000000000000000
25805811,1787342999,500000000000000000
25805830,1787343227,170073750000000000000
25806178,1787347403,151211259529844460
25806235,1787348099,80458220250715763
25806261,1787348411,100000000000000000
25806298,1787348855,200000000000000000
25806392,1787349983,9975000000000000
25806412,1787350223,99750000000000000
25806422,1787350343,997500000000000000
25806634,1787352911,3000000000000000
25806821,1787355155,4987500000000000
25807036,1787357735,50125313283208020050
25807116,1787358695,50125313283208020
25807180,1787359463,400000000000000000
25807181,1787359475,11028489262326162
25807246,1787360255,320802005012531328
25807313,1787361071,20050125313283208
25807455,1787362799,40100250626566416
25807671,1787365427,1109545904761904
25808343,1787373503,200000000000000000
25808718,1787378027,11000000000000000000
25808884,1787380019,24500000000000000000
25808953,1787380847,19025497468388083
25808967,1787381015,34042244708148576
25809186,1787383655,20100250626566416
25809205,1787383883,5336441213742114138
25809363,1787385779,72003265509021017
25809422,1787386487,1000000000000000000
25809429,1787386571,17157420765786781
25809534,1787387843,5012531328320802
25809868,1787391863,3000000000000000
25810271,1787396699,12036297315615200
25810322,1787397311,1000000000000000000
25810344,1787397575,1002506265664160
25810372,1787397911,1454636591478696741
25810432,1787398631,2029110809613533
25810445,1787398787,500000000000000000
25810445,1787398787,3187969924812030075
25810544,1787399987,64602731103882194
25810554,1787400107,239745253716274645
25810584,1787400467,33511513443894704
25810799,1787403059,80000000000000
25810869,1787403899,100000000000000000
25811160,1787407415,50000000000000000
25811316,1787409311,496240478872180451
25811435,1787410739,50125313283208020050
25811457,1787411003,50000000000000000
25811474,1787411207,99712242134428142
25811486,1787411351,52540000000000000
25811531,1787411891,95101993597929979
25811550,1787412119,501253132832080200
25811583,1787412527,35000000000000000
25811659,1787413439,700000000000000000
25811674,1787413619,50000000000000000000
25811799,1787415119,38535338345864661
25811886,1787416163,250000000000000000
25811953,1787416979,2108003562526020502
25811962,1787417087,4751879699248120300
25812048,1787418119,1000000000000000000
25812069,1787418371,7000000000000000000
25812198,1787419919,32080200501253132832
25812243,1787420459,500000000000000000
25812265,1787420723,2205513784461152882
25812279,1787420891,3000000000000000000
25812294,1787421071,25062656641604010025
25812657,1787425439,5012531328320802005
25812677,1787425679,5012531328320802005
25812687,1787425799,9849594743378636509
25812921,1787428619,1661384664226505274
25813017,1787429771,300000000000000000
25813114,1787430983,10025062656641604
25813153,1787431463,116058660000000000
25813435,1787434883,90000000000000000
25813580,1787436623,894766300708168
25813643,1787437379,9508613716012930
25813657,1787437547,40654452013510628
25813730,1787438435,315000000000000000000
25813746,1787438627,1243107769423558897
25814205,1787444147,3007518796992481203
25814229,1787444435,1222043849953598604
25814602,1787448911,4010025062656641604
25814753,1787450723,10883001584707049702
25814763,1787450843,1002506265664160401
25815250,1787456735,2921805361070860590
25815379,1787458295,38996295011801145
25815465,1787459327,118132039720237994
25815509,1787459855,501253132832080200
25815676,1787461859,34034700129963838
25816109,1787467067,28992126022060070
25816238,1787468615,10025062656641604
25816588,1787472827,50000000000000000
25816654,1787473619,300000000000000
25816702,1787474207,158000000000000000
25816881,1787476355,100000000000000000
25816922,1787476847,16296396749437175
25816975,1787477483,501253132832080200
25817012,1787477927,290400000000000000
25817097,1787478947,40027695828581699
25817217,1787480399,5012531328320802005
25817378,1787482343,390439225369266731
25817416,1787482799,35808495500710879
25817426,1787482919,461152882205513784
25817620,1787485247,100250626566416
25817657,1787485691,3007518796992481
25817995,1787489759,2499848534679275968
25818096,1787490971,618416497562517879
25818296,1787493371,4010025062656641604
25818442,1787495147,521303258145363408
25818611,1787497175,26282513559654407
25818687,1787498087,6015037593984962406
25818699,1787498231,4010025062656641604
25818768,1787499071,890000000000000000
25818795,1787499395,179448621553884711
25818800,1787499455,1200000000000000000
25818863,1787500211,600000000000000000
25818910,1787500775,180000000000000000
25818945,1787501195,1002506265664160401
25819018,1787502071,5000000000000000
25819061,1787502599,48445873468801278
25819083,1787502863,2005012531328320802
25819238,1787504723,10000000000000000000
25819265,1787505047,1002506265664160
25819289,1787505335,600000000000000000
25819306,1787505539,2005012531328320802
25819356,1787506139,10000000000000000000
25819472,1787507531,10000000000000000000
25819559,1787508575,105400178126301036
25819582,1787508851,40000000000000000
25819584,1787508875,20491803279000000
25819666,1787509859,94757882338314832
25819713,1787510423,80280892213707070
25819730,1787510627,57800000000000000000
25819759,1787510975,500000000000000000
25819996,1787513843,20427500000000000000
25820028,1787514239,4000000000000000000
25820134,1787515523,16426396328587595223
25820180,1787516075,123320000000000000
25820189,1787516183,30132907115089213
25820302,1787517551,351000000000000000
25820411,1787518859,70175438596491228
25820550,1787520539,716220597332594726
25820588,1787520995,362193600000000000
25820593,1787521055,2750000000000000000
25820613,1787521295,5012531328320802005
25820627,1787521463,1002506265664160401
25820647,1787521703,362152600000000000
25820695,1787522279,361278000000000000
25820707,1787522423,359207920000000000
25820737,1787522783,342791902000000000
25820783,1787523335,342257810000000000
25820900,1787524739,610913921557524226
25821256,1787529011,352039000000000000
25821307,1787529623,358930000000000000
25821399,1787530739,254643568731544337
25821460,1787531483,1220000000000000000
25821474,1787531651,1503759398496240601
25821627,1787533487,9400689760035000
25821669,1787533991,50125313283208020
25822121,1787539427,10025062656641604
25822282,1787541371,1233082706766917293
25822471,1787543651,3695814696104732
25822491,1787543891,2509528050626214
25822500,1787543999,50125313283208020
25822646,1787545751,925000000000000000
25822783,1787547395,80218458827505403
25822784,1787547407,3500000000000000000
25823036,1787550455,2208384684551069288
25823054,1787550671,25000000000000000000
25823196,1787552375,1077396425152414
25823198,1787552399,100381122025048605
25823216,1787552615,50000000000000000000
25823229,1787552771,70000000000000000000
25823278,1787553359,138028005317912304805
25823432,1787555219,143000000000000000
25823555,1787556695,17931766063290155
25823631,1787557607,1448922305764411027
25823732,1787558819,10273751250000000000
25823737,1787558879,997001250000000000
25823766,1787559227,10273751250000000000
25823783,1787559431,4972327509459002571
25823798,1787559611,2500000000000000
25823904,1787560883,24150675458430244937
25823983,1787561831,750000000000000000
25824105,1787563307,1700000000000000000
25824131,1787563619,25300000000000000
25824169,1787564075,50190561012524300
25824435,1787567267,150000000000000000
25824593,1787569175,118951528963936027
25824647,1787569835,1002506265664160401
25824662,1787570015,14558274127292798934
25824667,1787570075,500000000000000000
25824832,1787572055,20000000000000000000
25825048,1787574647,1470000000000000000
25825073,1787574947,1444347257633445640
25825199,1787576459,100000000000000000
25825362,1787578415,6524772931628159213
25825420,1787579111,3011433660751458098
25825519,1787580299,3914863758976895527
25825664,1787582039,996209018442750000
25825669,1787582099,996104415689040000
25825740,1787582951,16383354223666676
25825841,1787584163,996203892254340000
25825862,1787584415,26756113340996601
25825867,1787584475,3362767587839128209
25826030,1787586431,4010025062656641604
25826195,1787588411,1000000000000000000
25826204,1787588519,2277161662621909782
25826211,1787588603,1345100000000000000
25826247,1787589035,100250626566416040
25826329,1787590031,834547973172717165
25826396,1787590835,501253132832080200
25826834,1787596103,4010025062656641604
25826877,1787596619,751879699248120300
25826901,1787596907,361892860000000000
25826926,1787597207,359201892000000000
25826952,1787597519,330167289230000000
25826961,1787597627,332826100000000000
25826978,1787597831,360168200000000000
25827003,1787598131,361781970000000000
25827013,1787598251,348193600000000000
25827021,1787598347,342920000000000000
25827048,1787598683,356781961000000000
25827053,1787598743,799294895261417772
25827075,1787599007,330127829000000000
25827104,1787599355,386928000000000000
25827137,1787599751,340271900000000000
25827197,1787600471,348216200000000000
25827244,1787601035,327192300000000000
25827247,1787601071,987471627922131
25827254,1787601155,372816520000000000
25827257,1787601191,364427060000000000
25827264,1787601275,428426090000000000
25827267,1787601311,332178192000000000
25827275,1787601419,517930870000000000
25827299,1787601707,1500000000000000000
25827333,1787602115,342818501000000000
25827336,1787602151,10000000000000000
25827367,1787602523,346101790000000000
25827369,1787602547,169465515288973555
25827646,1787605883,126165977044258312
25827648,1787605907,71137468922722052
25827663,1787606087,25083277566378124
25827694,1787606459,263504859693442335
25827831,1787608139,1100000000000000000
25827835,1787608187,1002506265664160
25827933,1787609363,8020050125313283208
25827937,1787609411,2440569659477684
25828204,1787612627,783536532676094334
25828284,1787613599,123583479001151585
25828612,1787617571,352638984112801
25828623,1787617703,42342776322490386
25828630,1787617787,140442470869364674
25828779,1787619575,80357095803491901
25829033,1787622635,100250626566416040
25829250,1787625251,461152882205513784
25829371,1787626703,10000000000000000000
25829639,1787629919,60228673215029158
25829695,1787630591,3357127872779539945
25829705,1787630711,8300000000000000000
25829807,1787631935,803048976200388826
25829935,1787633471,20264661654135338
25830012,1787634395,99750000000000000
25830273,1787637539,500000000000000000
25830327,1787638187,1000000000000000
25830335,1787638283,128863953496420018
25830459,1787639771,3979363768222500042
25830463,1787639819,709775224516661221
25830650,1787642099,100000000000000
25830680,1787642459,180000000000000000
25830700,1787642699,79800000000000000
25830727,1787643023,10000000000000000
25830755,1787643359,7100000000000000000
25830781,1787643671,100000000000000
25830802,1787643923,157300000000000000
25830817,1787644103,100250626566416
25830895,1787645039,200000000000000
25831071,1787647151,44132012669665858
25831095,1787647451,11456390000000000
25831134,1787647919,150000000000000
25831197,1787648675,4857237292279845
25831202,1787648735,200000000000000
25831534,1787652731,10000000000000000
25831600,1787653523,4977073718892538
25831743,1787655239,10994224129408091
25831817,1787656139,400000000000000000
25831974,1787658023,11576216787280277
25832120,1787659775,4987500000000000
25832939,1787669663,500000000000000000
25832960,1787669915,11027568922305764411
25833025,1787670719,84502459412469241
25833059,1787671127,1000000000000000000
25833070,1787671259,11462929009000000
25833085,1787671439,18000000000000000000
25833107,1787671703,200000000000000000
25833145,1787672159,2005012531328320802
25833154,1787672267,10000000000000000
25833167,1787672423,33324708937708983
25833205,1787672879,2616541353383458646
25833287,1787673875,82706982434786967418
25833292,1787673935,25744153627361366
25833315,1787674211,2005012531328320
25833317,1787674235,5000000000000000000
25833331,1787674403,1002506265664160
25833335,1787674451,60000000000000000
25833349,1787674619,1000000000000000
25833363,1787674787,808010000000000
25833402,1787675255,902102490614565436
25833451,1787675855,616971366898950660
25833478,1787676179,571276623447883848
25833577,1787677379,1538105587821769270
25833644,1787678195,1000000000000000
25833654,1787678315,1124524600000000000
25833663,1787678423,1112000000000000
25833689,1787678735,250842513204918516
25833924,1787681555,34706766917293233
25833941,1787681759,10000000000000000000
25833947,1787681831,10000000000000000000
25833965,1787682047,19373556550834379
25833972,1787682131,10000000000000000
25834001,1787682479,2000000000000000000
25834009,1787682575,8250000000000000000
25834034,1787682875,1009064489562295967
25834211,1787684999,2205513784461152882
25834237,1787685311,1000000000000000000
25834268,1787685683,1500000000000000000
25834276,1787685779,6015037593984962
25834276,1787685779,4000000000000000000
25834283,1787685863,1000000000000000000
25834290,1787685947,10824756459116736670
25834339,1787686547,676117193255014746
25834360,1787686799,260651629072681704
25834387,1787687123,163067669172932330
25834443,1787687795,41000000000000000
25834459,1787687987,401002506265664
25834554,1787689127,572735598684203025
25834571,1787689331,15856692144288275
25834595,1787689619,15831819386422495
25834664,1787690447,29342666785481194
25834687,1787690723,13441592491520131
25834706,1787690951,426685727913299396
25834737,1787691323,147086533463369251
25834795,1787692019,12500000000000000
25834972,1787694143,217936842105263157
25834996,1787694431,346819000000000000
25835019,1787694707,371893700000000000
25835027,1787694803,351282000000000000
25835048,1787695055,347902810000000000
25835072,1787695343,14078117270003173
25835079,1787695427,322189973000000000
25835083,1787695475,146359355163844
25835103,1787695715,364212891200000000
25835185,1787696711,342017000000000000
25835211,1787697023,347201000000000000
25835277,1787697815,361782000000000000
25835334,1787698499,16969722082111236017
25835428,1787699627,346910620000000000
25835438,1787699747,313839700000000000
25835466,1787700083,334183700000000000
25835479,1787700239,19768345453669122
25835786,1787703959,153065419456056133
25835966,1787706119,80200501253132
25836133,1787708123,10000000000000000000
25836197,1787708891,19250649257110772
25836301,1787710151,90343009822543743
25836307,1787710223,15168591853654337
25836664,1787714519,5000000000000000
25836795,1787716091,18000000000000000000
25837068,1787719367,8113634469000000
25837415,1787723555,555000000000000000
25837457,1787724059,1906364470000000000
25837509,1787724683,100381122025048605
25837536,1787725007,73556020286626167
25837595,1787725715,14962500000000000
25837757,1787727659,183821168637570818
25837784,1787727995,84235463564100000000
25837946,1787729939,17042606516290726
25838105,1787731859,19634575131381635
25838134,1787732219,43753293258100000000
25838208,1787733119,3000000000000000
25838360,1787734943,1443609022556390977
25838430,1787735783,13807747423834105
25838432,1787735807,19233197060073589
25838471,1787736275,9222117263543417
25838480,1787736383,8117930034329119
25838580,1787737595,1426885276242298
25838741,1787739527,130000000000000000
25839150,1787744447,89461008023029648
25839178,1787744783,21907761829218539
25839212,1787745191,5000000000000000
25839235,1787745467,21453634085213032
25839264,1787745815,3962934314944385382
25839474,1787748347,2000000000000000000
25839539,1787749127,40000000000000000
25839629,1787750207,9871551417161842437
25839792,1787752163,410000000000000
25839916,1787753651,14376718134577457064
25839927,1787753783,30000000000000000000
25839936,1787753891,25062656641604010
25840007,1787754743,32000000000000000000
25840029,1787755007,25095280506262149345
25840051,1787755271,22000000000000000000
25840215,1787757263,3486327085627648983
25840224,1787757371,88220499125614035087
25840229,1787757431,125313283208020050
25840246,1787757635,10025062656641604
25840365,1787759063,4030125438910559
25840378,1787759219,150000000000000000
25840400,1787759483,25226288636810552
25840403,1787759519,1177047975483853
25840425,1787759783,10000000000000000
25840456,1787760155,160000000000000000
25840469,1787760311,25523063808919021
25840662,1787762639,11068529234177194
25840683,1787762891,100000000000000000
25840774,1787763983,16051504309717547
25840778,1787764031,3007518796992481203
25840859,1787765027,501253132832080200
25840914,1787765699,40700000000000000
25840979,1787766479,2005906425134191488
25841203,1787769167,3007518796992481203
25841211,1787769263,2506265664160401002
25841231,1787769515,1000000000000000000
25841280,1787770103,4010025062656641604
25841295,1787770283,1100000000000000000
25841360,1787771075,4010025062656641604
25841369,1787771183,888000000000000000
25841382,1787771339,59261064973451772
25841416,1787771747,4446625598533360
25841419,1787771783,4282990042913781594
25841459,1787772263,200501253132832080
25841496,1787772707,1002506265664160401
25841509,1787772863,52484540000000000
25841624,1787774267,510000000000000000
25841662,1787774723,801862667708737622
25841704,1787775227,20050125313283208
25841710,1787775299,3007518796992481203
25841793,1787776307,5012531328320
25841883,1787777387,15614901057439696740
25841926,1787777903,57119059360491191
25842194,1787781131,6000000000000000000
25842283,1787782223,1253299238465052
25842314,1787782595,5012531328320802
25842572,1787785703,1762539500000000000
25842745,1787787791,100000000000000006
25842761,1787787983,332189200000000000
25842813,1787788607,323782000000000000
25842836,1787788883,349262800000000000
25842856,1787789123,347292100000000000
25842888,1787789519,1485000000000000
25842890,1787789543,342791000000000000
25842898,1787789639,50125313283208020
25842902,1787789687,342821000000000000
25842916,1787789855,100250626566416040
25842928,1787789999,346191000000000000
25842955,1787790323,312682900000000000
25843010,1787790983,200762244050097211
25843131,1787792447,1002506265664160401
25843204,1787793323,10025062656641604010
25843224,1787793563,802005012531328320
25843234,1787793683,1604010025062656641
25843312,1787794619,401002506265664160
25843328,1787794811,401002506265664160
25843334,1787794883,400000000000000000
25843356,1787795147,1200000000000000000
25843392,1787795579,5000000000000000000
25843432,1787796059,200762244050097211
25843500,1787796875,15000000000000000000
25843634,1787798483,19858860805742030
25844005,1787802935,1499614140890252760
25844176,1787804987,200762244050097211
25844269,1787806103,5000000000000000
25844329,1787806823,55000000000000000
25844447,1787808239,20000000000000000
25844508,1787808971,400000000000000000
25844683,1787811095,99431927366918499
25844849,1787813099,5000000000000000
25844915,1787813903,500000000000000
25844928,1787814059,7000000000000000000
25844983,1787814719,519347000000000000
25844999,1787814911,1268846000000000000
25845013,1787815079,1347272000000000000
25845031,1787815295,1438102000000000000
25845051,1787815535,1389889000000000000
25845062,1787815667,1636729000000000000
25845084,1787815931,1124500000000000000
25845098,1787816099,774888000000000000
25845118,1787816351,1472626000000000000
25845129,1787816483,1681753000000000000
25845139,1787816603,581731000000000000
25845149,1787816723,1342056000000000000
25845160,1787816855,1742984000000000000
25845178,1787817083,1623548000000000000
25845192,1787817251,882786000000000000
25845205,1787817407,803048976200388842
25845208,1787817443,1377879000000000000
25845223,1787817623,1461516000000000000
25845266,1787818139,1002506265664160401
25845286,1787818379,5989327240437834412
25845291,1787818439,2000000000000000
25845600,1787822171,6015037593984962406
25845721,1787823623,1000000000000000000
25845754,1787824019,1000000000000000000
25845804,1787824619,9000000000000000000
25845941,1787826263,9926668741425823228
25846012,1787827115,1002506265664160401
25846422,1787832059,1499905441042547838
25846593,1787834111,100534016082032260
25846632,1787834579,10000000000000000000
25846649,1787834783,50000000000000000
25846702,1787835419,5012531328320802
25846736,1787835827,170884044571368090
25846794,1787836523,173590399422094
25846932,1787838179,200000000000000
25846997,1787838959,210526315789473684
25847339,1787843063,12345235600000000
25847529,1787845343,20050125313283208
25847570,1787845835,50125313283208020
25847698,1787847395,13032581453634085213
25847779,1787848367,65525803384157753
25847857,1787849303,204541871682103242
25847889,1787849687,6203875663440000
25847921,1787850071,2000000000000000000
25847994,1787850947,5000000000000000000
25848016,1787851211,113446843655443430
25848022,1787851283,20000000000000000
25848051,1787851631,16040100250626566416
25848075,1787851919,4010025062656641
25848135,1787852639,36283662111150952
25848189,1787853287,420000000000000000
25848208,1787853515,1500000000000000000
25848580,1787857991,145552626936320474
25848591,1787858135,195412925594518683
25848693,1787859359,2506265664160401
25848702,1787859467,40000000000000000
25848754,1787860091,2506265664160401
25848793,1787860559,100000000000000
25848807,1787860727,1000000000000000000
25848808,1787860739,100000000000000000000
25848834,1787861051,20000000000000000000
25848899,1787861831,50000000000000000000
25848953,1787862479,31000000000000000000
25849062,1787863787,45429963067250680
25849171,1787865095,216575325446000
25849306,1787866715,5000000000000000000
25849318,1787866859,164000000000000000000
25849349,1787867231,300751879699248120
25849363,1787867411,78000000000000000000
25849367,1787867459,1997640000000000000
25849410,1787867975,40100250626566416
25849431,1787868239,11605780276908454
25849453,1787868503,1992406500000000
25849589,1787870135,37424450000000000
25849703,1787871503,500000000000000000
25850035,1787875511,20050125313283208020
25850352,1787879315,2500000000000000
25850484,1787880899,2163210750277857666
25850508,1787881187,2500000000000000
25850641,1787882795,1002506265664160401
25850648,1787882879,1002506265664160
25850909,1787886011,100230000000000000
25851038,1787887559,101253132832080200
25851475,1787892827,1203007518796992481
25851517,1787893331,4010025062656641
25851964,1787898707,12531328320802005012
25852318,1787902991,99499526938000000
25852374,1787903675,894235588972431077
25852398,1787903975,800000000000000
25852617,1787906603,3007518796992481203
25852656,1787907071,4987500000000000000
25852680,1787907359,1002506265664160401
25852770,1787908439,2000000000000000
25852982,1787910983,3000000000000000
25853205,1787913659,299841211430733456
25853319,1787915027,1700000000000000000
25853414,1787916179,69428620644963700000
25853433,1787916407,760000000000000000
25853433,1787916407,31183600000000000000
25853457,1787916695,105351278778208122607
25853513,1787917367,77500000000000000000
25853659,1787919119,4982456140350877192
25853759,1787920331,316764154910346314
25853967,1787922851,250626566416040100
25853967,1787922851,5650888031944441
25854177,1787925395,10000000000000000000
25854380,1787927855,489913756759819567
25854408,1787928191,20050125313283208
25854498,1787929271,17847234005678070
25854610,1787930615,2480523413462096
25854650,1787931095,100250626566416040
25854665,1787931275,358520211613443329
25854670,1787931335,60000000000000000
25854838,1787933351,9210154174988250000
25854901,1787934119,2250000000000000000
25855026,1787935643,500000000000000000
25855057,1787936015,100381122025048605
25855277,1787938655,1500000000000000000
25855282,1787938715,5012531328320802
25855400,1787940131,6997493734335839598
25855540,1787941811,31375293801627561
25855573,1787942207,183620000000000000
25855643,1787943047,500000000000000000
25855668,1787943359,411229386110427768
25855772,1787944619,200000000000000000
25855922,1787946431,770000000000000000
25855942,1787946671,256200000000000000
25856008,1787947475,494896658318006597
25856035,1787947799,2130000000000000000
25856087,1787948423,138500000000000000
25856149,1787949167,1825182196192848809
25856292,1787950883,1000000000000000
25856350,1787951579,50851350963981051
25856388,1787952035,1985636525221182012
25856477,1787953103,185463659147869674
25856505,1787953439,1500000000000000000
25856519,1787953607,37636450520035683
25856606,1787954651,6192744592820540
25856636,1787955011,481871936479957
25856640,1787955059,349060000000000000
25856828,1787957327,348362100000000000
25856873,1787957867,1621857879559294197
25856885,1787958011,357829010000000000
25856999,1787959391,340218000000000000
25857013,1787959559,354564000000000000
25857117,1787960819,20000000000000000
25857117,1787960819,50190561012524303
25857126,1787960927,418724754676594526
25857322,1787963303,500000000000000000
25857582,1787966459,41786339575101693
25857598,1787966651,1700000000000000000
25857955,1787970935,41364867953588055
25858039,1787971943,100381122025048605
25858124,1787972963,100000000000000000
25858152,1787973299,2150000000000000000
25858482,1787977283,298765000000000000
25858891,1787982191,3761330077125091
25859249,1787986487,649589161099440985
25859733,1787992307,281000000000000000
25859737,1787992355,11629072681704260651
25859746,1787992463,477814509133668726
25859805,1787993171,618194167580784
25859838,1787993567,1000000000000000000
25859881,1787994083,22751000000000000000
25859972,1787995175,3450000000000000000
25860095,1787996663,319000000000000000
25860366,1787999951,6174512913515234
25860423,1788000635,750000000000000000
25860478,1788001295,12447117794486215
25860556,1788002231,37559179048188379733
25860583,1788002555,9458731395562101
25860621,1788003011,1002506265664160401
25860645,1788003299,4000000000000000
25860695,1788003911,50125313283208020
25860714,1788004139,10000000000000000
25860865,1788005951,2052376000000000
25860872,1788006035,12000000000000000
25860974,1788007283,322051000000000000
25861056,1788008291,9000000000000000
25861672,1788015719,9013457528707856
25861917,1788018659,60000000000000
25861921,1788018707,38000000000000000
25862096,1788020807,5500000000000000000
25862112,1788020999,5000000000000000000
25862137,1788021299,1109549605462287360
25862215,1788022235,4280698846675713626
25862314,1788023423,6867146786766414782
25862550,1788026255,400000000000000000
25862625,1788027155,5000000000000000
25862667,1788027659,300751879699248120
25862669,1788027683,3000000000000000000
25862830,1788029639,4000000000000000000
25862965,1788031259,100000000000000000
25863176,1788033803,266317786286395197
25863257,1788034775,200000000000000
25863307,1788035375,100381122025048605
25863722,1788040355,753342574915152
25863920,1788042743,1100000000000000000
25863923,1788042779,1714285714285714285
25863982,1788043487,4000000000000000
25864056,1788044375,5000000000000000
25864214,1788046271,500000000000000000
25864262,1788046847,100000000000000000
25864270,1788046943,1900000000000000000
25864295,1788047243,1453634085213032581
25864502,1788049739,10000000000000000
25864672,1788051791,13291800000000000000
25864823,1788053615,244611528822055137
25864894,1788054467,81503759398496240
25865879,1788066311,8286530936746903
25867076,1788080723,2005012531328320802
25867084,1788080819,10000000000000000000
25867106,1788081095,11000000000000000000
25867114,1788081191,5612340000000000000
25867237,1788082679,451127819548872180
25867324,1788083723,118000000000000000
25867409,1788084755,10000000000000000
25867465,1788085427,786877388277556
25867472,1788085511,15319136000000000000
25867773,1788089135,300000000000000000
25867781,1788089231,30000000000000000000
25867832,1788089843,300000000000000000
25867876,1788090371,406313667895737
25867921,1788090911,11377874208996361551
25868353,1788096107,3780485615780998
25868766,1788101087,810025062656641604
25868800,1788101495,360776824234393298
25868862,1788102251,2000000000000000
25868896,1788102659,44567122736535361197
25868944,1788103235,1000000000000000000
25869002,1788103931,175490000000000000
25869021,1788104159,134876000000000000
25869296,1788107459,5000000000000000
25869306,1788107579,349000000000000000
25869514,1788110075,5000000000000000000
25869535,1788110327,106000000000000000
25869684,1788112127,211122174203874265
25869706,1788112391,10000000000000000
25869829,1788113867,60150375939849624
25869883,1788114515,1121804511278195488
25869984,1788115727,559000000000000000
25870002,1788115943,1000000000000000000
25870106,1788117203,200501253132832080
25870123,1788117407,4642606516290726
25870148,1788117707,50125313283208020
25870191,1788118223,3938121725054570389
25870231,1788118703,200000000000000000
25870296,1788119483,90737844611528822
25870339,1788119999,310000000000000000
25870350,1788120131,2000000000000000000
25870409,1788120839,1000000000000000000
25870696,1788124307,1087426196192718
25870742,1788124859,20076224405009721607
25870783,1788125351,1002506265664160401
25870933,1788127151,4679413388737588
25870996,1788127907,468068832322610
25870998,1788127931,5000000000000000
25871121,1788129419,252510207983453024
25871175,1788130067,700000000000000000
25871300,1788131579,683000000000000000
25871502,1788134003,324036000000000000
25871542,1788134483,167858465770658096
25871589,1788135047,331208200000000000
25871607,1788135263,348190000000000000
25871608,1788135275,902255639097744360
25871625,1788135479,387687292000000000
25871634,1788135587,342916239000000000
25871686,1788136211,382191700000000000
25871729,1788136727,1002506265664160401
25871747,1788136943,358982190000000000
25871759,1788137087,110275689223057644
25871777,1788137303,2000000000000000000
25871782,1788137363,70175438596491228
25871783,1788137375,351892000000000000
25871816,1788137783,374079300000000000
25871831,1788137963,850000000000000000
25871832,1788137975,339262000000000000
25871895,1788138731,349268200000000000
25871938,1788139271,27923032254767707
25871969,1788139643,29749240000000000
25872019,1788140243,1000000000000000000
25872078,1788140951,21075686936404400
25872154,1788141863,1000000000000000000
25872227,1788142739,15670000000000000
25872292,1788143519,30000000000000000
25872305,1788143675,84416955111380417
25872312,1788143759,501253132832080200
25872459,1788145547,8000000000000000
25872479,1788145787,850000000000000000
25872563,1788146807,3520000000000000000
25872589,1788147119,987857123585652872
25872612,1788147395,1400000000000000000
25872637,1788147695,133285835197227712
25872765,1788149231,74788750910643632
25872823,1788149939,13753054396092222
25873436,1788157295,41095745358614795
25873773,1788161351,125313283208020050
25873835,1788162095,10025062656641604010
25873893,1788162791,221000000000000
25874010,1788164195,3408521303258145363
25874151,1788165899,14754000000000000
25874250,1788167087,389676313968700353
25874327,1788168011,5000000000000000000
25874402,1788168911,110000000000000000
25874452,1788169535,39522546836850986
25874470,1788169751,10000000000000000
25874501,1788170123,658089203941691
25874514,1788170279,35957006533041661
25874565,1788170903,204777488931098
25874756,1788173195,8713013779227391
25874812,1788173879,10025062656641604
25874958,1788175643,20050125313283208
25874981,1788175919,14069397954618913
25875138,1788177815,3000000000000000000
25875158,1788178055,3000000000000000000
25875165,1788178139,3000000000000000000
25875197,1788178523,3000000000000000000
25875203,1788178595,3000000000000000000
25875208,1788178655,3000000000000000000
25875213,1788178715,3000000000000000000
25875217,1788178763,29656411247094895
25875223,1788178835,2054720153279286603
25875224,1788178847,3000000000000000000
25875229,1788178907,3000000000000000000
25875265,1788179339,3000000000000000000
25875398,1788180947,1657867443569516065
25875484,1788181991,728987728170504834
25875585,1788183227,116900000000000000
25875590,1788183287,227583933970823
25875606,1788183479,25000000000000000
25875708,1788184703,6115288220551378446
25875730,1788184967,21080000000000000000
25875756,1788185279,5127132035862996
25875838,1788186263,181000000000000000
25876085,1788189227,20000000000000000000
25876309,1788191915,10000000000000000
25876362,1788192551,4300000000000000000
25876371,1788192659,977443609022556390
25876396,1788192959,4038901577287570
25876402,1788193031,4387050689694969475
25876598,1788195383,5486472100793852
25876652,1788196031,40488000000000000
25877071,1788201107,418045112781954887
25877147,1788202031,500000000000000
25877163,1788202223,5012531328320802005
25877346,1788204431,1800000000000000000
25877373,1788204767,500000000000000000
25877381,1788204863,856000000000000000
25877406,1788205163,802005012531328320
25877423,1788205367,1280000000000000000
25877453,1788205739,802005012531328320
25877474,1788205991,11528822055137844
25877521,1788206555,1493000000000000000
25877583,1788207299,1274000000000000000
25877607,1788207587,2160000000000000000
25877629,1788207851,75689223057644110
25877648,1788208079,84520776973863026
25877661,1788208235,1380000000000000000
25877742,1788209207,762896527390369384
25877819,1788210131,4606096056078668
25877850,1788210503,1200000000000000000
25877853,1788210539,5000000000000000
25877915,1788211283,1000000000000000
25877938,1788211559,200762244050097211
25877942,1788211607,862917083780712929
25877956,1788211775,100250626566416040100
25878022,1788212567,929572564792594715
25878131,1788213875,807975000000000000
25878165,1788214283,820000000000000000
25878165,1788214283,3007518796992481
25878201,1788214715,623864150610049262
25878235,1788215135,316324876689362843
25878245,1788215267,348265823255028004
25878254,1788215375,395223277200052043
25878608,1788219647,50125313283208020
25879119,1788225815,10000000000000000
25879162,1788226331,20000000000000000
25879207,1788226871,3268322901524232111
25879225,1788227087,3268043723474867537
25879246,1788227339,2238221414515953386
25879337,1788228431,756268244879227283
25879356,1788228659,1834586466165413533
25879726,1788233111,988497570696140350
25879735,1788233219,7518796992481203007
25879737,1788233243,2000000000000000000
25879752,1788233423,100381122025048605
25879932,1788235583,19950000000000000000
25879936,1788235631,100000000000000000000
25879958,1788235895,100000000000000000
25879967,1788236003,500000000000000000
25880403,1788241283,150375939849624060
25880432,1788241631,150375939849624060
25880505,1788242519,100250626566416040
25880731,1788245231,12500000000000000000
25880986,1788248303,39300000000000000
25881135,1788250091,995335452032964108
25881191,1788250763,7200000000000000000
25881220,1788251111,208746214411135471
25881230,1788251231,208734411451019100
25881289,1788251951,200501253132832080
25881324,1788252371,500000000000000000
25881510,1788254603,6140777438140869
25881713,1788257039,5012531328320802
25881780,1788257843,4486215538847117794
25881782,1788257867,186576441102756892
25881783,1788257879,501253132832080200
25881900,1788259319,275989974937343358
25881994,1788260447,1000000000000000000
25882003,1788260555,2957872515977093359
25882123,1788261995,100000000000000000
25882157,1788262403,6239598997493734335
25882307,1788264203,130325814536340852
25882371,1788264971,100250626566416040
25882419,1788265559,10000000000000000
25882436,1788265763,1904761904761904761
25882466,1788266123,6260651629072681704
25882489,1788266399,170426065162907268
25882504,1788266579,1203007518796992481
25882532,1788266915,1750000000000000000
25882543,1788267047,8500000000000000000
25882557,1788267215,6270676691729323308
25882745,1788269483,2524770726817042606
25882799,1788270131,250626566416040100
25882831,1788270515,3492994750394271139
25882866,1788270935,5012531328320802005
25882932,1788271727,832080200501253132
25882942,1788271847,423717489953319919
25882997,1788272507,2097744360902255639
25883081,1788273515,2005012531328320
25883198,1788274919,1002506265664160
25883216,1788275135,1024661654135338
25883218,1788275159,1002506265664160401
25883232,1788275327,2005012531328320
25883250,1788275543,11137844611528822
25883255,1788275603,24060150375939849
25883267,1788275747,1114786967418546
25883285,1788275963,990460150375939
25883290,1788276023,2007525078360060
25883349,1788276731,61074875919799498746
25883353,1788276779,2085213032581453634
25883554,1788279215,26721227639812974
25883565,1788279347,178756981792549533
25883616,1788279959,73684210526315789
25883616,1788279959,5751350921676996
25883631,1788280139,6516290726817042606
25883653,1788280403,2005012531328320802
25883726,1788281279,20551378446115288220
25883732,1788281351,57242921303258145363
25883889,1788283235,204288409161304796
25883906,1788283439,200501253132832080
25883955,1788284027,60955501542049350
25883977,1788284291,178145363408521303
25884023,1788284843,4500000000000000000
25884073,1788285455,2610532000000000000
25884146,1788286331,10000000000000000000
25884148,1788286355,100000000000000000
25884319,1788288407,1500000000000000000
25884374,1788289067,169472739110768754
25884477,1788290303,100000000000000000
25884552,1788291215,400000000000000000
25884563,1788291347,100250626566416040
25884582,1788291575,1002506265664160
25884725,1788293291,40000000000000000
25884730,1788293351,200762244050097211
25884782,1788293975,5000000000000000000
25884841,1788294683,424360902255639097
25884866,1788294983,20050125313283208020
25884889,1788295259,4225563909774436090
25884894,1788295319,18050000000000000000
25884915,1788295571,17794486215538847117
25884962,1788296135,422556390977443609
25884964,1788296159,159048108802838264
25884970,1788296231,802005012531328320
25885026,1788296903,993410000000000000
25885051,1788297215,22332376219468671
25885333,1788300623,449597872945263
25885336,1788300659,67165695913522918
25885340,1788300707,30837578130896091
25885344,1788300755,6540000000000000000
25885344,1788300755,39684307812587641
25885347,1788300791,19031441599682720
25885385,1788301247,3633480319085385
25885542,1788303131,100000000000000000
25885733,1788305447,561429700000000000
25885771,1788305903,352281900000000000
25885784,1788306059,351926800000000000
25885830,1788306611,340261290000000000
25885840,1788306743,342718168200000000
25885866,1788307055,372817000000000000
25886009,1788308783,328163000000000000
25886049,1788309263,372093000000000000
25886084,1788309683,9751948661039654
25886226,1788311387,65162907268170426
25886265,1788311855,366189200000000000
25886274,1788311963,338920820000000000
25886291,1788312167,2295886089840652793
25886321,1788312527,348927900000000000
25886331,1788312647,20100376253918003
25886372,1788313151,2008281632299991559
25886392,1788313391,2000000000000000000
25886541,1788315191,85255676745817774
25886697,1788317075,3007518796992481
25886699,1788317099,10000000000000000
25886759,1788317819,362681000000000000
25886787,1788318155,362893000000000000
25886811,1788318443,6000000000000000
25886817,1788318515,250000000000000000
25886824,1788318599,360620000000000000
25886977,1788320435,48165240679797927
25887278,1788324047,95238095238095238
25887335,1788324731,4867594244194074
25887532,1788327095,820375301891275291
25887745,1788329651,197026679673164706
25887925,1788331811,1072073268040146
25888019,1788332939,1989833492639194560
25888273,1788336011,995781675699832891
25888302,1788336359,433776150703118
25888422,1788337799,501253132832080200
25888462,1788338279,18000000000000000
25888491,1788338627,5019056101252430
25888671,1788340799,2474415599136014157
25888847,1788342935,18000000000000000000
25888855,1788343031,6000000000000000
25888858,1788343067,5150000000000000000
25888906,1788343655,27002798022768483957
25888949,1788344171,33914672313679832044
25889053,1788345419,2042000000000000000
25889161,1788346739,2050000000000000000
25889169,1788346835,2000000000000000000
25889207,1788347291,2056225977443517415
25889252,1788347831,1636527320368486
25889264,1788347975,10160056193352110299
25889348,1788348983,4792684303314726
25889387,1788349451,1499374340998260285
25889418,1788349823,701754385964912
25889420,1788349847,145710751876821760
25889441,1788350099,2893200000000000000
25889471,1788350459,8074141134241736
25889515,1788350999,3007518796992481
25889677,1788352943,300000000000000000
25889704,1788353267,7737489935530922
25889751,1788353831,4668384161294795390
25889831,1788354803,1103240000000000000
25889866,1788355223,42105263157894736
25889869,1788355259,99941243585285183
25889901,1788355643,53262846123893437
25889999,1788356831,2166416040100250626
25890030,1788357203,19616525894736842105
25890179,1788359003,10000000000000000
25890195,1788359195,100000000000000000
25890223,1788359531,4210526315789473
25890279,1788360203,2005012531328320802
25890282,1788360239,2083572000000000000
25890427,1788361979,1055363873580238075
25890442,1788362159,789602573438674998
25890464,1788362423,130000000000000000
25890596,1788364019,100000000000000000
25890759,1788365975,700000000000000
25890770,1788366107,4195930900647031
25890811,1788366599,2150215879699248120
25890820,1788366707,106616541353383458
25890876,1788367379,1600000000000000000
25890914,1788367835,8068760285513061195
25890972,1788368531,629478897243107769
25891203,1788371315,10000000000000000
25891286,1788372311,2179420822055137844
25891330,1788372839,10466165413533834586
25891384,1788373487,39097744360902255
25891456,1788374351,45274922982843978
25891537,1788375323,100000000000000
25891566,1788375671,1500000000000000000
25891633,1788376475,9261196867004947
25891664,1788376847,100381122025048605
25891664,1788376847,200000000000000000
25891684,1788377087,454165025229853133
25891784,1788378287,913468210427942240
25891796,1788378431,1503759398496240601
25891837,1788378923,700000000000000000
25891888,1788379535,4136112027700363186
25892038,1788381335,253738766565554127
25892082,1788381863,250626566416040100
25892120,1788382319,8343452827206000000
25892232,1788383663,3208000000000000000
25892239,1788383747,3116000000000000000
25892269,1788384107,13132832080200501
25892331,1788384863,35619814134404447
25892359,1788385199,501253132832080200
25892396,1788385643,99128132466986975
25892457,1788386399,103000000000000000
25892618,1788388379,20000000000000000000
25892665,1788388943,10000000000000000
25892801,1788390575,100000000000000000
25892880,1788391523,3184000000000000000
25892884,1788391571,3221000000000000000
25892891,1788391655,3319000000000000000
25892922,1788392027,3189000000000000000
25893025,1788393287,197329413200000000
25893100,1788394187,491228070175438596
25893392,1788397703,2005012531328320802
25893468,1788398615,10000000000000000
25893489,1788398867,1002506265664160401
25893529,1788399347,1000000000000000000
25893590,1788400079,2005012531328320802
25893591,1788400091,2005012531328320802
25893633,1788400595,10000000000000000
25893748,1788401975,3789473684210526315
25893940,1788404279,1002506265664160401
25894131,1788406571,18000000000000000000
25894378,1788409535,2168008195062598198
25894404,1788409847,1875000000000000000
25894414,1788409967,1880000000000000000
25894465,1788410579,1874686716791979949
25894494,1788410939,4124639273990188
25894517,1788411227,12460000000000000000
25894689,1788413291,30075187969924812
25894704,1788413471,8560833733169491
25894738,1788413879,10000000000000000
25894786,1788414455,5012531328320802005
25894793,1788414551,68170426065162907
25894841,1788415127,10025062656641604
25894886,1788415667,44967366439348400
25895098,1788418235,11172983763311745
25895101,1788418271,6473376187165420
25895108,1788418355,4760651877511230
25895194,1788419387,500000000000000000
25895223,1788419735,88816196412452891
25895233,1788419855,1000000000000000000
25895281,1788420431,2000000000000000000
25895296,1788420611,1000000000000000000
25895485,1788422915,300000000000000
25895558,1788423791,2007622440500971
25895563,1788423851,54360000000000000
25895571,1788423947,501253132832080200
25895622,1788424559,10000000000000000
25895630,1788424655,356935070891587985
25895656,1788424967,24589066419037657187
25895712,1788425651,40000000000000000
25895740,1788425987,802005012531328320
25895768,1788426323,1503759398496240601
25895801,1788426719,40000000000000000
25895900,1788427907,25070194282699229
25895944,1788428435,9975000000000000
25896062,1788429863,130180340328978508
25896179,1788431267,2910000000000000000
25896201,1788431531,17000000000000000000
25896328,1788433055,100250626566416040
25896630,1788436679,14774741304978706667
25896698,1788437531,106241912894381757
25896732,1788437939,1245430000000000
25897130,1788442715,42384780391101572
25897141,1788442847,30723000000000000
25897144,1788442883,42468609119889624
25897156,1788443027,30075187969924812
25897163,1788443111,829920000000000000
25897290,1788444635,33914742534358811
25897300,1788444755,12955406536614414
25897417,1788446171,1250000000000000000
25897435,1788446387,21483709273182957
25897667,1788449171,8150755004236793316
25897732,1788449951,156805614931791665
25897820,1788451007,25062656641604010025
25897946,1788452531,10000000000000000
25897964,1788452747,127921097047457986
25898016,1788453371,154600545722584824
25898287,1788456647,1403508771929824561
25898289,1788456671,100000000000000
25898320,1788457043,50301191575429802
25898331,1788457175,15931489617871225
25898349,1788457391,21047250000000000000
25898363,1788457559,539508936234273033
25898504,1788459263,915419616025050029
25898565,1788459995,40000000000000000
25898575,1788460115,199500000000000000
25898702,1788461639,362917270000000000
25898731,1788461999,531851982593611439
25898814,1788462995,348910000000000000
25898814,1788462995,881638878845900915
25898832,1788463211,376819000000000000
25898845,1788463367,1250000000000000000
25898853,1788463463,369020000000000000
25898875,1788463727,901430000000000000
25898883,1788463835,81215216230862308
25898886,1788463871,902255639097744360
25898900,1788464039,342073900000000000
25898927,1788464363,347916800000000000
25898967,1788464843,342927800000000000
25899000,1788465239,378254295017855864
25899001,1788465251,20000000000000000000
25899064,1788466007,50125313283208020
25899087,1788466283,2234000000000000000
25899203,1788467675,1022556390977443609
25899268,1788468455,1702200000000000000
25899301,1788468851,1984124716745010000
25899307,1788468923,1983129890009100000
25899308,1788468935,200501253132832
25899337,1788469283,10025062656641604
25899526,1788471551,10025062656641604
25899540,1788471719,407592109518045924
25899632,1788472835,1023523790447115
25899738,1788474119,100000000000000
25899841,1788475355,149999999999999994
25899941,1788476555,1680633173000000000
25900125,1788478787,1223057644110275689
25900145,1788479027,21290233694780655
25900155,1788479147,170426065162907268
25900165,1788479267,179467700000000000000
25900165,1788479267,2005012531328320
25900177,1788479411,6015037593984962
25900218,1788479903,90225563909774436
25900220,1788479927,1750000000000000000
25900230,1788480047,14732556390058286179
25900236,1788480119,872180451127819548
25900255,1788480359,269082706766917293
25900275,1788480599,354887218045112781
25900309,1788481007,1000000000000000
25900311,1788481031,415695000000000000
25900333,1788481295,62329824561403508
25900382,1788481883,52252741602910532
25900386,1788481931,1049675375280215382
25900484,1788483107,501253132832080200
25900524,1788483587,800000000000000000
25900542,1788483803,2005012531328320802
25900594,1788484427,500000000000000000
25900885,1788487943,401524488100194421
25900889,1788488003,501253132832080200
25900901,1788488147,1000000000000000000
25900922,1788488399,978771547456676
25901047,1788489923,500000000000000000
25901095,1788490511,300751879699248120
25901115,1788490751,10000000000000000
25901273,1788492659,5000000000000000000
25901307,1788493067,2000000000000000000
25901461,1788494915,458563804816135234
25901472,1788495047,21611614005012531328
25901561,1788496127,501253132832080200
25901591,1788496487,10025062656641604
25901651,1788497207,2000000000000000000
25901716,1788497987,501253132832080200
25901770,1788498635,188050766166908202
25901813,1788499151,1002506265664160401
25902007,1788501479,501253132832080200
25902202,1788503819,2005012531328320802
25902240,1788504275,2000000000000000000
25902439,1788506675,1000000000000000000
25902474,1788507095,23651842805533365
25902505,1788507467,20000000000000000000
25902580,1788508367,899550467242129663
25902636,1788509039,1000000000000000
25902684,1788509615,1000000000000000000
25902742,1788510311,48785506945266993
25902769,1788510635,672100000000000000
25902787,1788510851,300000000000000000
25902922,1788512471,447587784454771815
25902925,1788512507,800000000000000000
25902952,1788512831,650000000000000000
25903040,1788513887,2005012531328320802
25903197,1788515783,2000000000000000
25903244,1788516347,1002506265664160401
25903246,1788516371,22427604017568139
25903252,1788516443,1000000000000000000
25903253,1788516455,1002506265664160401
25903336,1788517451,171522454725478131
25903453,1788518855,200501253132832080
25903667,1788521435,543311984407450
25903820,1788523271,13022889519239441
25903820,1788523271,82686716791979949
25903836,1788523463,18000000000000000
25903846,1788523583,996859355491757922
25904167,1788527435,110419234227553462
25904251,1788528455,1500000000000000000
25904394,1788530183,13403508771929824561
25904430,1788530615,50125313283208020
25904436,1788530687,24690726817042606
25904458,1788530951,204932725837476866
25904638,1788533123,2005012531328320802
25904728,1788534203,675871047629046626
25904755,1788534527,497231085591631248
25904824,1788535355,19000000000000000000
25904824,1788535355,4000000000000000
25904925,1788536579,100000000000000000
25904944,1788536807,2000000000000000
25905064,1788538271,100250626566416040
25905074,1788538391,100000000000000000
25905147,1788539267,13360473116415431
25905149,1788539291,2000000000000000000
25905194,1788539831,1102756892230576441
25905244,1788540431,35000000000000000
25905253,1788540551,18699570000000000
25905306,1788541187,26417610000000000
25905316,1788541307,145000000000000000
25905316,1788541307,767432395348201814
25905379,1788542075,1000000000000000000
25905398,1788542303,13462190000000000
25905414,1788542495,965413533834586466
25905422,1788542591,1500000000000000000
25905457,1788543011,7407180694556501
25905536,1788543959,1000000000000000000
25905560,1788544247,1000000000000000000
25905614,1788544907,2005012531328320802
25905652,1788545375,2836332302735829604
25905656,1788545423,70305973496232
25905727,1788546275,10025062656641604
25905759,1788546659,651629072681704260
25905782,1788546935,602286732150291604
25906108,1788550859,20000000000000000
25906116,1788550955,1002506265664160401
25906137,1788551207,10000000000000000
25906140,1788551243,10025062656641604
25906143,1788551279,10000000000000000
25906164,1788551531,5000000000000000
25906200,1788551963,852130325814536340
25906277,1788552887,10000000000000000
25906280,1788552923,50000000000000000
25906320,1788553403,1200000000000000
25906326,1788553475,300000000000000000
25906348,1788553739,105589974937343358
25906431,1788554735,52150375939849624
25906527,1788555887,36454340652292003
25906618,1788556979,280701754385964912
25906824,1788559463,9967443617931327
25906827,1788559499,13657488050418744
25906830,1788559535,14470444629434742
25907001,1788561587,5012531328320802
25907028,1788561911,239577218633101171
25907135,1788563207,9221795350012884
25907336,1788565631,184500000000000000
25907576,1788568523,1000000000000000000
25907613,1788568967,10000000000000000
25907653,1788569447,5000000000000000
25907675,1788569711,7000000000000000
25907726,1788570335,12700000000000000000
25908057,1788574307,4173061000000000000
25908072,1788574487,4089638000000000000
25908260,1788576743,1002506265664160401
25908489,1788579491,1000000000000000000
25908558,1788580319,501253132832080200
25908564,1788580391,75827759063643686
25908805,1788583295,501253132832080200
25908858,1788583931,13258506265664160
25908863,1788583991,80200501253132832
25909054,1788586283,401002506265664160
25909111,1788586967,501253132832080200
25909130,1788587207,16382150165456595935
25909247,1788588611,501253132832080200
25909254,1788588695,276437787246010211
25909480,1788591407,802005012531328320
25909509,1788591755,3206999000000000000
25909536,1788592079,3506186000000000000
25909679,1788593831,93233082706766917
25909691,1788593975,325285780636097
25909732,1788594479,500000000000000000
25909840,1788595787,4652442440294179526
25909871,1788596159,450527942166893607
25909884,1788596327,3111814782776506583
25909910,1788596639,1102774960832541007
25909955,1788597179,63157894736842105
25909991,1788597623,4617531613152236147
25910113,1788599099,120300751879699248
25910146,1788599495,192922215440661297
25910192,1788600047,150375939849624060
25910222,1788600407,3163000000000000000
25910255,1788600803,3214000000000000000
25910263,1788600899,150375939849624060
25910287,1788601187,150375939849624060
25910318,1788601559,2853132832080200501
25910324,1788601631,1002506265664160401
25910396,1788602495,150375939849624060
25910433,1788602951,10025062656641604
25910462,1788603299,150375939849624060
25910471,1788603407,5284107728668143900
25910577,1788604679,150375939849624060
25910599,1788604943,150375939849624060
25910624,1788605243,150375939849624060
25910646,1788605507,150375939849624060
25910674,1788605843,150375939849624060
25910736,1788606587,150375939849624060
25910782,1788607139,150375939849624060
25910800,1788607355,150375939849624060
25910816,1788607547,150375939849624060
25910831,1788607727,5012531328320802005
25910849,1788607943,5012531328320802005
25910944,1788609083,14000000000000000000
25911026,1788610079,150375939849624060
25911058,1788610463,2500000000000000
25911066,1788610559,596170228917936806
25911071,1788610619,150375939849624060
25911089,1788610835,3007518796992481
25911096,1788610919,150375939849624060
25911131,1788611339,150375939849624060
25911179,1788611915,1465610000000000
25911181,1788611939,99573885355211431
25911184,1788611975,10025062656641604
25911206,1788612239,2039518796992481
25911212,1788612311,100000000000000000
25911240,1788612647,3510000000000000
25911300,1788613379,100250626566416040
25911324,1788613667,9724310776942355
25911383,1788614375,4216007125052041005
25911411,1788614711,1010000000000000000
25911450,1788615179,90225563909774436
25911467,1788615383,461233187103133824
25911510,1788615899,200000000000000000
25911556,1788616451,2500000000000000
25911564,1788616547,209503501590975581
25911587,1788616823,367586634554745717
25911602,1788617003,500000000000000000
25911603,1788617015,2828570143617702
25911661,1788617711,55000000000000000
25911751,1788618791,5000000000000000000
25911876,1788620291,2000000000000000
25911886,1788620411,10000000000000000
25912015,1788621959,166797439717185550
25912066,1788622571,150375939849624060
25912107,1788623063,4128211003731367
25912119,1788623207,126000000000000000
25912127,1788623303,1002506265664160
25912192,1788624083,10000000000000000
25912265,1788624959,1938123849234552
25912319,1788625607,1216332769623686862
25912324,1788625667,1730867568922305764
25912368,1788626195,20000000000000000
25912445,1788627131,307475007483080816
25912461,1788627323,40100250626566416
25912478,1788627527,40000000000000000
25912547,1788628355,12030075187969924
25912565,1788628571,308957549861747010
25912578,1788628727,75187969924812030
25912589,1788628859,4262589980923762
25912606,1788629063,3408521303258145
25912748,1788630779,200000000000000000
25912780,1788631163,60000000000000000
25912782,1788631187,150375939849624060
25912800,1788631403,2000000000000000000
25912806,1788631475,150375939849624060
25912848,1788631979,150375939849624060
25912855,1788632063,81464661654135338
25912919,1788632843,1000000000000000000
25912924,1788632903,85300000000000000
25912996,1788633767,20000000000000000
25913019,1788634043,40000000000000000
25913142,1788635531,30325814536340852130
25913145,1788635567,1000000000000000000
25913164,1788635795,1000000000000000000
25913176,1788635939,9500000000000000
25913415,1788638807,150375939849624060
25913422,1788638891,4010025062656641604
25913425,1788638927,13984175996597367
25913461,1788639359,995914064563546519
25913461,1788639359,100250626566416040
25913615,1788641219,500000000000000000
25913641,1788641531,150375939849624060
25913660,1788641759,150375939849624060
25913688,1788642107,1002506265664160401
25913715,1788642431,150375939849624060
25913739,1788642719,10743987908500864542
25913791,1788643343,120300751879699248
25913853,1788644087,22468170426065162
25913973,1788645539,45000000000000000
25913996,1788645815,517702002008589
25914009,1788645971,2467000838471689
25914026,1788646175,2364089479280852
25914148,1788647663,34357446635513385
25914175,1788647987,6000000000000000000
25914182,1788648071,10000000000000000
25914186,1788648119,97406829379446419
25914295,1788649439,12030075187969924
25914304,1788649547,90000000000000000
25914387,1788650543,121448621553884711
25914422,1788650975,112148370927318295
25914433,1788651107,916878102009237403
25914436,1788651143,170647907442582625
25914456,1788651383,375282900000000000
25914482,1788651695,400000000000000000
25914486,1788651743,341269100000000000
25914519,1788652139,362926580000000000
25914521,1788652163,1275857971208951
25914566,1788652703,362519020000000000
25914574,1788652799,500000000000000000
25914620,1788653351,351072900000000000
25914625,1788653411,20050125313283208020
25914630,1788653471,386270000000000000
25914636,1788653543,22055137844611528
25914643,1788653627,357182000000000000
25914678,1788654059,352172000000000000
25914678,1788654059,250000000000000000
25914691,1788654215,181615005732033031
25914711,1788654455,361657190000000000
25914732,1788654707,378190000000000000
25914753,1788654959,342839000000000000
25914779,1788655271,98042787085832284
25914870,1788656387,19000000000000000
25914921,1788656999,714928205002837628668
25914952,1788657371,20000000000000000
25915243,1788660875,2305764411027568922
25915357,1788662243,205478222991642900
25915362,1788662303,1711000000000000000
25915466,1788663551,461152882205513784
25915577,1788664883,1232640000000000000
25915584,1788664967,501253132832080200
25915741,1788666851,1002506265664160401
25915847,1788668123,501253132832080200
25916063,1788670727,78216228697261754
25916169,1788671999,300751879699248120
25916198,1788672347,1423128620477796
25916257,1788673055,501253132832080200
25916503,1788676007,31825507188816534
25916524,1788676259,3007518796992481
25916619,1788677399,12311278195488721
25916765,1788679163,550638364769171271
25916773,1788679259,30000000000000000000
25916792,1788679487,4162115288220551
25916803,1788679619,501253132832080200
25916828,1788679919,3007518796992481
25916895,1788680723,14299127819548872
25916933,1788681179,10000000000000000
25916942,1788681287,55137844611528822
25916947,1788681347,1002506265664160401
25916989,1788681851,10685000000000000000
25917059,1788682703,920159777882512
25917067,1788682811,909903941110576
25917089,1788683075,905801276489584
25917254,1788685067,657865800000000000
25917294,1788685547,5112781954887218045
25917325,1788685919,451127819548872180
25917366,1788686411,503872145770837088
25917437,1788687263,28000000000000000000
25917448,1788687395,10025062656641604
25917476,1788687731,1002506265664160401
25917501,1788688031,10000000000000000000
25917506,1788688091,4000000000000000000
25917538,1788688475,7026678541753401
25917619,1788689447,3189000000000000000
25917681,1788690191,1002506265664160401
25917767,1788691223,3000000000000000000
25917983,1788693839,24408342013441769
25918027,1788694367,6500000000000000000
25918113,1788695399,65575486109045603
25918201,1788696455,50000000000000000
25918267,1788697247,1303258145363408521
25918335,1788698063,60000000000000000
25918360,1788698363,4000000000000000000
25918364,1788698411,10000000000000000
25918391,1788698747,9037775710822550
25918505,1788700115,1995000000000000
25918540,1788700535,5270214783390247100
25918638,1788701711,132358141864594628
25918639,1788701723,1406504727449621414
25918645,1788701795,675710809891933771
25918649,1788701843,1857203166961951842
25918707,1788702539,200501253132832080
25918755,1788703115,170426065162907268
25918805,1788703715,45460000000000000
25918812,1788703799,7573815783960000000
25919100,1788707267,36111635710738847
25919214,1788708635,100250626566416040
25919262,1788709211,100250626566416040
25919458,1788711563,160401002506265664
25919527,1788712391,1500000000000000000
25919561,1788712799,182456140350877192
25919916,1788717059,120300751879699248
25919929,1788717227,3629072681704260651
25919981,1788717851,250000000000000000
25920024,1788718367,500000000000000000
25920045,1788718619,291077808910982
25920077,1788719015,300000000000000000
25920181,1788720263,3237815681000000000
25920189,1788720359,14327956137812722571
25920346,1788722255,501253132832080200
25920425,1788723215,300000000000000000
25920446,1788723467,1002506265664160401
25920502,1788724139,73182957393483709
25920512,1788724259,501253132832080200
25920622,1788725579,937251220000000000
25920625,1788725615,501253132832080200
25920885,1788728747,40100250626566416040
25920995,1788730067,2759032543103410
25921042,1788730631,20197083862140739056
25921081,1788731099,100000000000000000
25921113,1788731483,30000000000000000
25921268,1788733367,9685928446600000
25921362,1788734495,196144564968615000
25921752,1788739187,216223204198580717
25921925,1788741263,2479542247983079506
25922067,1788742979,59850000000000000
25922278,1788745511,1937494931479914
25922672,1788750239,79837121591402160
25922759,1788751283,1774981600749942
25923266,1788757427,3600000000000000
25923359,1788758543,252415147223400000
25923565,1788761051,20050125313283208
25923619,1788761699,10362214718835526
25923720,1788762911,10000000000000000
25923746,1788763223,130325814536340852
25923756,1788763343,26990000000000000000
25923766,1788763463,150375939849624060
25923791,1788763763,150375939849624060
25923822,1788764135,150375939849624060
25923880,1788764831,44110275689223057
25923934,1788765479,325221413810181591
25923940,1788765551,37092731829573934
25923969,1788765899,150000000000000000
25924015,1788766451,160005565451552114
25924063,1788767027,87822431576692806
25924142,1788767999,1720000000000000000
25924235,1788769115,1000000000000000000
25924348,1788770471,4109533720861033
25924360,1788770615,5000000000000000
25924399,1788771083,498296694553263090
25924400,1788771095,401200000000000000
25924443,1788771611,3000000000000000000
25924515,1788772475,10000000000000000
25924559,1788773003,31153845496418975300
25924684,1788774515,10025062656641604
25924701,1788774719,179467733330000000000
25924909,1788777227,3351809523809523809
25925037,1788778763,194722395180707941
25925188,1788780599,1031318118244567310
25925296,1788781907,4014555000000000
25925356,1788782639,498462587970239591
25925373,1788782843,11866897093761975
25925376,1788782879,19632166795051935
25925379,1788782915,6800000000000000
25925413,1788783323,6780834399633994375
25925415,1788783347,340000000000000000
25925486,1788784211,3007518796992481203
25925574,1788785279,9494724452685065
25925685,1788786623,13140936147161284
25925706,1788786887,4400000000000000
25925714,1788786983,20100376253918003
25925768,1788787631,1002506265664160401
25925908,1788789323,6295716436587335
25926028,1788790763,4020897000000000
25926068,1788791243,48621882990782960
25926075,1788791327,28849809752130317
25926304,1788794075,142730144864727050
25926404,1788795287,250626566416040100
25926639,1788798119,1446971955159178436
25926808,1788800159,650000000000000000
25926838,1788800519,10000000000000000
25926858,1788800759,200000000000000000
25926919,1788801491,100000000000000000
25926959,1788801971,7510335821980448
25927005,1788802523,1000000000000000
25927156,1788804347,9113598241871882
25927169,1788804503,10500000000000000000
25927287,1788805931,33987156395837966
25927314,1788806255,328989000000000000
25927372,1788806951,346292070000000000
25927396,1788807239,362029600000000000
25927436,1788807719,353620000000000000
25927463,1788808043,372672900000000000
25927494,1788808415,346829910000000000
25927512,1788808631,352892000000000000
25927514,1788808655,1002506265664160401
25927527,1788808811,366825000000000000
25927538,1788808943,352815780000000000
25927562,1788809231,362176280000000000
25927576,1788809399,372768932600000000
25927593,1788809627,331286190000000000
25927611,1788809843,342819000000000000
25927619,1788809939,348929260000000000
25927636,1788810143,332811680000000000
25927662,1788810455,346920000000000000
25927694,1788810839,352925000000000000
25927711,1788811043,324189000000000000
25927738,1788811367,342072000000000000
25927755,1788811571,140350877192982456
25927814,1788812291,341681297000000000
25927834,1788812531,332982100000000000
25927947,1788813887,5348130196726615030
25927955,1788813983,16541353383458646
25927998,1788814499,420000000000000000
25928083,1788815519,1558274770738596
25928111,1788815867,78419835227865260
25928129,1788816083,40106610000000000
25928202,1788816959,8045505378420345
25928230,1788817295,1000000000000000000
25928237,1788817379,50125313283208020
25928305,1788818195,10500000000000000000
25928538,1788821003,205787468671679197
25928567,1788821351,40100250626566416
25928624,1788822035,4100000000000000000
25928854,1788824807,50000000000000000
25928883,1788825167,22289658000000110
25928923,1788825647,40000000000000000
25928928,1788825707,40000000000000000
25928960,1788826091,422708235084737115
25928963,1788826127,862155388471177944
25929030,1788826943,7893059198451241
25929117,1788827987,10025062656641604010
25929150,1788828383,4000000000000000000
25929179,1788828731,160000000000000000
25929290,1788830063,29372071728544176
25929373,1788831059,31200000000000000
25929503,1788832619,36185944525658458
25929542,1788833087,24561586109705944
25929670,1788834635,11300000000000000
25929726,1788835319,3007518796992481
25929829,1788836555,20050125313283208
25929941,1788837899,100000000000000000
25930039,1788839075,1000000000000000000
25930074,1788839495,7112175000000000000
25930092,1788839711,5000000000000000
25930098,1788839783,5440660378258836
25930299,1788842207,100000000000000000
25930308,1788842315,2050000000000000
25930342,1788842735,2205513784461152882
25930351,1788842843,39956739592573310702
25930351,1788842843,4852370106444430
25930354,1788842879,38572355889724311
25930521,1788844883,1500000000000000000
25930528,1788844967,22578640000000000
25930568,1788845447,100000000000000000
25930575,1788845531,2000000000000000
25930716,1788847223,3024433218870000
25930831,1788848603,404928137976984761
25930899,1788849419,20000000000000000000
25930993,1788850547,1000000000000000
25931025,1788850931,501905610125242
25931025,1788850931,10000000000000000
25931229,1788853391,300000000000000000
25931268,1788853859,35087719298245614
25931437,1788855887,800000000000000000
25931463,1788856199,1002506265664160
25931539,1788857111,1000000000000000
25931568,1788857459,500000000000000000
25931746,1788859607,213132832080200501
25931826,1788860579,102000000000000000
25931948,1788862067,2000000000000000000
25931979,1788862451,6015037593984962406
25932028,1788863039,246470668307409926
25932098,1788863879,200000000000000
25932104,1788863951,700000000000000
25932156,1788864575,40100250626566416
25932206,1788865175,2000000000000000000
25932350,1788866903,39548872180451127
25932565,1788869519,400000000000000000
25932576,1788869651,48000000000000000
25932708,1788871247,40446650000000000
25932718,1788871367,54723150414817000000
25932788,1788872219,120000000000000000
25932882,1788873347,3114663691755445450
25932892,1788873467,6015037593984962406
25933078,1788875735,18000000000000000
25933102,1788876023,800000000000000000
25933110,1788876119,3119000000000000000
25933146,1788876551,5000000000000000000
25933180,1788876959,238596491228070175
25933439,1788880067,3000000000000000
25933493,1788880727,441542996475552468
25933506,1788880895,200000000000000
25933569,1788881651,2005012531328320802
25933576,1788881735,100000000000000000
25933638,1788882491,10056343421181142734
25933638,1788882491,1200000000000000000
25933643,1788882551,107945949961666332
25933720,1788883475,288160810018055455
25933755,1788883895,335942602192319962
25933886,1788885467,3000000000000000
25933886,1788885467,2000000000000000000
25933982,1788886631,4002611000000000
25934022,1788887123,50125313283208020
25934048,1788887435,1495000000000000000
25934096,1788888023,4000000000000000
25934194,1788889199,17238516290726817
25934268,1788890087,346812190000000000
25934289,1788890339,164932213333333333
25934310,1788890591,371283000000000000
25934319,1788890699,352936000000000000
25934319,1788890699,5284522415894573
25934320,1788890711,11000000000000000
25934324,1788890759,8420906072250000
25934347,1788891035,1002506265664160401
25934349,1788891059,8357083311966619
25934394,1788891599,392672800000000000
25934424,1788891971,200000000000000000
25934436,1788892115,346920000000000000
25934447,1788892247,351293235000000000
25934468,1788892499,348792863000000000
25934472,1788892547,4777944862155388
25934478,1788892619,382671289000000000
25934478,1788892619,4812030075187969
25934493,1788892799,382161127280000000
25934516,1788893075,354282900000000000
25934531,1788893255,346890200000000000
25934552,1788893507,4511278195488721804
25934658,1788894779,41009100632236326
25934792,1788896399,8340393243513683
25934968,1788898511,16060979524007778
25935160,1788900815,10025062656641604
25935216,1788901487,2900000000000000000
25935260,1788902015,205763141152882205
25935383,1788903491,19051568360185640
25935389,1788903563,13024852159477292
25935438,1788904151,42640759463119860
25935445,1788904235,50476020651629072
25935494,1788904823,525859021062947
25935503,1788904931,109617338006000000
25935577,1788905819,10025062656641604
25935669,1788906947,14000000000000000
25935715,1788907499,1000000000000000000
25935794,1788908447,20286716791979949
25936040,1788911411,40100250626566416
25936053,1788911567,3606600000000000000
25936206,1788913403,72657801466887956
25936453,1788916379,100000000000000000
25936927,1788922103,5000000000000000000
25936938,1788922235,26887143432571269640
25937095,1788924131,51127819548872180
25937098,1788924167,2506265664160401002
25937178,1788925127,1882413350363134545
25937185,1788925211,7145163348204738434
25937288,1788926459,1031423593528729
25937305,1788926663,15070468573611289019
25937318,1788926819,1002506265664160
25937583,1788929999,200000000000000000
25937678,1788931139,5000000000000000000
25937698,1788931391,200501253132832080
25937707,1788931499,180451127819548872
25937708,1788931511,39960000000000000
25937715,1788931595,206025062656641604
25937739,1788931883,176441102756892230
25937786,1788932447,59930000000000000
25937797,1788932579,170426065162907268
25937825,1788932915,106155388471177944
25937962,1788934571,50363871464042787913
25937986,1788934859,1000000000000000000
25938043,1788935555,12942500000000000
25938052,1788935663,900000000000000000
25938080,1788935999,5000000000000000
25938242,1788937943,51008289671329700654
25938355,1788939311,7053496932202981
25938497,1788941015,1102756892230576441
25938506,1788941123,20050125313283208
25938562,1788941795,637894018446115288
25938565,1788941831,27431098953574961
25938577,1788941975,196491228070175438
25938608,1788942347,300751879699248120
25938870,1788945515,120300751879699248
25938959,1788946583,1206398940377126344
25938965,1788946655,20000000000000000
25939136,1788948707,5681158762067193
25939172,1788949139,2506265664160401002
25939180,1788949235,501253132832080200
25939189,1788949343,601503759398496240
25939218,1788949691,512548943341766339
25939296,1788950639,4000000000000000
25939330,1788951047,814508340245808657
25939384,1788951695,10000000000000000
25939418,1788952103,348134488000000
25939455,1788952559,100000000000000000
25939488,1788952955,902366887970580571
25939515,1788953279,820000000000000000
25939590,1788954179,8000000000000000000
25939688,1788955355,1000000000000000000
25939710,1788955619,1000000000000000
25939764,1788956291,2000000000000000
25939787,1788956579,200501253132832080
25939855,1788957395,10000000000000000
25939897,1788957899,770000000000000000
25940001,1788959147,60228673215029158
25940019,1788959363,10025062656641604
25940127,1788960659,2005012531328320
25940141,1788960827,962406015037593984
25940236,1788961967,312683234037766133
25940502,1788965195,47625769812434295
25940581,1788966143,337158617196650043
25940657,1788967055,30318880911552060
25940728,1788967919,27831700000000000000
25940804,1788968831,23053189461697211
25940816,1788968975,1000000000000000000
25940921,1788970235,16611174237181408
25940927,1788970307,49261176157824169
25941057,1788971867,2025062656641604
25941071,1788972035,13701491117243688
25941129,1788972743,6445646490967559484
25941192,1788973511,68623517168066340
25941425,1788976319,1662777055238897874
25941501,1788977231,23121000000000000000
25941556,1788977891,22055137844611528
25941559,1788977927,128905683608258733
25941609,1788978527,150375939849624060
25941760,1788980339,200000000000000000
25941819,1788981047,1328132045005436207
25941897,1788981995,99982887287077203
25942085,1788984275,2205513784461152
25942108,1788984551,5163477063010568949
25942277,1788986603,17163216368403202
25942296,1788986831,26201630452315524654
25942370,1788987719,3088000000000000000
25942372,1788987743,81000000000000000
25942377,1788987803,3175000000000000000
25942390,1788987959,3208000000000000000
25942424,1788988367,3302000000000000000
25942427,1788988403,3025000000000000000
25942433,1788988475,3176000000000000000
25942438,1788988535,3261000000000000000
25942663,1788991235,529067084965136
25942742,1788992183,10025062656641604
25942768,1788992495,50000000000000000
25942807,1788992963,10000000000000000
25942813,1788993035,99838130602315105
25942856,1788993551,568606000539726990
25942930,1788994439,3007518796992481203
25942949,1788994667,65239500000000000
25943077,1788996203,10590000000000000000
25943118,1788996695,810000000000000000
25943251,1788998291,500000000000000000
25943359,1788999587,2030869562606516290
25943395,1789000019,897963320576955681
25943457,1789000763,8124827905964912280
25943584,1789002287,40935338345864661
25943600,1789002479,52801105180374779
25943620,1789002719,10025062656641604
25943722,1789003943,121931710476190476
25943858,1789005575,40780800601503759
25944228,1789010051,9888143355965519
25944354,1789011563,500000000000000
25944409,1789012223,11824499405420011
25944441,1789012607,1999279436526125657
25944721,1789015979,611129583231825
25944923,1789018403,20050125313283208
25944972,1789018991,2005012531328320802
25945150,1789021127,23000000000000000000
25945527,1789025675,7017543859649122
25945917,1789030391,5400000000000000000
25945985,1789031231,10000000000000000
25946229,1789034171,18279901638444106
25946982,1789043231,5002506265664160401
25947049,1789044035,100000000000000000
25947069,1789044275,3000000000000000000
25947113,1789044803,1967396709058800000
25947171,1789045499,100250626566416040
25947245,1789046399,5074131608838765
25947299,1789047047,1262155388471177944
25947343,1789047575,106943612633655000
25947448,1789048835,5019056101252430402
25947456,1789048931,5007609198918554938
25947479,1789049207,5098219457840200269
25947482,1789049243,20000000000000000
25947509,1789049567,1000000000000000000
25947700,1789051859,3000000000000000000
25947741,1789052351,1009699060295233375
25947894,1789054211,1400000000000000000
25947923,1789054559,78453183925682363
25947975,1789055183,178156743000000000
25948034,1789055903,5025094063479500
25948093,1789056611,1583963167500000
25948136,1789057127,208402504301996379
25948439,1789060763,20000000000000000
25948515,1789061687,9724310776942355889
25948731,1789064291,30601783458646616
25948764,1789064687,368629270000000000
25948784,1789064927,1750000000000000000
25948821,1789065371,365190000000000000
25948858,1789065815,376812680000000000
25948878,1789066055,391728900000000000
25948903,1789066355,391292600000000000
25948915,1789066499,52254046022370344
25948936,1789066751,10535028485529931
25948946,1789066871,386296000000000000
25948981,1789067291,3182000000000000000
25948985,1789067339,3074000000000000000
25948990,1789067399,391390000000000000
25949012,1789067663,346190000000000000
25949044,1789068047,352782643000000000
25949071,1789068371,397913200000000000
25949101,1789068731,346117920000000000
25949112,1789068863,5000000000000000000
25949141,1789069211,382593500000000000
25949163,1789069487,394729370000000000
25949175,1789069631,50000000000000000
25949177,1789069655,100000000000000000
25949189,1789069799,345943000000000000
25949219,1789070159,383786000000000000
25949251,1789070543,30601783458646616
25949284,1789070939,5000000000000000000
25949361,1789071875,3772268478215411
25949408,1789072439,6595689650945537
25949511,1789073687,219999760346015
25949518,1789073771,5019056101252430402
25949539,1789074023,50642477214951134
25949611,1789074899,500000000000000000
25949783,1789076975,4100000000000000
25949978,1789079327,10038112202504860
25950052,1789080227,10540017812630103
25950257,1789082711,997390000000000000
25950999,1789091651,61649170910228536
25951275,1789094999,9950062500000000
25951459,1789097207,1000000000000000000
25951468,1789097315,100000000000000000
25951476,1789097411,100000000000000000
25951487,1789097543,2000000000000000000
25951575,1789098599,401002506265664160
25951613,1789099055,497528000156250000
25951694,1789100027,1999261797349121839
25952102,1789104935,2000000000000000000
25952244,1789106651,4080200501253132832
25952261,1789106855,1000000000000000
25952268,1789106939,500000000000000000
25952411,1789108655,17000000000000000000
25952442,1789109027,3007518796992481
25952466,1789109315,35000000000000000
25952515,1789109903,974862113232429
25952782,1789113107,1000000000000000000
25952983,1789115531,2000000000000000000
25953151,1789117547,1080382424625000
25953170,1789117775,40400000000000000
25953211,1789118267,10000000000000000
25953252,1789118759,5850000000000000000
25953254,1789118783,9160000000000000000
25953283,1789119131,100250626566416040
25953327,1789119659,39100000000000000
25953341,1789119827,200501253132832080
25953344,1789119863,41515773000000000
25953367,1789120139,10000000000000000
25953383,1789120331,39812111500000000
25953427,1789120859,1000000000000000
25953446,1789121099,13710000000000000000
25953463,1789121303,42333900000000000
25953488,1789121603,10000000000000000
25953500,1789121747,517357199908249502
25953520,1789121987,19345970984716704
25953539,1789122215,1466666666666666666
25953550,1789122347,10000000000000000
25953553,1789122383,2886118373095327
25953628,1789123283,406669466825144568
25953639,1789123415,9274180432076727
25953652,1789123571,10000000000000000
25953847,1789125911,199313775327895717
25953894,1789126475,199001250000000000
25953910,1789126667,3204000000000000000
25953914,1789126715,3172000000000000000
25953923,1789126823,39520000000000000
25953947,1789127111,3253000000000000000
25953957,1789127231,3149000000000000000
25953962,1789127291,3304000000000000000
25953966,1789127339,3261000000000000000
25953972,1789127411,3149000000000000000
25953990,1789127627,3163000000000000000
25954009,1789127855,3119000000000000000
25954019,1789127975,3220000000000000000
25954042,1789128251,3177000000000000000
25954048,1789128323,3109000000000000000
25954101,1789128959,10000000000000000000
25954111,1789129079,3182000000000000000
25954114,1789129115,3241000000000000000
25954121,1789129199,1853556622306971901
25954139,1789129415,1006191997391139699
25954277,1789131083,2458145363408521303
25954346,1789131911,54641884483894329
25954465,1789133351,201790442220316830
25954488,1789133627,960000000000000000
25954635,1789135391,20076224405009720
25954678,1789135907,3167915160063148528
25954693,1789136087,3972201732825493132
25954795,1789137323,471177944862155388
25954890,1789138463,13477000000000000
25954904,1789138631,34705491185461893
25954917,1789138799,10395732235168561095
25955101,1789141031,1000000000000000000
25955114,1789141187,4010025062656641604
25955163,1789141775,25922029039805697
25955345,1789143971,780616201581739053
25955362,1789144175,347825780000000000
25955431,1789145003,355192700000000000
25955445,1789145171,336190100000000000
25955523,1789146119,347827000000000000
25955545,1789146383,377893000000000000
25955574,1789146731,372687900000000000
25955705,1789148303,1000000000000000000
25955710,1789148363,1002321502444560829
25955831,1789149815,900000000000000
25955880,1789150415,56000000000000000
25955899,1789150643,59665162907268170
25955993,1789151771,2007622440500972161
25956022,1789152119,2379032591993651913
25956322,1789155743,90000000000000000
25956456,1789157363,10552634707889190
25956488,1789157747,501253132832080200
25956529,1789158239,1002506265664160401
25956550,1789158491,8020050125313283
25956559,1789158599,2000000000000000000
25956931,1789163063,1002506265664160401
25957101,1789165115,462155388471177944
25957146,1789165655,36220135237584662
25957148,1789165679,2500000000000000000
25957217,1789166507,100250626566416040
25957253,1789166939,279000000000000000
25957315,1789167695,321378419752475539
25957507,1789170023,50000000000000000
25957533,1789170335,934816938931735
25957561,1789170671,382679200000000000
25957590,1789171019,342628790000000000
25957628,1789171475,332138900000000000
25957633,1789171535,6283321458859540
25957640,1789171619,363629000000000000
25957650,1789171739,374529010000000000
25957688,1789172195,360126290000000000
25957717,1789172543,359206281000000000
25957773,1789173227,366879297200000000
25957776,1789173263,2005012531328320802
25957782,1789173335,348912017000000000
25957811,1789173683,331293770000000000
25957867,1789174355,352920000000000000
25958109,1789177271,10038112202504860
25958203,1789178423,7981303012211614
25958474,1789181687,20000000000000000
25958624,1789183511,2000000000000000000
25958754,1789185095,196596518662563017
25959151,1789189859,100250626566416040
25959164,1789190015,40100250626566416
25959261,1789191179,51019476169750079
25959316,1789191851,200000000000000000
25959416,1789193051,750000000000000000
25959427,1789193195,600000000000000000
25959441,1789193363,22150732186485000
25959523,1789194347,398997493734335839
25959549,1789194659,306234450823004715
25959609,1789195379,15000000000000000000
25959746,1789197023,1601746814709041073
25959806,1789197743,4326257338545732
25960071,1789200947,501253132832080200
25960128,1789201631,10000000000000000
25960193,1789202411,501253132832080200
25960293,1789203611,1096717011294432780
25960300,1789203695,158600000000000000
25960351,1789204307,501253132832080200
25960405,1789204955,601503759398496240
25960429,1789205243,501253132832080200
25960563,1789206851,501253132832080200
25960574,1789206983,280000000000000000
25960632,1789207679,14035087719298245
25960803,1789209731,803048976200388842
25961020,1789212347,5012531328320802
25961038,1789212563,300751879699248120
25961082,1789213091,200501253132832080
25961115,1789213487,401002506265664160
25961192,1789214411,200501253132832080
25961231,1789214879,200501253132832080
25961244,1789215035,1000000000000000000
25961253,1789215143,50125313283208020
25961257,1789215191,60000000000000000
25961260,1789215227,1002506265664160401
25961337,1789216151,150375939849624060
25961383,1789216703,150375939849624060
25961400,1789216907,150375939849624060
25961444,1789217435,10000000000000000
25961446,1789217459,3000000000000000000
25961453,1789217543,694565635415784602
25961496,1789218059,500000000000000000
25961547,1789218671,2000000000000000000
25961576,1789219019,3763962718309021800
25961805,1789221767,7868000000000000
25961806,1789221779,484016352100000000
25961955,1789223579,100000000000000000
25961998,1789224095,1997800316300110220
25962126,1789225631,1002506265664160
25962353,1789228367,20050125313283208
25962666,1789232135,20000000000000000000
25962765,1789233335,19521089645935345
25962798,1789233731,100000000000000000
25962881,1789234727,150375939849624060
25963007,1789236239,50125313283208020
25963023,1789236431,140350877192982456
25963057,1789236839,400000000000000000
25963171,1789238219,11062523658881551
25963231,1789238951,3007518796992481203
25963296,1789239731,1002506265664160401
25963310,1789239899,200207181936832080
25963545,1789242731,100000000000000
25963578,1789243127,19790707423127916
25963598,1789243367,15000000000000000000
25963696,1789244555,38840849618381915
25963700,1789244603,18306538038509065
25963789,1789245671,58018102210214473
25963825,1789246103,51006864209512778
25963904,1789247063,13834586466165413533
25964051,1789248827,1000000000000000000
25964051,1789248827,9926542324448388
25964067,1789249019,10025062656641604
25964087,1789249259,2729560821624841674
25964162,1789250171,121252130325814536
25964278,1789251563,5012531328320802
25964329,1789252175,818798061719590
25964573,1789255103,100381122025048605
25964677,1789256351,1002506265664160401
25964712,1789256771,362429000000000000
25964728,1789256975,346202000000000000
25964763,1789257395,1464995685698865586
25964770,1789257479,367228000000000000
25964790,1789257719,346201000000000000
25964861,1789258571,372518900000000000
25964927,1789259363,342927260000000000
25964936,1789259471,369275201000000000
25964964,1789259807,362551800000000000
25965045,1789260791,9000000000000000
25965303,1789263899,15852960000000000
25965439,1789265531,183000000000000000
25965565,1789267043,9070000000000000
25965616,1789267655,268593026582579167
25965619,1789267691,500000000000000000
25965673,1789268339,501253132832080200
25965955,1789271747,2050000000000000000
25966127,1789273823,338000000000000000
25966169,1789274327,20022055137844611
25966329,1789276247,100250626566416040
25966343,1789276415,101704260651629072
25966670,1789280351,2000000000000000
25966680,1789280471,2005012531328320
25966890,1789282991,4132076709323213137
25966922,1789283375,120000000000000000
25966984,1789284119,100381122025048605
25967125,1789285811,3000000000000000000
25967391,1789289015,160247859649122807
25967517,1789290527,110000000000000000
25967540,1789290803,411027568922305764
25967555,1789290983,497797190992247844
25967648,1789292099,1283275734211308
25967651,1789292135,67568922305764411
25967736,1789293167,442328417172897
25967746,1789293287,1000000000000000000
25967857,1789294619,50000000000000000
25967901,1789295147,340852130325814536
25967931,1789295507,600000000000000000
25967940,1789295615,9665579454260989046
25968024,1789296623,1026181179698740742
25968028,1789296671,562352804258751460
25968034,1789296743,29664513672672738
25968145,1789298075,8411577402622210
25968161,1789298267,7611396258883669
25968181,1789298507,311811617250000
25968185,1789298555,988456467293402
25968267,1789299539,200501253132832080
25968277,1789299659,60150375939849624
25968317,1789300139,26381508901248000000
25968520,1789302575,1000000000000000
25968840,1789306439,2000000000000000
25969210,1789310879,55209617113776727
25969491,1789314251,1102756892230576441
25969647,1789316123,156394629255133063
25969736,1789317191,41635837399843282
25969806,1789318031,1000000000000000000
25969880,1789318919,10592951795415895471
25969930,1789319519,2000000000000000000
25969950,1789319759,701754385964912280
25969953,1789319795,1000000000000000000
25970013,1789320515,1000000000000000000
25970022,1789320623,20050125313283208
25970034,1789320767,2853193404020000000
25970096,1789321523,50000000000000000
25970154,1789322219,500000000000000000
25970270,1789323623,2000000000000000000
25970311,1789324115,320802005012531328
25970506,1789326467,4010025062656641604
25970508,1789326491,1119737179022984
25970587,1789327439,5012531328320802
25970625,1789327895,3007518796992481
25970718,1789329011,13968000000000000000
25970718,1789329011,50125313283208020
25970884,1789331015,999206467990126272
25970936,1789331639,110000000000000000
25971418,1789337423,325190000000000000
25971441,1789337699,100000000000000000
25971456,1789337879,550000000000000
25971508,1789338527,364893072000000000
25971521,1789338683,346190236820000000
25971531,1789338803,611528822055137844
25971547,1789338995,402222891000000000
25971559,1789339139,7361033559919570242
25971567,1789339247,354825000000000000
25971584,1789339451,346028000000000000
25971616,1789339835,382028600000000000
25971669,1789340471,379260000000000000
25971707,1789340927,364925700000000000
25971761,1789341587,376892000000000000
25971802,1789342091,365180000000000000
25971812,1789342211,383682900000000000
25971849,1789342655,364815728000000000
25971887,1789343111,346829600000000000
25972215,1789347083,29647591943048238000
25972262,1789347647,1002506265664160401
25972352,1789348727,37076691729323308
25972745,1789353443,9900000000000000
25972852,1789354727,50276691729323308
25972937,1789355747,5091677013300444
25973084,1789357523,362678190000000000
25973107,1789357811,346826000000000000
25973167,1789358531,352916581000000000
25973189,1789358795,376692017000000000
25973233,1789359323,346291200000000000
25973261,1789359659,383912860000000000
25973328,1789360463,364890252000000000
25973350,1789360727,345282800000000000
25973369,1789360955,354016290000000000
25973385,1789361147,346926230000000000
25973432,1789361711,362861627000000000
25973461,1789362059,331712500000000000
25973481,1789362299,335189186000000000
25973522,1789362791,354891270000000000
25973562,1789363271,318936200000000000
25973594,1789363655,402821650000000000
25973602,1789363751,346291500000000000
25973624,1789364015,10677759166959206
25973665,1789364507,323781980000000000
25973785,1789365947,406015037593984962
25973806,1789366199,385964912280701754
25973847,1789366691,346782970000000000
25973942,1789367831,20040000000000000000
25973942,1789367831,10025062656641604010
25973966,1789368119,313242274385963909
25974019,1789368755,5300000000000000000
25974048,1789369103,2870000000000000000
25974175,1789370627,5000000000000000
25974330,1789372487,803370693270190
25974412,1789373471,509000000000000000
25974438,1789373783,500000000000000000
25974466,1789374119,1002506265664160401
25974511,1789374659,275943280198124379
25974548,1789375103,3241675021676988
25974594,1789375655,1000000000000000000
25974670,1789376567,3580000000000000000
25974843,1789378643,505000000000000000
25974968,1789380143,50000000000000000
25974973,1789380203,1002506265664160401
25975044,1789381055,800000000000000
25975070,1789381367,158395989974937343
25975083,1789381523,10038112202504860
25975438,1789385783,41209616936974350
25975600,1789387727,500000000000000000
25975639,1789388195,81149022493665073
25975650,1789388327,2005012531328320802
25975749,1789389515,5000000000000000
25975765,1789389707,401002506265664160
25975796,1789390079,10000000000000000
25975975,1789392227,10499911364476627
25976003,1789392563,128690301676021256
25976102,1789393751,501253132832080200
25976123,1789394003,7789473684210526315
25976171,1789394579,8020050125313283208
25976240,1789395419,5012531328320802005
25976401,1789397363,2005012531328320802
25976403,1789397387,512190219646704925
25976407,1789397435,4501253132832080200
25976549,1789399163,4000000000000000
25976620,1789400039,501253132832080200
25976665,1789400579,237717853349907753
25976815,1789402379,6000000000000000
25976905,1789403459,147042699614961852
25976925,1789403699,496745194139133462
25976976,1789404311,2005012531328320802
25977028,1789404947,2467595450250000
25977034,1789405019,160000000000000000
25977594,1789411775,3158000000000000000
25977601,1789411871,3229000000000000000
25977606,1789411931,3179000000000000000
25977615,1789412039,3314000000000000000
25977645,1789412399,38186466165413533
25977741,1789413551,1854636591478696741
25977742,1789413563,1000000000000000000
25977758,1789413767,4430963330102758522
25977798,1789414259,5000000000000000000
25977840,1789414763,2005012531328320802
25977905,1789415543,3224895298206674
25977958,1789416191,2000000000000000000
25978041,1789417187,2007622440500971
25978089,1789417763,410800000000000000
25978096,1789417847,289981617459345952
25978117,1789418099,3157000000000000000
25978126,1789418219,3116000000000000000
25978148,1789418483,135514514733815622
25978221,1789419371,198575759430205004
25978378,1789421267,1570000000000000000
25978501,1789422743,3508771929824561
25978538,1789423187,3059000000000000000
25978731,1789425527,65016000000000000
25978828,1789426691,793583281012384151
25978931,1789427939,76366500066798658
25978944,1789428095,7378448817147489
25978983,1789428563,20000000000000000
25979003,1789428803,120000000000000000
25979165,1789430747,3891197032992238
25979351,1789433003,5012531328320802005
25979454,1789434239,6000000000000000000
25979491,1789434695,6335598194785764574
25979508,1789434899,140000000000000000
25979588,1789435859,13282319354802078279
25979703,1789437263,4250000000000000000
25979721,1789437479,247683484714213200
25979732,1789437611,5000000000000000
25979769,1789438055,10166730279136377
25979823,1789438703,32818314461809531
25979857,1789439111,17427634547007122
25979891,1789439519,16025000000000000
25979926,1789439939,8820000000000000
25980194,1789443155,12000000000000000000
25980215,1789443407,230432436498888640
25980276,1789444139,250626566416040100
25980331,1789444799,25985043284762838
25980517,1789447031,4700000000000000
25980573,1789447703,110419234227553467
25980586,1789447859,18800000000000000
25980741,1789449719,10025062656641604
25980785,1789450247,2005012531328320802
25981425,1789457951,1003811220250486080
25981488,1789458707,1002506265664160401
25981569,1789459679,49930910396883778
25981584,1789459859,6753178602312300697
25981610,1789460171,500000000000000000
25981752,1789461875,501253132832080200
25981853,1789463087,106825494244221795
25981863,1789463207,500000000000000000
25981901,1789463663,77687169165013269
25981906,1789463723,719553825965306903
25981913,1789463807,5012531328320802
25982033,1789465247,4902815039516480
25982047,1789465415,24575580365112276
25982061,1789465583,99369864031086308
25982184,1789467083,20463210607485153
25982279,1789468235,16845112781954887
25982289,1789468355,200000000000000000
25982295,1789468427,100000000000000000
25982299,1789468475,345762810000000000
25982301,1789468499,4701748524458342108
25982330,1789468859,384519200000000000
25982370,1789469339,374928600000000000
25982382,1789469483,406710800000000000
25982406,1789469771,348921529000000000
25982421,1789469963,21301213321630513
25982448,1789470311,391762870000000000
25982489,1789470803,4782283000000000000
25982499,1789470923,364928100000000000
25982523,1789471211,354929000000000000
25982538,1789471391,100250626566416040
25982546,1789471487,381272892000000000
25982597,1789472099,2005012531328320802
25982606,1789472207,1000000000000000
25982612,1789472279,402821700000000000
25982648,1789472711,391621900000000000
25982683,1789473131,2005012531328320802
25982699,1789473323,374926800000000000
25982722,1789473599,402681920000000000
25982746,1789473887,346820000000000000
25982769,1789474163,892377642344824
25982777,1789474259,349207300000000000
25982784,1789474343,4800000000000000
25982804,1789474583,3174000000000000000
25982824,1789474823,341678235000000000
25982848,1789475111,3268000000000000000
25982897,1789475699,402687930000000000
25982898,1789475711,1000000000000000
25982937,1789476179,347294000000000000
25982970,1789476575,346702800000000000
25982975,1789476635,936000000000000000
25983084,1789477943,1311100000000000000
25983099,1789478135,5000000000000000000
25983167,1789478963,50000000000000000
25983213,1789479515,100381122025048602
25983240,1789479851,1311311713468855554
25983264,1789480139,399121000000000000
25983431,1789482143,22706094278860827
25983438,1789482227,200501253132832080
25983504,1789483019,200000000000000000
25983529,1789483319,1413700000000000000
25983633,1789484579,700000000000000
25983636,1789484615,250626566416040100
25983660,1789484903,4812030075187969924
25983689,1789485251,1591050991399783399
25983797,1789486547,10025062656641604010
25983882,1789487567,6787521635640732
25983899,1789487771,99341060643939980031
25983956,1789488467,692406617818096
25983998,1789488971,100000000000000000
25984222,1789491683,3174000000000000000
25984226,1789491731,3343000000000000000
25984229,1789491767,1002506265664160401
25984348,1789493231,1002506265664160401
25984409,1789493963,204350400295040
25984422,1789494131,368058172540906
25984428,1789494203,454339284712793
25984439,1789494335,534915723642002
25984449,1789494467,432536898443052
25984472,1789494743,200501253132832080
25984504,1789495127,696036526403056
25984512,1789495223,50125313283208020
25984589,1789496147,5012531328320802
25984707,1789497563,373110112472824
25984747,1789498043,105263157894736842
25984808,1789498775,10200000000000000000
25984853,1789499315,60000000000000000
25985056,1789501751,1159216055258885404
25985178,1789503215,1002506265664160401
25985187,1789503323,715386585989762801
25985199,1789503467,43000000000000000
25985248,1789504055,204234561895202564
25985318,1789504895,501253132832080200
25985358,1789505387,120000000000000000
25985421,1789506143,2500000000000000000
25985498,1789507079,3007518796992481203
25985513,1789507259,140150375939849624
25985636,1789508735,20076224405009721607
25985645,1789508843,150375939849624060
25985650,1789508903,110000000000000000
25985684,1789509311,150375939849624060
25985732,1789509887,200501253132832080
25985780,1789510463,200501253132832080
25985824,1789510991,1900000000000000000
25985830,1789511063,1000000000000000000
25985938,1789512371,130325814536340852
25985948,1789512491,330827067669172932
25985951,1789512527,29127623256096696
25985957,1789512599,340852130325814536
25986001,1789513139,340852130325814536
25986039,1789513595,488775000000000000
25986062,1789513871,350877192982456140
25986095,1789514267,100250626566416040
25986108,1789514423,220551378446115288
25986229,1789515875,100250626566416040
25986434,1789518335,25819130000000000
25986462,1789518671,16230730000000000
25986590,1789520207,6000000000000000000
25986608,1789520423,1100000000000000000
25986632,1789520711,84299749373433583
25986663,1789521083,1340324978863499
25986764,1789522295,2840000000000000000
25986832,1789523123,18000000000000000000
25986917,1789524143,121824842732509
25986934,1789524347,4009362197838122
25987175,1789527239,47776467083427414
25987181,1789527311,660591655941123760
25987237,1789527983,654289518919954715
25987339,1789529207,120300751879699248
25987388,1789529795,150375939849624060
25987505,1789531211,1000000000000000
25987539,1789531619,637245000000000000
25987561,1789531883,411394000000000000
25987562,1789531895,1594358489349485389
25987585,1789532171,764561000000000000
25987825,1789535051,150375939849624060
25987901,1789535963,150375939849624060
25987976,1789536863,50190561012524303
25987996,1789537115,150375939849624060
25988021,1789537415,15497807977300381
25988051,1789537775,3007518796992481
25988086,1789538195,597501253125000000
25988186,1789539395,150000000000000000
25988206,1789539635,1500000000000000000
25988222,1789539827,114997493734325814
25988232,1789539947,100250626566416040
25988240,1789540043,100250626566416040
25988333,1789541159,79948872180451127
25988360,1789541483,20050125313283208020
25988409,1789542071,4450000000000000000
25988531,1789543547,800000000000000000
25988601,1789544411,200000000000000000
25988616,1789544603,4872000000000000000
25988630,1789544771,10025062656641604010
25988645,1789544951,7124554400000000000
25988749,1789546199,2005012531328320802
25988755,1789546271,679320000000000000
25989101,1789550435,50125313283208020
25989261,1789552367,3083000000000000000
25989305,1789552895,314000000000000000
25989358,1789553531,346192600000000000
25989393,1789553951,386289100000000000
25989419,1789554263,391638400000000000
25989438,1789554491,876000000000000000
25989442,1789554539,367683100000000000
25989473,1789554911,382151902000000000
25989489,1789555103,402237300000000000
25989503,1789555271,341715200000000000
25989526,1789555559,39197994987468671
25989532,1789555631,3007518796992481
25989534,1789555655,372618930000000000
25989549,1789555835,3261000000000000000
25989557,1789555931,391890170000000000
25989670,1789557287,401161870000000000
25989688,1789557503,391728900000000000
25989732,1789558031,3000000000000000
25989805,1789558907,416878638177604
25989809,1789558955,10000000000000000
25989839,1789559327,3126000000000000000
25989864,1789559627,414448668647468
25989962,1789560803,2010037625391800302
25990005,1789561319,16737680000000000
25990127,1789562783,2000000000000000000
25990260,1789564379,1002506265664160401
25990295,1789564811,44000000000000000
25990522,1789567547,41904761904761904
25990575,1789568183,10025062656641604
25990627,1789568807,22477192982456140
25990741,1789570175,30075187969924812
25990798,1789570859,800000000000000000
25990862,1789571627,68412746093731380
25990893,1789571999,1081133623561822840
25990899,1789572071,499233723279472
25990907,1789572167,2514162078569852
25990922,1789572347,2791854558995851
25991202,1789575719,767127819548872180
25991209,1789575803,333834586466165413
25991219,1789575923,20000000000000000
25991373,1789577795,3007518796992481
25991409,1789578239,1049924812030075187
25991427,1789578467,1134335839598997493
25991446,1789578695,2752491228070175438
25991499,1789579331,50190561012524303
25991508,1789579439,200000000000000000
25991570,1789580183,180000000000000000
25991578,1789580279,60228673215029158
25991635,1789580963,2795689223057644110
25991648,1789581119,5202005012531328320
25991650,1789581143,300000000000000000
25991788,1789582811,170000000000000000
25991844,1789583495,1271394588785185897
25991956,1789584851,1894736842105263157
25991971,1789585031,2137375496711068632
25991971,1789585031,997715302680984687
25991983,1789585175,500000000000000
25991998,1789585355,100000000000000000
25992005,1789585439,100000000000000000
25992119,1789586807,200000000000000000
25992163,1789587335,100000000000000000
25992196,1789587731,1002506265664160401
25992257,1789588463,200000000000000000
25992342,1789589483,40000000000000000
25992364,1789589747,701754385964912
25992434,1789590599,61418165413533834
25992473,1789591067,2400000000000000000
25992544,1789591931,2000000000000000000
25992620,1789592843,496090757808826556
25992764,1789594571,420000000000000000
25992836,1789595435,300751879699248120
25992885,1789596023,444802901622295053
25992890,1789596083,5012531328320802
25992901,1789596215,35633000000000000
25992906,1789596275,5012531328320802
25992934,1789596611,20000000000000000000
25992934,1789596611,22865000000000000
25992951,1789596815,10000000000000000
25992978,1789597139,4000000000000000
25993002,1789597427,100000000000000000
25993043,1789597919,35506350000000000
25993265,1789600583,3000000000000000
25993411,1789602335,210526315789473684
25993425,1789602503,210000000000000000
25993449,1789602803,54000000000000000
25993625,1789604927,11559600000000000
25993704,1789605875,28228056533617652
25993891,1789608131,16420000000000000000
25994007,1789609523,13000000000000000
25994077,1789610363,300000000000000000
25994092,1789610543,343382500000000000
25994095,1789610579,210000000000000000
25994103,1789610687,1084480268641796973
25994148,1789611227,58700141878181471
25994178,1789611587,2005012531328320
25994207,1789611935,10025062656641604
25994378,1789614011,100250626566416040
25994386,1789614107,93406516290726817
25994424,1789614563,33906766917293233
25994539,1789615943,100250626566416040
25994552,1789616099,9900000000000000
25994709,1789617995,15037593984962406
25994723,1789618175,5012531328320802
25994737,1789618343,100250626566416040
25994769,1789618727,150375939849624060
25994795,1789619039,120300751879699248
25994820,1789619339,1521634000000000000
25994873,1789619975,199145555830764105
25994895,1789620239,2015611207177275634
25994913,1789620455,100250626566416040
25994943,1789620815,150375939849624060
25994965,1789621079,3979949874686716
25995069,1789622327,100250626566416040
25995126,1789623011,150375939849624060
25995240,1789624379,1986174801154518
25995256,1789624571,100000000000000000
25995301,1789625111,15000000000000000000
25995334,1789625519,1022556390977443609
25995378,1789626047,2227380000000000000
25995506,1789627583,2000000000000000000
25995648,1789629287,3068872180451127819
25995696,1789629863,31077694235588972
25995741,1789630403,1097250000000000
25995749,1789630499,500000000000000000
25995758,1789630607,275000000000000000
25995817,1789631315,3007518796992481
25995923,1789632587,94073995481721717
25995935,1789632731,588230000000000000
25995975,1789633211,9000000000000000
25995982,1789633295,9000000000000000
25995988,1789633367,9000000000000000
25996017,1789633715,9000000000000000
25996050,1789634111,13164404085487003
25996062,1789634255,802005012531328320
25996062,1789634255,9000000000000000
25996074,1789634399,240601503759398496
25996246,1789636463,2126067633482294500
25996272,1789636775,660620259298069561
25996303,1789637147,6000000000000000000
25996455,1789639007,347829000000000000
25996511,1789639679,2447117794486215538
25996518,1789639763,342828970000000000
25996534,1789639955,346702700000000000
25996553,1789640183,12241220000000000000
25996591,1789640639,200000000000000000
25996605,1789640807,346202700000000000
25996649,1789641335,1962980958003691598
25996656,1789641419,371924180000000000
25996667,1789641551,10000000000000000
25996678,1789641683,371619020000000000
25996706,1789642019,401267100000000000
25996730,1789642307,426210100000000000
25996739,1789642415,401289300000000000
25996781,1789642919,397916700000000000
25996781,1789642919,95410248862368194
25996796,1789643099,401673900000000000
25996813,1789643303,40661642076229770
25996827,1789643471,391727930000000000
25996858,1789643843,402819000000000000
25996872,1789644011,391762387300000000
25996983,1789645355,220551378446115288
25997152,1789647383,382163030000000000
25997174,1789647647,401393000000000000
25997188,1789647815,118815281079961
25997191,1789647851,410267293000000000
25997192,1789647863,500000000000000
25997299,1789649195,382619000000000000
25997340,1789649687,113915489938823958
25997366,1789649999,2483669287831959
25997482,1789651391,248143505925119301
25997523,1789651883,200000000000000000
25997531,1789651979,18949822985443665000
25997663,1789653563,5130294627843000
25997701,1789654019,69582317848753495
25997720,1789654247,313541987516851854
25997753,1789654655,617735277427647466
25998165,1789659623,2005012531328320802
25998189,1789659911,50000000000000000
25998210,1789660163,629508114257682215
25998401,1789662467,24105046881069026
25998404,1789662503,2031007518796992
25998431,1789662827,2031007518796992
25998567,1789664459,4546516290726817
25998602,1789664879,4460992481203007
25998741,1789666547,10000000000000000000
25998759,1789666763,1165572264063700606
25998769,1789666883,51659063289411537
25998975,1789669355,50000000000000000
25998997,1789669619,1002506265664160401
25999003,1789669691,200000000000000000
25999006,1789669727,43537779822607992
25999085,1789670675,65000000000000000
25999137,1789671299,10000000000000000
25999207,1789672139,7946688780915900
25999348,1789673843,200000000000000000
25999410,1789674587,378240242045562978
25999606,1789676963,99322673516043176
25999764,1789678907,978085185884214698
25999859,1789680047,100000000000000000
25999923,1789680815,175499999999999989
26000436,1789687007,61444710029264946
26000440,1789687055,3000000000000000000
26000457,1789687259,664661654135338345
26000486,1789687607,2005012531328320
26000589,1789688867,2506265664160401002
26000803,1789691435,250626566416040100
26000841,1789691891,150375939849624060
26000934,1789693007,210000000000000000
26000960,1789693319,2005012531328320802
26001192,1789696103,160401002506265664
26001282,1789697183,150375939849624060
26001328,1789697735,150375939849624060
26001373,1789698275,150375939849624060
26001431,1789698971,150000000000000000
26001528,1789700135,150375939849624060
26001660,1789701719,150375939849624060
26001698,1789702175,150375939849624060
26001760,1789702919,1500000000000000000
26001861,1789704131,3000000000000000000
26001916,1789704791,100000000000000000
26002229,1789708547,1000000000000000000
26002350,1789709999,18287210000000000000
26002365,1789710179,1000000000000000000
26002377,1789710323,8258976302789762
26002400,1789710599,2000000000000000000
26002431,1789710971,1900000000000000000
26002497,1789711763,15336247220305191000
26002504,1789711847,10000000000000000
26002566,1789712603,5000000000000000
26002624,1789713311,500000000000000000
26002647,1789713587,201792726582963040
26002666,1789713815,201792726582963040
26002821,1789715675,6284529151592955
26002903,1789716659,2305764411027568922
26002906,1789716695,64313580219616631
26003087,1789718867,10038112202504860
26003113,1789719179,687290000000000000
26003301,1789721435,40000000000000000
26003379,1789722371,4000000000000000
26003406,1789722695,400000000000000000
26003423,1789722899,3000000000000000
26003497,1789723787,5012531328320802
26003525,1789724123,3007518796992481
26003608,1789725119,4237647258242224000
26003800,1789727423,79986689463219476
26003810,1789727543,499295699383706945
26003863,1789728179,2394900644422807
26003872,1789728287,1003811220250486080
26003921,1789728875,2017927265829630600
26003929,1789728971,346118903000000000
26003937,1789729067,392561037000000000
26003950,1789729223,1003811220250486080
26004002,1789729859,401291080000000000
26004023,1789730111,346256190000000000
26004041,1789730327,77603430911772850
26004049,1789730423,401672983080000000
26004084,1789730843,386729100000000000
26004110,1789731155,391735730000000000
26004119,1789731263,394610270000000000
26004126,1789731347,389252021000000000
26004139,1789731503,372101652900000000
26004143,1789731551,3000000000000000000
26004187,1789732091,346132800000000000
26004200,1789732259,2153376023278536501
26004206,1789732331,392527830000000000
26004302,1789733483,200000000000000000
26004333,1789733855,117000000000000000
26004438,1789735127,256876287807891624
26004527,1789736207,5000000000000000
26004574,1789736771,4031941775936577876
26004579,1789736831,2005012531328320802
26004628,1789737419,14398080313288768
26004858,1789740203,13298775786121628
26004871,1789740359,38528165454323036
26004923,1789740983,3989007726693724501
26005112,1789743251,5000000000000000000
26005132,1789743491,500000000000000000
26005208,1789744403,429388577968881781
26005273,1789745183,7435720186882432
26005447,1789747283,31714219114122346
26005463,1789747475,31776981531196333064
26005556,1789748603,7900000000000000000
26005625,1789749431,10025062656641604
26005726,1789750643,85036392604509741
26005764,1789751099,230000000000000000
26005855,1789752191,2258947799100000
26006002,1789753955,20050125313283208
26006056,1789754603,1135839598997493734
26006161,1789755863,100000000000000000
26006415,1789758923,2007622440500972065
26006436,1789759175,21842548878981163
26006451,1789759355,200000000000000000
26006505,1789760003,350000000000000000
26006530,1789760303,1000000000000000000
26006553,1789760579,214526997372548907
26006917,1789764947,2221800348723903
26007024,1789766231,2305764411027568922
26007039,1789766411,20050125313283208
26007136,1789767587,1459298216213411729
26007178,1789768091,50125313283208020
26007207,1789768439,472655164502821090
26007223,1789768631,1106526601849676077
26007237,1789768799,1650000000000000000
26007242,1789768859,4000000000000000000
26007275,1789769255,429384470451310165
26007320,1789769795,944399639680623204
26007433,1789771151,98375029425779221
26007439,1789771223,500000000000000
26007647,1789773719,1604010025062656641
26007805,1789775627,6982500000000000
26007813,1789775735,3990000000000000
26008102,1789779215,1506356589914007227
26008247,1789780955,7500000000000000000
26008297,1789781567,100000000000000000
26008457,1789783499,52344474081970724
26008587,1789785059,40000000000000000000
26008670,1789786055,314594436426502321
26008958,1789789523,9975678529701565
26009063,1789790795,50190561012524303
26009181,1789792223,19080661654135338
26009405,1789794911,428822648333784638
26009416,1789795055,300751879699248120
26009480,1789795823,10000000000000000
26009563,1789796819,401002506265664160
26009610,1789797383,7794617531425617000
26009735,1789798883,7416657193198275877
26009735,1789798883,38194065162907268
26009813,1789799819,3007518796992481203
26009853,1789800311,27163004280645239
26009922,1789801151,2703157254984469502
26009927,1789801211,1246333206075520910
26010034,1789802495,1009682152370922984
26010095,1789803227,3248780126905514
26010102,1789803311,329866583420815969
26010118,1789803503,1000000000000000000
26010122,1789803551,100250626566416040
26010188,1789804343,5000000000000000
26010199,1789804475,13336422246720206
26010271,1789805351,7100000000000000000
26010380,1789806659,300000000000000000
26010524,1789808399,357916791979949874
26010797,1789811699,1080382424625000
26011367,1789818539,5000000000000000
26011412,1789819079,52850000000000000000
26011414,1789819103,12549647875571574
26011585,1789821167,23272434327581603
26011666,1789822163,32000000000000000
26011703,1789822607,4242038650612000000
26011711,1789822703,297514636102000000
26011716,1789822763,3000000000000000
26011987,1789826039,881780876490693
26012088,1789827251,20014523182625990
26012202,1789828631,1248600000000000000
26012282,1789829603,13727800000000000000
26012317,1789830023,130000000000000000
26012495,1789832159,1955223494803895
26012635,1789833851,1520000000000000000
26012773,1789835507,1886990808384719652
26012819,1789836071,401002506265664160
26012860,1789836575,1534395395715419622
26013089,1789839347,1423558897243107769
26013187,1789840535,501253132832080200
26013236,1789841135,809349919330579353
26013289,1789841771,300751879699248120
26013425,1789843403,4511278195488721804
26013483,1789844099,558440000000000064
26013496,1789844267,300751879699248120
26013766,1789847543,75034449518107910
26013774,1789847639,49247342370392382
26013777,1789847675,73556328268472015
26013778,1789847687,31446689948296394
26013850,1789848551,137061403508771929
26013870,1789848791,300751879699248120
26013890,1789849031,112865287356735
26013931,1789849523,217273221052631578
26013979,1789850099,2000000000000000000
26014005,1789850411,40152448810019441
26014096,1789851503,731829573934837092
26014143,1789852067,300751879699248120
26014193,1789852691,500000000000000
26014201,1789852787,3216060200626880
26014424,1789855475,60228673215029158
26014428,1789855523,46000000000000000
26014499,1789856375,150375939849624060
26014564,1789857167,1685551557270453
26014599,1789857599,200501253132832080
26014884,1789861043,771929824561403508
26014928,1789861571,10025062656641604
26014939,1789861703,5000000000000000000
26014942,1789861739,922305764411027568
26014975,1789862135,33082706766917293
26014993,1789862351,401002506265664160
26015018,1789862651,50000000000000
26015314,1789866227,24672620136340615861
26015408,1789867355,8676210769928312
26015589,1789869551,401002506265664160
26015793,1789872011,1561474731692297
26015871,1789872947,2000000000000000000
26016026,1789874831,100381122025048605
26016192,1789876823,190268287892765553
26016210,1789877039,1199900000000000000
26016462,1789880063,3490378847117794486
26016474,1789880207,174656741067295667
26016572,1789881383,369724310776942355
26016585,1789881539,150375939849624060
26016693,1789882859,800000000000000
26016903,1789885391,100250626566416040
26016920,1789885595,153888129619099297
26016980,1789886315,2000000000000000000
26017025,1789886855,4010000000000000000
26017049,1789887143,479463558897243107
26017261,1789889687,300751879699248120
26017300,1789890155,1002506265664160
26017476,1789892279,11027568922305764
26017506,1789892639,10000000000000000
26017529,1789892915,900000000000000
26017579,1789893527,100250626566416040
26017644,1789894307,388302205520660
26017695,1789894919,501253132832080200
26017753,1789895615,9950000000000000
26017905,1789897451,2686716791979949874
26018130,1789900163,11979993405194436
26018158,1789900499,3000000000000000
26018158,1789900499,2000000000000000
26018161,1789900535,2000000000000000000
26018171,1789900655,16386144474566009
26018205,1789901063,467725838075713940
26018232,1789901387,2305764411027568922
26018407,1789903487,5253331027142960688
26018686,1789906847,2296267768915175093
26018716,1789907207,5000000000000000000
26018812,1789908359,116500000000000000
26019017,1789910819,100250626566416040
26019160,1789912535,10000000000000000
26019339,1789914683,105000000000000000
26019367,1789915019,288276099023404
26019601,1789917827,10000000000000000
26019617,1789918019,10271497042083161
26019744,1789919555,10000000000000000000
26019771,1789919879,10000000000000000
26019850,1789920839,8020050125313283208
26019899,1789921427,5000000000000000
26019984,1789922447,149999999999999994
26020075,1789923551,17300000000000000
26020082,1789923635,3859897250000000
26020147,1789924415,208809392556640494
26020250,1789925663,155388471177944862
26020333,1789926671,31895880000000000
26020369,1789927115,6887218045112781954
26020463,1789928243,50125313283208020
26020659,1789930595,610910000000000000
26020677,1789930811,300751879699248120
26020694,1789931015,4437452374273483
26020799,1789932275,148658000000000000
26021098,1789935863,10025062656641604010
26021254,1789937735,10328128629721212
26021407,1789939607,6907268170426065
26021569,1789941563,537194696350872
26021613,1789942091,29875000000000000
26021717,1789943339,100000000000000000
26021740,1789943615,86898230797195322
26021801,1789944347,3358395989974937343
26022092,1789947851,33995584447918113
26022095,1789947899,20050125313283208
26022121,1789948223,1570000000000000
26022160,1789948691,110275689223057644
26022214,1789949351,100250626566416040
26022272,1789950059,100250626566416040
26022335,1789950815,1200000000000000000
26022397,1789951559,900000000000000000
26022481,1789952567,501905610125243040
26022499,1789952783,27804961536579523
26022504,1789952843,7545097276331511
26022538,1789953251,100250626566416040
26022640,1789954475,10698104432000000
26022718,1789955423,8289537772481991
26022756,1789955879,57901097244805866
26022869,1789957259,150375939849624060
26023043,1789959347,5000000000000000
26023218,1789961459,56842105263157894
26023319,1789962695,130325814536340852
26023328,1789962803,100250626566416040
26023374,1789963355,120300751879699248
26023444,1789964195,40000000000000000000
26023790,1789968359,2100000000000000
26023824,1789968767,210000000000000000
26023886,1789969523,100000000000000000
26023977,1789970615,100250626566416040
26024016,1789971095,100381122025048605
26024021,1789971155,100000000000000000
26024028,1789971239,1994705421324833732
26024208,1789973423,6000000000000000
26024267,1789974131,165803000000000000
26024355,1789975199,19715891301996934
26024408,1789975835,37694696741854636
26024420,1789975979,5703378681530939000
26024431,1789976111,131829573934837092
26024431,1789976111,1105129605664783278
26024521,1789977191,7258145363408521303
26024623,1789978415,1500000000000000000
26024632,1789978523,150884000000000000
26024661,1789978871,997500000000000000
26024662,1789978883,50125313283208
26024692,1789979243,2139394044859324939
26024780,1789980299,16105910091527080
26024801,1789980551,10266081626755690000
26024859,1789981247,18088644028718427
26024933,1789982147,335465000000000000
26024993,1789982867,5703378681530939000
26025049,1789983551,1003811220250486080
26025094,1789984091,7983894217327200
26025365,1789987367,1503759398496240601
26025371,1789987439,3802252454353959500
26025510,1789989155,997500000000000
26025512,1789989179,1623374772452880542
26025531,1789989407,209646841817980616057
26025747,1789992035,4100000000000000000
26025758,1789992167,750000000000000000
26025864,1789993439,997493734335839
26025916,1789994063,342157689000000000
26026012,1789995239,351394760000000000
26026037,1789995539,6015037593984962406
26026037,1789995539,17681000000000000
26026058,1789995791,351692530000000000
26026095,1789996235,1002506265664160
26026164,1789997063,361384974900000000
26026229,1789997855,176489000000000000
26026285,1789998539,361520000000000000
26026315,1789998899,352624994000000000
26026316,1789998911,2000000000000000000
26026357,1789999403,362474600000000000
26026373,1789999595,344287368200000000
26026386,1789999751,382519820000000000
26026399,1789999907,332829982000000000
26026407,1790000003,1046294383935509256
26026419,1790000147,352892620000000000
26026466,1790000711,3570928228073638823
26026498,1790001095,342283900000000000
26026620,1790002583,94057769022556290
26026706,1790003627,2545600000000000
26026759,1790004263,384599004812164191
26026767,1790004359,4681200000000000
26026790,1790004635,300000000000000000
26027072,1790008043,92956967134477338
26027155,1790009063,470305385690212347
26027741,1790016155,3600000000000000
26027763,1790016419,1000000000000000
26027788,1790016719,12030075187969924812
26027792,1790016767,112720783583561180
26027817,1790017067,570580000000000000
26027885,1790017907,110000000000000000
26027893,1790018003,25062656641604010025
26028052,1790019935,47800000000000000
26028075,1790020211,1000000000000000
26028143,1790021039,74301874762250987
26028210,1790021855,1900000000000000
26028242,1790022239,970000000000000000
26028254,1790022383,179000000000000
26028305,1790022995,1786783972045865143
26028408,1790024231,1283208020050125
26028415,1790024315,10025062656641604
26028550,1790025983,42385964912280701
26028641,1790027075,701690645790146313
26028662,1790027327,1798688515388796766
26028690,1790027663,31612896450000000000
26028756,1790028455,2000000000000000000
26028807,1790029067,2629911333167648
26028813,1790029139,900000000000000
26028921,1790030459,10000000000000000000
26028947,1790030771,9500000000000000000
26029199,1790033795,2506265664160401
26029490,1790037299,2500000000000000
26029700,1790039855,150375939849624060
26029825,1790041355,279550160071667823
26029879,1790042015,18006965541065786
26029961,1790042999,501253132832080200
26030031,1790043851,600000000000000000
26030086,1790044523,100250626566416040
26030155,1790045351,12305330665207678820
26030209,1790045999,100250626566416040
26030245,1790046443,52000000000000000
26030424,1790048615,94193868349597857
26030462,1790049071,20566114434359548
26030609,1790050835,2000000000000000000
26030801,1790053175,3007518796992481203
26030842,1790053667,500000000000000000
26030852,1790053787,1148584328348657
26030870,1790054003,8778000000000000
26031021,1790055839,1907500000000000000
26031090,1790056667,5703378681530939000
26031090,1790056667,3100000000000000000
26031107,1790056871,100250626566416040
26031143,1790057303,5500000000000000000
26031188,1790057855,3000000000000000
26031225,1790058311,17337844611528822
26031262,1790058755,31592196491228070175
26031270,1790058863,15313662112419364
26031276,1790058935,25062656641604010
26031329,1790059571,7984730154143315000
26031439,1790060903,8020050125313283
26031655,1790063507,3500221851137474971
26031721,1790064311,161373433583959899
26031931,1790066855,10000000000000000
26031938,1790066939,11492315746017320000
26032036,1790068115,16070113446448567
26032082,1790068679,273684210526315789
26032088,1790068751,3086693000000000000
26032224,1790070431,1870000000000000
26032289,1790071211,11150000000000000000
26032333,1790071739,113000000000000000
26032417,1790072747,11242685666805442679
26032482,1790073527,5470175731575803
26032530,1790074103,2122517303504830
26032667,1790075747,342182300000000000
26032682,1790075939,347826820000000000
26032711,1790076287,351278937400000000
26032735,1790076575,5000000000000000
26032808,1790077451,356291600000000000
26032878,1790078303,332169230000000000
26032897,1790078531,321687932680000000
26032915,1790078747,346192000000000000
26032998,1790079743,322618690000000000
26033026,1790080079,321683070000000000
26033117,1790081171,342103600000000000
26033128,1790081303,1000000000000000
26033144,1790081495,342582000000000000
26033159,1790081675,332891700000000000
26033176,1790081879,990000000000000
26033219,1790082395,674640000000000
26033222,1790082431,311782900000000000
26033240,1790082647,313373789000000000
26033252,1790082791,346189300000000000
26033262,1790082911,75000000000000000
26033512,1790085911,30075187969924812
26033707,1790088263,2481573234773915787
26033867,1790090231,60000000000000000
26033925,1790090927,13502503563581850000
26033975,1790091527,2000000000000000
26034067,1790092643,269712672641606561
26034097,1790093003,991158595057695000
26034154,1790093699,1000000000000000000
26034219,1790094503,10025062656641604
26034304,1790095523,650000000000000000
26034330,1790095835,1002506265664160
26034345,1790096015,73312632778342045
26034350,1790096075,1000000000000000000
26034366,1790096267,1250000000000000000
26034425,1790096975,9300000000000000
26034550,1790098523,300000000000000000
26034560,1790098643,18363317736469415
26034561,1790098655,40100250626566416
26034766,1790101139,100000000000000000
26034963,1790103503,2146700000000000000
26034973,1790103623,5076453400000000
26034996,1790103899,1030315789473684
26035026,1790104259,49070797554093375
26035060,1790104667,5000000000000000000
26035142,1790105651,2713074258102219
26035252,1790106971,3488568067734785772
26035274,1790107235,5783569112365892642
26035283,1790107343,10025062656641604
26035297,1790107511,7575737210446154
26035468,1790109563,100000000000000000
26035502,1790109971,100000000000000000
26035608,1790111243,59315846486928546
26035608,1790111243,34660718420506868
26035621,1790111399,17059371090666327
26035625,1790111447,14509384786716403
26035626,1790111459,200501253132832080
26035816,1790113775,23057644110275689
26035838,1790114039,28115509164488742
26035845,1790114123,975873342968046676
26035860,1790114303,30388844143177528
26035861,1790114315,801176455010526315
26036004,1790116043,346819260000000000
26036006,1790116067,3095000000000000000
26036011,1790116127,3147000000000000000
26036015,1790116175,3221000000000000000
26036021,1790116247,2942000000000000000
26036024,1790116283,367228610000000000
26036068,1790116823,2859000000000000000
26036075,1790116907,2724000000000000000
26036081,1790116979,2844000000000000000
26036089,1790117075,347818279000000000
26036125,1790117507,325639100000000000
26036158,1790117903,344267350000000000
26036162,1790117951,60000000000000000
26036167,1790118011,362429000000000000
26036179,1790118155,361429300000000000
26036206,1790118479,301373000000000000
26036236,1790118851,342283650000000000
26036279,1790119379,10025062656641604
26036360,1790120351,342187630000000000
26036383,1790120627,325383600000000000
26036415,1790121011,346278300000000000
26036456,1790121515,322178259000000000
26036503,1790122079,10000000000000000000
26036513,1790122199,10000000000000000
26036634,1790123651,313674890000000000
26036702,1790124467,10504770000000000
26036990,1790127959,10000000000000000
26037230,1790130851,25071779448621553
26037243,1790131007,3000000000000000000
26037277,1790131415,347618900000000000
26037363,1790132459,346781720000000000
26037418,1790133131,346228785600000000
26037424,1790133215,10000000000000000
26037441,1790133419,2002939622800897189
26037441,1790133419,347826200000000000
26037455,1790133587,1591153614210572099
26037477,1790133851,347189026000000000
26037533,1790134523,40100250626566416
26037533,1790134523,352810683000000000
26037551,1790134739,10000000000000000
26037555,1790134787,321083600000000000
26037577,1790135051,321873250000000000
26037588,1790135183,331228935000000000
26037595,1790135267,181309386412863038
26037626,1790135639,327817300000000000
26037650,1790135927,301268930000000000
26037672,1790136203,293678347000000000
26037686,1790136371,346782926000000000
26037700,1790136539,283784600000000000
26037792,1790137643,508779320445783821
26037814,1790137907,5000000000000000
26037837,1790138183,3630000000000000000
26037877,1790138663,716019170457760217
26037914,1790139107,719860312546070977
26038039,1790140607,362460170652926517
26038259,1790143271,4393401505805282
26038335,1790144183,77360108793984594
26038339,1790144231,7748552605974599
26038399,1790144963,20000000000000000000
26038487,1790146043,7616450081423478000
26038502,1790146223,5440321486731055000
26038566,1790146991,7017543859649122
26038640,1790147879,50000000000000000
26038749,1790149187,69422080375022700
26039168,1790154275,217300000000000000
26039177,1790154383,2526315789473684210
26039215,1790154839,2005012531328320802
26039367,1790156663,729629118414649835
26039412,1790157215,3000000000000000
26039572,1790159147,6335385549316707
26039583,1790159279,10025062656641604
26039626,1790159795,40100250626566416
26039897,1790163071,559472169327377748
26039900,1790163107,70345890695168727
26039912,1790163251,156996382550793441624
26039916,1790163299,2225563909774436090
26039940,1790163599,385873769391433179
26039955,1790163779,342937392288205
26040013,1790164487,3100000000000000000
26040114,1790165723,3000000000000000
26040130,1790165915,200000000000000000
26040156,1790166227,162678292762559685
26040168,1790166371,1000000000000000000
26040176,1790166467,1300000000000000000
26040373,1790168855,20265233871189098
26040405,1790169239,20000000000000000
26040512,1790170547,20503258145363408
26040617,1790171807,17662130263000860
26040648,1790172179,9008774639441956
26040907,1790175287,172008009626487492
26040963,1790175959,2007622440500972161
26040996,1790176367,100250626566416040
26041208,1790178911,226566416040100250
26041346,1790180615,99760000000000000
26041450,1790181899,5614035087719298245
26041548,1790183111,364946869757782850
26041653,1790184371,37478653983632580
26041695,1790184875,42354688986465758
26041776,1790185847,684100000000000
26041853,1790186783,711190000000000
26041886,1790187203,888000000000000
26041900,1790187371,2000000000000000000
26042177,1790190707,9989901897769705
26042241,1790191475,2134780000000000000
26042254,1790191631,2459007312113280
26042263,1790191739,40000000000000000
26042299,1790192171,499900000000000
26042447,1790193959,790000000000000
26042520,1790194835,133270000000000000
26042611,1790195927,30000000000000000
26042629,1790196143,100250626566416040
26042651,1790196419,340451127819548872
26042745,1790197559,65325655161327152
26042761,1790197751,200000000000000000
26042853,1790198855,50000000000000000
26042973,1790200295,50000000000000000
26043157,1790202527,3227173631737245901
26043292,1790204171,100381122025048605
26043368,1790205083,100250626566416
26043415,1790205647,14058450000000000
26043464,1790206235,19995475876896166
26043464,1790206235,14244055219728786
26043476,1790206379,58488619046769355
26043478,1790206403,500024048770536283
26043647,1790208443,133588208049080000
26043722,1790209343,118790849156535073
26043851,1790210891,100000000000000000
26043898,1790211467,3007518796992481203
26044064,1790213471,450000000000000000
26044428,1790217887,1100000000000000000
26044470,1790218391,8478750000000000
26044501,1790218763,100250626566416040
26044629,1790220311,2807017543859649122
26044789,1790222243,1000000000000000
26044804,1790222423,1895338676158704
26044877,1790223299,1980005945875932705
26044897,1790223539,6868710390704287
26044925,1790223875,48012381382000000000
26044987,1790224619,5198302917401644
26045185,1790227019,100250626566416040
26045206,1790227271,448000000000000000
26045455,1790230295,5019056101252430402
26045509,1790230943,1750000000000000000
26045516,1790231027,140000000000000000
26045554,1790231483,310776942355889724
26045556,1790231507,349000000000000000
26045658,1790232743,997499999999999
26045689,1790233151,997499999999999
26045777,1790234207,10038112202504860804
26045826,1790234807,401002506265664160
26045930,1790236055,1100000000000000000
26045955,1790236379,2807017543859649122
26046005,1790236979,5564995436703742000
26046027,1790237243,2225998174681496500
26046151,1790238743,26561840095013340
26046193,1790239259,10025062656641604
26046344,1790241095,1761154193883208
26046416,1790241959,2265664160401002506
26046416,1790241959,33905100000000000000
26046444,1790242295,18549984789012473000
26046454,1790242415,100000000000000000
26046472,1790242631,376422406167304660
26046492,1790242883,1000000000000000000
26046500,1790242979,376422406167304660
26046524,1790243267,376422406167304660
26046717,1790245655,545363408521303258
26046808,1790246759,1203007518796992481
26046834,1790247071,35928905697338898
26046849,1790247263,3000000000000000000
26046868,1790247491,10000000000000000
26046954,1790248523,1012531328320802005
26046964,1790248655,334687126000000000
26046972,1790248751,361926000000000000
26046991,1790248979,399776507323377660
26047003,1790249123,345730270000000000
26047007,1790249171,37753000000000000
26047014,1790249255,362412830000000000
26047014,1790249255,10000000000000000000
26047034,1790249495,368224200000000000
26047062,1790249831,372530346000000000
26047082,1790250071,342782530000000000
26047106,1790250371,322839360000000000
26047127,1790250623,352925100000000000
26047135,1790250719,378457740000000000
26047148,1790250875,1000000000000000000
26047151,1790250911,347217900000000000
26047213,1790251655,346125900000000000
26047224,1790251787,346185300000000000
26047255,1790252159,341862500000000000
26047266,1790252303,2000000000000000000
26047282,1790252495,341874500000000000
26047319,1790252939,1000000000000000000
26047406,1790253995,7975755025710822546
26047446,1790254475,400000000000000000
26047475,1790254823,1957833485211466036
26047764,1790258315,10025062656641604
26047814,1790258915,1908171566451453
26048011,1790261327,10000000000000000000
26048098,1790262371,1000000000000000000
26048258,1790264315,5000000000000000
26048357,1790265515,107878368155183951
26048394,1790265971,45586755389009818
26048493,1790267159,11574851953909688000
26048529,1790267591,10000000000000000000
26048620,1790268695,1000000000000000000
26048829,1790271227,1000000000000000000
26048962,1790272823,373485516231680500
26048979,1790273027,1000000000000000000
26049010,1790273399,1242441461547947922
26049019,1790273507,322835300000000000
26049044,1790273807,312926300000000000
26049051,1790273891,345875000000000000
26049059,1790273987,342735000000000000
26049087,1790274323,363237800000000000
26049120,1790274731,388262920000000000
26049142,1790274995,362894640000000000
26049170,1790275331,348225434000000000
26049193,1790275607,362374600000000000
26049208,1790275787,751879699248120300
26049219,1790275919,348254800000000000
26049225,1790275991,432000000000000000
26049225,1790275991,738767507274951085
26049229,1790276039,331261715000000000
26049244,1790276219,345285370000000000
26049246,1790276243,162377054595593879
26049255,1790276351,100000000000000000
26049285,1790276711,356782538000000000
26049291,1790276783,352835400000000000
26049322,1790277155,374895630000000000
26049333,1790277287,347626000000000000
26049343,1790277407,332328437000000000
26049353,1790277527,329026300000000000
26049369,1790277719,332913600000000000
26049397,1790278055,332228900000000000
26049496,1790279243,3000000000000000000
26049651,1790281115,21520000000000000
26049659,1790281223,646000000000000
26049664,1790281283,31615288936881012
26049726,1790282027,280000000000000000
26049771,1790282567,20000000000000000
26049782,1790282699,230000000000000000
26049788,1790282771,4095740000000000
26049794,1790282843,29787553126753227
26049794,1790282843,226773461718582140
26049796,1790282867,591100000000000
26049811,1790283047,2259230521654295
26049826,1790283227,1002506265664160
26049851,1790283551,1928780000000000000
26049892,1790284043,874400000000000
26049982,1790285123,6521839302561682209
26050003,1790285375,18079899749373433
26050013,1790285495,62386296552855297
26050029,1790285687,900000000000000000
26050120,1790286803,545363408521303258
26050240,1790288267,54693728788938394
26050244,1790288315,20608586247850142
26050277,1790288711,1184461152882205513
26050358,1790289695,370927318295739348
26050390,1790290079,300000000000000000
26050415,1790290379,321500000000000000
26050631,1790292995,243215471432045235
26050765,1790294603,9975000000000000
26050904,1790296307,487245472527360767
26050959,1790296967,170426065162907268
26050984,1790297267,100250626566416040
26051156,1790299343,9384461152882205
26051168,1790299487,200000000000000
26051189,1790299739,250000000000000000
26051208,1790299967,1700000000000000000
26051561,1790304239,46814646635594210
26051763,1790306663,26065162907268170426
26051801,1790307131,10728131572779199
26051815,1790307299,10038112202504860
26051905,1790308379,1442082644077539849
26051934,1790308739,105263157894736842105
26051969,1790309159,2250000000000000000
26052340,1790313647,364064636240827612
26052527,1790315903,90343009822543743
26052728,1790318351,81329951880274259
26052819,1790319443,2406015037593984
26052999,1790321603,30075187969924812
26053013,1790321771,1000000000000000000
26053062,1790322359,100000000000000000
26053073,1790322491,10038112202504860804
26053093,1790322731,18436737737658544462
26053150,1790323415,364000000000000000
26053187,1790323871,13888472941810667000
26053227,1790324363,1540000000000000000
26053460,1790327171,5000000000000000000
26053678,1790329799,1052631578947368421
26053693,1790329979,12492779916097337747
26053771,1790330915,100000000000000
26053810,1790331395,20000000000000000
26053877,1790332199,1300000000000000000
26053947,1790333039,3872519081215215
26053953,1790333111,1851027890141895
26054208,1790336171,19527719298245614
26054231,1790336447,247495112496220
26054281,1790337047,346282000000000000
26054310,1790337407,344815300000000000
26054320,1790337527,619700000000000
26054336,1790337719,327350000000000000
26054442,1790339003,2462642965908880
26054448,1790339075,10025062656641604
26054452,1790339123,364520000000000000
26054558,1790340395,323783520000000000
26054600,1790340899,100000000000000000
26054613,1790341055,3450000000000000000
26054618,1790341115,322873500000000000
26054629,1790341247,50000000000000000
26054658,1790341595,332638450000000000
26054659,1790341607,5730000000000000000
26054660,1790341619,497535689028622785
26054670,1790341739,20000000000000000
26054687,1790341943,9830000000000000000
26054697,1790342063,12000000000000000
26054704,1790342147,20050125313283208
26054706,1790342171,12396138775574186136
26054712,1790342243,1851200000000000000
26054801,1790343311,8097145979760000
26054872,1790344175,282418360000000000
26054904,1790344559,342273500000000000
26054914,1790344679,3000000000000000000
26054945,1790345051,322420000000000000
26055023,1790345999,470000000000000000
26055036,1790346155,93935228070175438
26055098,1790346899,1012500000000000000
26055199,1790348147,178317706257020923
26055528,1790352131,100250626566416040
26055555,1790352455,2792000000000000000
26055633,1790353403,370000000000000000
26055656,1790353679,61435380702767137
26055953,1790357279,50125313283208020
26056158,1790359751,70175438596491228
26056170,1790359895,200501253132832080
26056219,1790360483,801110000000000
26056261,1790360987,70000000000000000
26056491,1790363747,777000000000000
26056593,1790364983,2500000000000000
26056644,1790365595,1400000000000000
26056666,1790365859,2010037625391799
26056667,1790365871,200501253132832080
26056745,1790366807,2363556111239589
26056863,1790368223,1400000000000000
26056879,1790368415,2140000000000000000
26056903,1790368727,1519841106044270140
26056904,1790368739,1000000000000000
26056910,1790368811,71000000000000000
26057234,1790372711,30075187969924812
26057242,1790372807,1122116259602868792
26057280,1790373263,100250626566416040
26057351,1790374115,150000000000000000
26057384,1790374511,5800000000000000000
26057610,1790377259,200000000000000
26057913,1790380907,13891729323308270
26057943,1790381267,10281700000000000000
26057970,1790381603,72483202541216837
26058672,1790390075,1991331617552662789
26058731,1790390783,1000000000000000000
26058967,1790393615,5000000000000000
26059145,1790395775,630000000000000000
26059291,1790397527,126547880000000000
26059308,1790397731,2000000000000000000
26059570,1790400887,56454711056607475
26059663,1790402003,20076224405009720
26059685,1790402267,7522408470312299068
26059834,1790404055,35509684727815586
26059857,1790404331,7502355889724310
26059932,1790405255,941020052566391493
26059958,1790405567,931629072681704260
26060069,1790406923,10039637978091278000
26060088,1790407151,13758022414421381000
26060302,1790409719,25648000000000000
26060696,1790414495,1090000000000000
26060734,1790414951,57194975178870491
26060844,1790416271,1500000000000000
26060859,1790416451,1957378784704769459
26060859,1790416451,2675000000000000000
26060862,1790416487,2955000000000000000
26060865,1790416523,2588000000000000000
26060879,1790416691,1705129492336571115
26060963,1790417699,93004000000000000
26060980,1790417903,130000000000000000
26061005,1790418203,314203931302915314
26061036,1790418575,650000000000000000
26061040,1790418623,840000000000000000
26061077,1790419091,367486091558896331
26061115,1790419547,3602375672434000000
26061190,1790420447,98598000000000000000
26061580,1790425139,3077974280062630
26061589,1790425247,5590183458646616
26061687,1790426435,10038112202504860804
26062021,1790430467,58167163049919287
26062030,1790430575,369000000000000
26062054,1790430863,4000000000000000000
26062083,1790431211,3000000000000000000
26062119,1790431643,411110000000000
26062133,1790431811,12720988615350167
26062187,1790432459,556390977443609
26062197,1790432579,3000000000000000000
26062282,1790433611,529333333333333333
26062289,1790433707,124000000000000000
26062299,1790433827,55000000000000000
26062462,1790435783,20000000000000000
26062535,1790436659,1864087218045112
26062586,1790437283,3000000000000000
26062595,1790437391,10025062656641604
26062752,1790439287,200501253132832080
26063288,1790445743,120300751879699248
26063348,1790446463,41000000000000000
26063421,1790447339,10000000000000000
26063763,1790451443,3000000000000000000
26063771,1790451539,333000000000000
26063823,1790452163,475000000000000
26063833,1790452283,8977500000000000
26063885,1790452907,741754931434925
26063968,1790453903,41000000000000000
26063968,1790453903,611100000000000
26063997,1790454263,85474788610252665
26064032,1790454683,4000000000000000
26064042,1790454815,888000000000000
26064062,1790455055,8802082629861404
26064067,1790455115,1002506265664160
26064122,1790455787,10201255804381147
26064146,1790456075,163933681632293905
26064170,1790456363,1890860000000000000
26064336,1790458355,347283500000000000
26064343,1790458439,347823500000000000
26064360,1790458643,323784500000000000
26064396,1790459087,313738453000000000
26064405,1790459195,18820050125313283
26064415,1790459315,293745000000000000
26064430,1790459495,358235470000000000
26064456,1790459807,301374600000000000
26064505,1790460395,349232573000000000
26064529,1790460707,328353000000000000
26064548,1790460935,321734660000000000
26064578,1790461295,294856000000000000
26064599,1790461547,5000000000000000000
26064604,1790461607,342812500000000000
26064698,1790462735,18655583160843809
26065034,1790466779,80306250920539866
26065144,1790468111,247719298245614035
26065353,1790470619,3850000000000000000
26065404,1790471231,19604006189103004
26065415,1790471375,30114336607514579
26065523,1790472671,78664193433000006
26065535,1790472815,352834736082865430
26065663,1790474351,257264250295226288
26065861,1790476751,33400000000000000
26065897,1790477183,40000000000000000000
26065908,1790477315,20050125313283208
26065914,1790477387,9855986644500729810
26065961,1790477963,7136689999999999756
26065991,1790478335,10000000000000000
26066041,1790478935,6756953699315932
26066143,1790480159,307645776285161561
26066215,1790481023,9293479917533377
26066312,1790482187,6000000000000000000
26066329,1790482391,100250626566416040
26066451,1790483867,20050125313283208
26066563,1790485223,36000000000000000
26067146,1790492231,35446166662518201
26067219,1790493119,2010385895295735817
26067229,1790493239,12087817845158950
26067303,1790494127,8478750000000000
26067536,1790496947,996488114518626875
26067570,1790497355,30114336607514579
26067792,1790500043,5337063142978081500
26067795,1790500079,51000000000000000
26067921,1790501591,5012531328320802005
26068106,1790503811,4912280701754385
26068124,1790504027,33675720753254078
26068187,1790504783,5000000000000000
26068188,1790504795,47189006222690266
26068397,1790507339,5000000000000000000
26068454,1790508023,39507828262257739
26068462,1790508119,14745943869291693140
26068479,1790508323,35125823320065222
26068487,1790508419,30075187969924812
26068508,1790508671,52107075558412937
26068853,1790512823,283057400000000000
26069019,1790514827,30000000000000000
26069078,1790515535,1002506265664160401
26069101,1790515811,2685000000000000000
26069254,1790517659,1147677087474083383
26069462,1790520179,3000000000000000000
26069907,1790525555,2330344424575076794
26070034,1790527079,400000000000000000
26070253,1790529743,185649313283208020
26070310,1790530439,191015538847117794
26070348,1790530907,4511278195488721
26070385,1790531351,75187969924812030
26070464,1790532311,24060150375939849624
26070493,1790532659,480000000000000000
26070685,1790534999,15924176822071254
26070701,1790535191,7400470632729088
26070810,1790536499,105616925029838426
26070830,1790536751,501905610125243040
26070888,1790537447,5513784461152882
26070897,1790537555,3347731897069940
26071005,1790538851,2753000000000000000
26071011,1790538923,2697000000000000000
26071111,1790540171,8269698019690088
26071133,1790540435,2700000000000000000
26071139,1790540519,2740000000000000000
26071143,1790540567,2710000000000000000
26071147,1790540615,2730000000000000000
26071151,1790540663,2750000000000000000
26071239,1790541719,44000000000000000
26071240,1790541731,1000000000000000
26071289,1790542319,809452322100000000
26071291,1790542343,80000000000000000
26071315,1790542631,100250626566416040
26071320,1790542703,100250626566416040
26071351,1790543075,80200501253132832
26071382,1790543459,50000000000000000
26071399,1790543663,40100250626566416
26071412,1790543819,52645755820021942
26071435,1790544107,100000000000000
26071464,1790544455,1013420000000000000
26071601,1790546135,100250626566416040
26071647,1790546687,93233082706766917
26072122,1790552399,324781530000000000
26072164,1790552903,323635920000000000
26072180,1790553095,346269300000000000
26072219,1790553575,348237754000000000
26072305,1790554607,150000000000000000
26072378,1790555495,601503759398496240
26072671,1790559023,10000000000000000
26072705,1790559431,10000000000000000
26072882,1790561567,8822055137844611528
26073211,1790565515,451024394749974398
26073254,1790566031,2005012531328320
26073309,1790566691,256106364379334725
26073449,1790568395,100250626566416040
26073478,1790568743,100250626566416040
26073691,1790571299,100000000000000000
26073722,1790571671,10000000000000000
26073729,1790571755,100250626566416040
26073744,1790571935,100250626566416040
26073773,1790572283,100000000000000000
26073863,1790573363,100250626566416040
26073884,1790573615,100250626566416040
26073901,1790573819,89461029288961388
26074003,1790575043,372400000000000
26074230,1790577767,17500000000000000000
26074281,1790578379,697329266127368008
26074399,1790579795,99812306243760750
26074464,1790580575,10025062656641604
26074528,1790581343,650000000000000000
26074530,1790581367,100250626566416040
26074574,1790581907,637281541890095480
26074618,1790582435,138857635577610362
26074630,1790582579,21754385964912280701
26074871,1790585471,680490466713744600
26074880,1790585579,5664460044786997000
26074908,1790585915,2077117715925828000
26074941,1790586311,160506589132585202
26074946,1790586371,15861626194342685000
26074976,1790586731,2000000000000000
26075058,1790587715,4000000000000000000
26075200,1790589419,11250000000000000
26075210,1790589539,1353383458646616541
26075294,1790590547,15799498746867167919
26075343,1790591135,300000000000000
26075380,1790591591,22215538847117794486
26075400,1790591843,1282090460000000000
26075481,1790592827,401002506265664160
26075563,1790593811,552489045960142748
26075572,1790593919,400000000000000000
26075610,1790594375,403515053297403
26075643,1790594771,24732689035988403
26075650,1790594855,922305764411027568
26076093,1790600171,7879111060562017
26076228,1790601791,2005012531328320802
26076259,1790602163,9500000000000000
26076278,1790602391,357000000000000
26076703,1790607527,2750000000000000000
26077157,1790613011,40885423558897243
26077207,1790613611,11264841223104511
26077223,1790613803,50000000000000000
26077251,1790614139,300000000000000000
26077434,1790616371,566000000000000
26077471,1790616815,1500000000000000000
26077526,1790617475,743000000000000
26077583,1790618159,8328350500829127
26077600,1790618363,1150000000000000000
26077657,1790619047,654600000000000
26077670,1790619203,10000000000000000
26077773,1790620439,19900000000000000000
26078277,1790626499,303759398496240601
26078337,1790627219,9230000000000000000
26078428,1790628347,3700000000000000
26078497,1790629175,1850660000000000000
26078629,1790630771,1000000000000000000
26078634,1790630831,139156380553228065
26078689,1790631491,140000000000000000
26078826,1790633147,300751879699248120
26078836,1790633267,3759398496240601503
26078910,1790634155,2844000000000000000
26078915,1790634215,2559000000000000000
26078924,1790634323,2691000000000000000
26078930,1790634395,2815000000000000000
26078940,1790634515,2661000000000000000
26079006,1790635307,2637000000000000000
26079011,1790635367,2931000000000000000
26079015,1790635415,2583000000000000000
26079093,1790636351,1820255005742028959
26079330,1790639195,230576441102756892
26079557,1790641943,4355848426199819
26079567,1790642063,70000000000000000
26079595,1790642399,60000000000000000
26079641,1790642951,501253132832080
26079705,1790643719,2107744285733839523
26079933,1790646479,87435370874260728
26079978,1790647019,481940456122099275
26080008,1790647379,1000000000000000000
26080027,1790647607,1124959837836182481
26080033,1790647679,40152448810019440
26080040,1790647763,94904754382828027739
26080110,1790648615,2506265664160401002
26080313,1790651051,235829901807033064
26080528,1790653655,94303318826995854767
26080983,1790659115,9953847532146913218
26080985,1790659139,417700000000000000
26080992,1790659223,305880193066770000
26081063,1790660075,2000000000000000000
26081074,1790660207,1003811220250485
26081175,1790661419,2000000000000000000
26081197,1790661683,6016040100250626566
26081220,1790661971,200000000000000000
26081242,1790662235,112280701754385964
26081333,1790663339,100250626566416040
26081361,1790663675,200501253132832080
26081635,1790666987,3650000000000000000
26081702,1790667791,5352370546458577000
26081710,1790667899,110738700961211920
26081728,1790668115,9228225080100994000
26081743,1790668295,1123371428571428571
26081874,1790669867,72619589937920187
26082187,1790673623,3104232053871856249
26082201,1790673791,2000000000000000000
26082300,1790674991,35000000000000000
26082383,1790675999,882205513784461152
26082462,1790676947,997500000000000000
26082583,1790678411,525000000000000000
26082794,1790680955,225323893976320627
26082958,1790682923,233300000000000000
26083047,1790683991,680000000000000000
26083056,1790684099,98351463522342316
26083138,1790685095,72033169962396404
26083311,1790687171,89423558897243107
26083439,1790688707,10025062656641604
26083448,1790688815,50829085426000000
26083505,1790689499,1308284884800095117
26083511,1790689571,1503759398496240601
26083742,1790692343,176548835440182627
26083857,1790693723,2973576325681274538
26083897,1790694203,18560962406015037
26084016,1790695643,364366165117659332
26084051,1790696063,314562000000000000
26084068,1790696267,192817000000000000
26084086,1790696483,31938075240195643
26084378,1790699999,13055869019910920
26084465,1790701055,16091863299110068
26084643,1790703215,2000000000000000000
26084736,1790704343,136219017543859649
26084886,1790706143,500000000000000000
26085174,1790709611,4000000000000000000
26085252,1790710547,200501253132832080
26085282,1790710907,655550000000000
26085326,1790711435,199278329804943461
26085366,1790711927,713944700000000
26085418,1790712551,631016021054367011
26085446,1790712887,753159000000000
26085624,1790715023,696900000000000
26085685,1790715755,372995714180507
26085715,1790716115,370000000000000
26085717,1790716139,501253132832080200
26085730,1790716307,685200000000000
26085931,1790718731,1162907268170426
26085963,1790719115,370000000000000000
26085969,1790719187,289642161360000
26086219,1790722199,2305764411027568922
26086364,1790723939,342783450000000000
26086369,1790723999,322384000000000000
26086486,1790725403,1445600000000000000
26086503,1790725607,342893620000000000
26086520,1790725811,342935267000000000
26086520,1790725811,5012531328320802
26086538,1790726027,400000000000000000
26086539,1790726039,374525823000000000
26086589,1790726639,14249922014805166
26086612,1790726915,343945700000000000
26086624,1790727059,341390460000000000
26086642,1790727275,331278235000000000
26086703,1790728031,367452900000000000
26086715,1790728175,2593500000000000000
26086750,1790728595,1000000000000000000
26086751,1790728607,332936000000000000
26086761,1790728727,332189363000000000
26086800,1790729195,338193600000000000
26086859,1790729903,1610000000000000000
26086866,1790729987,342735378000000000
26086887,1790730239,192723862374832591
26086910,1790730515,342745930000000000
26086923,1790730671,342735200000000000
26086938,1790730851,12257563909774436
26086948,1790730971,332826600000000000
26086995,1790731535,250952805062621520
26087019,1790731823,10000000000000000
26087037,1790732051,78244695233210329
26087054,1790732255,358232500000000000
26087060,1790732327,2506265664160401002
26087075,1790732507,25062656641604010
26087081,1790732579,45171504911271872
26087090,1790732687,342823600000000000
26087111,1790732939,352721000000000000
26087214,1790734175,376790995349750
26087293,1790735123,15762197448982048
26087470,1790737271,375146303328885
26087562,1790738375,4503681924621495
26087752,1790740655,37534178496813
26087771,1790740883,4750000000000000000
26087828,1790741567,131293488552662319
26087855,1790741891,30000000000000000
26087859,1790741939,56140350877192982
26087930,1790742815,2000000000000000000
26088050,1790744255,20050125313283208
26088083,1790744651,100000000000000000
26088146,1790745407,17000000000000000000
26088174,1790745743,1050000000000000000
26088184,1790745863,112381858571177070
26088278,1790746991,128558800000793008
26088445,1790749019,8030489762003887
26088495,1790749619,100250626566416040
26088500,1790749679,847049807252805808
26088570,1790750519,13000000000000000
26088756,1790752751,91268803189574281
26089043,1790756219,684407129945008457
26089159,1790757623,1002506265664160401
26089389,1790760383,10000000000000000
26089533,1790762123,4000000000000000000
26089534,1790762135,1118747743674083739
26089655,1790763599,186538671166497242
26089676,1790763851,3000000000000000
26089693,1790764055,83917000000000000
26089727,1790764463,613585180425200
26089732,1790764523,7979949874686716791
26089855,1790766011,2554000000000000000
26089931,1790766923,932538000881006661
26089998,1790767727,2742000000000000000
26090228,1790770487,599999900000000
26090243,1790770667,20050125313283208
26090263,1790770907,2775000000000000000
26090287,1790771195,5660000000000000000
26090399,1790772539,557347523552700702
26090419,1790772779,1843000000000000000
26090507,1790773835,1290000000000000000
26090643,1790775479,30000000000000000
26090654,1790775611,500000000000000000
26090675,1790775863,500000000000000000
26090703,1790776199,400000000000000000
26090729,1790776511,410000000000000000
26090736,1790776595,427536496951352829
26090746,1790776715,420000000000000000
26090754,1790776811,2165800000000000000
26090759,1790776871,430000000000000000
26090786,1790777195,1362255868886774109
26090803,1790777399,440000000000000000
26090803,1790777399,1400000000000000000
26090840,1790777855,415000000000000000
26090867,1790778179,450000000000000000
26090885,1790778395,460000000000000000
26090886,1790778407,1002506265664160401
26090889,1790778443,194040418878615120
26090952,1790779199,470000000000000000
26090976,1790779499,480000000000000000
26090992,1790779691,490000000000000000
26090999,1790779775,400000000000000000
26091005,1790779847,410000000000000000
26091015,1790779967,420000000000000000
26091043,1790780303,430000000000000000
26091051,1790780399,440000000000000000
26091061,1790780519,450000000000000000
26091067,1790780591,460000000000000000
26091073,1790780663,470000000000000000
26091078,1790780723,500000000000000000
26091138,1790781455,1313283208020050125
26091198,1790782175,4000000000000000000
26091353,1790784047,10025062656641604
26091356,1790784095,1000000000000000
26091362,1790784167,100000000000000000
26091401,1790784635,3508771929824561403
26091427,1790784947,52588495949753536
26091479,1790785571,283887596167372845
26091531,1790786195,86666417056397886
26091552,1790786447,38385964912280701
26091607,1790787107,140139214885396110
26091643,1790787539,5000000000000000
26091676,1790787935,50000000000000000
26091692,1790788127,210923883645730701
26091698,1790788199,212472666125714055
26091712,1790788367,993675056559017827
26091748,1790788799,517729054960825207
26091811,1790789555,681077763302461117
26091888,1790790491,176476430000000000
26091899,1790790623,600000000000000000
26092126,1790793347,688512945487654233
26092139,1790793515,75187969924812030
26092178,1790793983,5385822085137804
26092249,1790794835,701754385964912280
26092253,1790794883,1294658197736372716
26092341,1790795951,3007518796992481
26092465,1790797439,5012531328320802
26092489,1790797739,116335939956412
26092594,1790799011,130000000000000000
26092684,1790800091,678900000000000
26092830,1790801843,728880000000000
26092842,1790801987,2038139999999999744
26092890,1790802563,500000000000000
26092938,1790803139,480000000000000000
26092946,1790803235,490000000000000000
26092953,1790803319,2005012531328320
26092955,1790803343,2811000000000000000
26092967,1790803487,2719000000000000000
26093030,1790804243,51359135042605827
26093094,1790805023,1807296411783629696
26093111,1790805227,1575063762526640290
26093392,1790808647,855708530046328476
26093673,1790812031,751879699248120300
26093749,1790812943,1500000000000000
26093810,1790813675,621708000000000000
26093893,1790814671,1002506265664160401
26094020,1790816207,60228673215029158
26094440,1790821247,678540000000000000
26094675,1790824067,2000000000000000000
26094711,1790824499,488227605310446788
26094758,1790825063,3000000000000000000
26094857,1790826251,5733000000000000
26094941,1790827271,500000000000000000
26095010,1790828099,250000000000000000
26095110,1790829299,60228673215029158
26095489,1790833871,1732345000000000000
26095890,1790838683,70266785417534020
26095936,1790839235,738805058104356
26096113,1790841371,19892897484636993
26096140,1790841695,28021194421053518
26096579,1790846999,25000000000000000000
26096602,1790847275,23050431126753517
26096645,1790847791,105342780623040000000
26096692,1790848355,196806087516547911
26096765,1790849231,1240983870242708
26096821,1790849903,1249122807017543859
26097036,1790852483,3744360902255639097
26097088,1790853119,2005012531328320
26097118,1790853491,5012531328320802
26097121,1790853527,3739016629958181604
26097260,1790855195,100000000000000
26097271,1790855327,3909774436090225563
26097308,1790855771,21618045112781954
26097361,1790856407,40000000000000000000
26097379,1790856623,6759278468043832
26097388,1790856731,20745097138767512
26097564,1790858867,18622556390977443
26097570,1790858939,10025062656641604
26097608,1790859395,39741601234812300000
26097795,1790861663,1002506265664160401
26097834,1790862131,501253132832080200
26097965,1790863703,971461400000000000
26098000,1790864123,50000000000000000
26098000,1790864123,136681618597887786
26098289,1790867627,2325814536340852130
26098479,1790869907,4000000000000000000
26098509,1790870267,20000000000000000
26098719,1790872799,3010031344024220
26098968,1790875799,20000000000000000
26098986,1790876015,100000000000000000
26099009,1790876291,2725958730127509880
26099039,1790876651,35901754385964912
26099224,1790878883,10025062656641604010
26099338,1790880251,1217450000000000000
26099496,1790882147,1370000000000000000
26099530,1790882555,642000000000000000
26099570,1790883035,90325773737704847
26099630,1790883767,186201833805779599
26099645,1790883947,210146477708887308
26099708,1790884703,300000000000000000
26099887,1790886863,226295335169097001
26099912,1790887163,342835000000000000
26099951,1790887631,334823560000000000
26099977,1790887943,342832521000000000
26100056,1790888891,332823350000000000
26100069,1790889047,322735280000000000
26100076,1790889131,642540000000000000
26100134,1790889827,332812630000000000
26100195,1790890571,302172000000000000
26100215,1790890811,332834360000000000
26100228,1790890967,1000000000000000000
26100236,1790891063,319233640000000000
26100260,1790891351,321283500000000000
26100296,1790891783,207289132832080200
26100325,1790892131,1030000000000000000
26100485,1790894063,371603420928246208
26100562,1790894987,216773520452919
26100760,1790897363,37758388352594473
26101402,1790905103,1000000000000000000
26101432,1790905463,11000000000000000000
26101525,1790906579,332718250000000000
26101658,1790908175,334255000000000000
26101677,1790908403,342467750000000000
26101712,1790908823,343674400000000000
26101720,1790908919,60150375939849624
26101720,1790908919,10025062656641604
26101726,1790908991,332654360000000000
26101745,1790909231,100250626566416040
26101781,1790909663,100000000000000000
26101820,1790910131,9021034148012240
26101895,1790911031,2054303425779680460
26101947,1790911655,27669172932330827
26102047,1790912855,2644798240585854566
26102058,1790912987,27669172932330827
26102117,1790913695,890000000000000013
26102174,1790914379,4000000000000000000
26102184,1790914499,155000000000000000
26102331,1790916275,501253132832080200
26102380,1790916863,20000000000000000
26102464,1790917871,83000000000000000
26102497,1790918267,11822531064053345
26102540,1790918783,250000000000000000
26102853,1790922563,180451127819548872
26102856,1790922599,10025062656641604
26102915,1790923307,3007518796992481
26103219,1790926955,19489002460595626
26103340,1790928419,45960244133826250091
26103360,1790928659,71727877596899678
26103443,1790929667,3007518796992481
26103455,1790929811,211845065340586307
26103571,1790931203,380109039787459303
26103613,1790931707,80200501253132832
26103671,1790932403,52000000000000000
26103745,1790933303,10025062656641604
26103869,1790934791,3007518796992481
26103871,1790934815,3007518796992481
26103924,1790935463,3759229153921233396
26103925,1790935475,21450000000000000
26103926,1790935487,2007622440500971
26103954,1790935823,501253132832080200
26103969,1790936003,30075187969924812030
26103984,1790936183,2007622440500971
26103994,1790936303,17499749373433583
26104012,1790936519,8000000000000000000
26104024,1790936663,53463000000000000
26104039,1790936843,41677000000000000
26104047,1790936939,20196992481203007
26104120,1790937839,35087719298245614
26104123,1790937875,85300000000000000
26104139,1790938067,548056690985326479
26104212,1790938943,22055137844611528
26104300,1790939999,996003337359272838
26104377,1790940935,1890000000000000000
26104389,1790941079,60000000000000000
26104444,1790941739,31879699248120300
26104470,1790942051,260000000000000000
26104522,1790942675,279785844348676038
26104584,1790943419,4010025062656641604
26104816,1790946239,5019056101252430
26104823,1790946323,8143492731829573934
26104858,1790946743,3007518796992481
26104903,1790947283,1477310737360438343
26104910,1790947367,10109774436090225563
26104930,1790947607,14291409919823413
26104981,1790948231,300000000000000000
26104985,1790948279,4010025062656641
26105015,1790948639,10025062656641604
26105023,1790948735,3007518796992481
26105039,1790948927,11888721804511278
26105043,1790948975,4062738150947639
26105066,1790949251,158573028145533006
26105070,1790949299,5000000000000000000
26105183,1790950655,155466826111763555
26105263,1790951615,742736411027568922
26105279,1790951807,125313283208020050
26105325,1790952371,400000000000000000
26105420,1790953523,7518796992481203007
26105436,1790953715,1756210000000000000
26105458,1790953979,18536842105263157
26105474,1790954171,1318159329668219
26105523,1790954759,12000000000000000000
26105606,1790955755,14000000000000000000
26105616,1790955875,942355889724310776
26105676,1790956595,1786545000000000000
26105735,1790957327,390000000000000000
26105804,1790958155,2345700000000000000
26105891,1790959199,2055137844611528822
26105961,1790960051,100000000000000000
26106042,1790961035,791300000000000
26106095,1790961671,688800000000000
26106129,1790962079,374073725652574332
26106157,1790962415,113930000000000000
26106465,1790966111,9563909774436090
26106501,1790966543,54976230000000000000
26106517,1790966735,58862155388471177
26106579,1790967491,500000000000000
26106712,1790969111,36826498424884924
26106758,1790969675,100250626566416040
26106803,1790970215,22111092353483086
26107337,1790976635,370000000000000
26107364,1790976959,36980475300255981
26107442,1790977895,11395765482269186
26107454,1790978039,2005012531328320802
26107477,1790978327,501253132832080200
26107600,1790979803,950000000000000000
26107618,1790980019,25519942660856646
26107622,1790980067,6145363408521303
26107660,1790980523,48246534552000000000
26107681,1790980775,79301086399788395
26107735,1790981447,751879699248120300
26107789,1790982095,1958116130476622362
26107895,1790983367,30206630000000000
26107968,1790984243,41102756892230576
26108034,1790985035,1988358448048344
26108089,1790985695,35322977443609022
26108150,1790986427,29974937343358395
26108465,1790990231,30150564380877004
26108673,1790992739,100381122025048605
26109307,1791000359,4500000000000000000
26109338,1791000731,200501253132832080
26109505,1791002735,134899839260941807
26109520,1791002915,1329413660321898105
26109701,1791005099,50125313283208020
26109970,1791008339,139854139067028343
26109996,1791008651,80000000000000000
26110091,1791009791,53396743774658259
26110140,1791010379,92000000000000000
26110472,1791014387,97164401001503759
26110886,1791019355,216162759775305000
26111076,1791021647,10025062656641604
26111103,1791021971,10025062656641604
26111133,1791022331,393671001371768969
26111418,1791025763,1000000000000000
26111790,1791030227,356675743539575250
26111838,1791030803,24637858515204984
26112035,1791033179,55739348370927318
26112052,1791033383,649000000000000
26112088,1791033815,11027568922305764411
26112112,1791034103,700888000000000
26112127,1791034283,8020050125313283208
26112211,1791035291,100250626566416040
26112268,1791035975,692000000000000
26112415,1791037763,500000000000000
26112475,1791038483,340737447110218443
26112554,1791039443,9352743834409486
26112578,1791039731,2000000000000000
26112713,1791041351,300000000000000
26112869,1791043223,50000000000000000
26112924,1791043883,18953910000000000
26112943,1791044123,19107769423558897
26113039,1791045275,116723939679719144
26113145,1791046559,124268722194769435
26113177,1791046943,2423257000000000000
26113224,1791047507,258233980659651586
26113295,1791048359,650000000000000000
26113305,1791048479,5000000000000000
26113316,1791048611,15176893985015649
26113393,1791049535,94235588972431077
26113481,1791050591,3227487094000000
26113745,1791053795,12030075187969924
26113912,1791055799,350000000000000000
26114043,1791057371,3000000000000000000
26114189,1791059123,601503759398496240
26114273,1791060131,5000000000000000000
26114276,1791060167,1250000000000000000
26114300,1791060455,342783540000000000
26114351,1791061067,332813000000000000
26114406,1791061727,329735400000000000
26114419,1791061883,352782300000000000
26114451,1791062267,341234749000000000
26114532,1791063239,7000000000000000000
26114583,1791063851,348263000000000000
26114673,1791064931,332913600000000000
26114687,1791065099,19761709794001181
26114716,1791065459,332524600000000000
26114761,1791065999,321936430000000000
26114772,1791066131,7455238095238095
26114877,1791067391,18000000000000000000
26114916,1791067859,559798370896712130
26114966,1791068459,9869500066581670
26114995,1791068807,321238490000000000
26115002,1791068891,50000000000000000
26115009,1791068975,321834540000000000
26115042,1791069371,321373650000000000
26115088,1791069923,26614062878812641
26115121,1791070331,651629072681704260
26115199,1791071267,332833600000000000
26115275,1791072179,321933600000000000
26115294,1791072407,352893460000000000
26115327,1791072803,328325200000000000
26115411,1791073811,332936400000000000
26115451,1791074291,301934600000000000
26115473,1791074555,334926340000000000
26115493,1791074795,40000000000000000
26115497,1791074843,5216700000000000000
26115501,1791074891,323846300000000000
26115547,1791075455,17416100000000000
26115558,1791075587,836640000000000
26115586,1791075923,327253000000000000
26115621,1791076343,342652000000000000
26115648,1791076667,822055137844611528
26115693,1791077207,327683900000000000
26115723,1791077567,100000000000000000
26115723,1791077567,301834600000000000
26115762,1791078035,6382500000000000
26115816,1791078683,334382640000000000
26115866,1791079295,150000000000000
26115880,1791079463,344232800000000000
26115932,1791080087,323789400000000000
26116012,1791081047,332874600000000000
26116039,1791081371,2410000000000000000
26116200,1791083303,20000000000000000
26116204,1791083351,15000000000000000000
26116364,1791085283,3000000000000000
26116403,1791085751,83419530122210095
26116404,1791085763,15727318295739348
26116410,1791085835,10457343358395989974
26116454,1791086363,731829573934837092
26116507,1791086999,6616541353383458
26116895,1791091667,1000000000000000
26116924,1791092015,20100250626566416
26116937,1791092171,2000000000000000
26117012,1791093083,2000000000000000
26117023,1791093215,80523390000000000000
26117374,1791097427,79999119910000000
26117560,1791099659,392250000000000
26117771,1791102215,5964912280701754385
26117784,1791102371,816492818421238341
26117895,1791103715,2000000000000000000
26117932,1791104159,1000000000000000000
26117935,1791104195,189563909774436090
26117965,1791104555,200762244050097211
26118027,1791105299,1003811220250486032
26118142,1791106691,1003811220250486032
26118154,1791106835,471177944862155388
26118269,1791108215,5084944157294106
26118287,1791108431,188850000000000000
26118457,1791110507,1120000000000000000
26118489,1791110891,9200816101547867
26118521,1791111275,497661208840532961
26118528,1791111359,1003811220250486032
26118531,1791111395,2492842868309730760
26118601,1791112235,1989888255678266733
26118773,1791114299,1003811220250486032
26118885,1791115643,1003811220250486032
26118929,1791116171,345430232875864695
26118944,1791116351,662671589605148
26118973,1791116699,2031025727538148
26119186,1791119255,1859808861554260
26119268,1791120239,15029688022957969
26119318,1791120851,6293000000000000000
26119405,1791121895,39450545145015066
26119961,1791128567,48190660000000000
26119984,1791128843,15037593984962406
26120052,1791129659,3000000000000000000
26120095,1791130187,12030075187969924
26120116,1791130439,2000000000000000000
26120171,1791131099,42015420143493130
26120173,1791131123,10972500000000000
26120470,1791134699,114255639097744360
26120487,1791134903,15869242535610934
26120531,1791135443,9389226881766163
26120679,1791137231,371195940136033291
26120784,1791138491,40430043577379693
26120942,1791140399,327215761000000000
26120968,1791140711,321835000000000000
26121000,1791141095,333812530000000000
26121006,1791141167,1902996826982229637
26121015,1791141275,341723300000000000
26121046,1791141647,334823600000000000
26121194,1791143423,37020930000000000
26121196,1791143447,150571683037572904
26121206,1791143567,2681000000000000000
26121211,1791143627,2911000000000000000
26121215,1791143675,200501253132832080
26121216,1791143687,2738000000000000000
26121222,1791143759,2864000000000000000
26121226,1791143807,2756000000000000000
26121247,1791144059,200501253132832080
26121268,1791144311,2586000000000000000
26121275,1791144395,2881000000000000000
26121280,1791144455,2616000000000000000
26121283,1791144491,2746000000000000000
26121289,1791144563,2824000000000000000
26121343,1791145223,2589000000000000000
26121355,1791145379,2687000000000000000
26121399,1791145907,200000000000000000
26121407,1791146003,2614000000000000000
26121418,1791146135,2694000000000000000
26121423,1791146195,666880000000000000
26121426,1791146231,2689000000000000000
26121435,1791146339,2531000000000000000
26121450,1791146519,2900000000000000000
26121551,1791147731,1927640000000000000
26121567,1791147923,342800000000000000
26121711,1791149663,200000000000000000
26121805,1791150791,10025062656641604010
26121966,1791152723,729427365232743045
26122003,1791153167,2700000000000000000
26122130,1791154691,342483000000000000
26122169,1791155159,332183500000000000
26122218,1791155747,20076224405009720
26122238,1791155987,348253000000000000
26122256,1791156203,302263500000000000
26122448,1791158507,59147869674185463
26122502,1791159167,2005012531328320
26122502,1791159167,863230000000000000
26122524,1791159431,1002506265664160401
26122587,1791160187,332238600000000000
26122651,1791160955,332835000000000000
26122708,1791161639,342834600000000000
26122718,1791161759,2005012531328320802
26122790,1791162623,334257000000000000
26122816,1791162935,298253000000000000
26122857,1791163427,321237400000000000
26122880,1791163703,722188230060824703
26122885,1791163763,322328900000000000
26122992,1791165047,10025062656641604
26123034,1791165551,5017956447094265479
26123092,1791166247,328365000000000000
26123120,1791166583,3483365383880733
26123123,1791166619,4412189065817658
26123130,1791166703,8615978201450958
26123134,1791166751,2376257250759893
26123142,1791166847,10955691546756108
26123150,1791166943,3137575432769430
26123154,1791166991,2440924489931583
26123207,1791167627,4604041667883265
26123209,1791167651,50000000000000000
26123215,1791167723,3584286126344410
26123250,1791168143,1723204165391794
26123369,1791169571,323639200000000000
26123449,1791170531,500000000000000
26123523,1791171419,1255059152607056657
26123614,1791172511,30075187969924812030
26123632,1791172727,6559906324336925
26123635,1791172763,13000000000000000000
26123744,1791174071,63369068535321673
26124072,1791178031,501253132832080200
26124159,1791179087,80237593984962406
26124204,1791179627,38138345864661654
26124523,1791183467,3000000000000000
26124560,1791183911,1002506265664160401
26124652,1791185027,3218045112781954887
26124891,1791187907,1510025062656641
26124936,1791188459,10025062656641604
26124965,1791188807,982456140350877192
26125055,1791189887,388120082292163
26125087,1791190271,1201937207249201
26125302,1791192863,364670658450000
26125305,1791192899,250626566416040100
26125339,1791193307,4010025062656641
26125346,1791193391,9022556390977443609
26125379,1791193787,10025062656641604010
26125428,1791194375,10025062656641604010
26125525,1791195539,520000000000000000
26125536,1791195671,970531284928382
26125553,1791195875,20000000000000000
26125752,1791198263,3010031344024220
26125785,1791198671,3700000000000000000
26125803,1791198887,2775000000000000000
26125812,1791198995,2872000000000000000
26125943,1791200591,2691000000000000000
26125954,1791200723,2902000000000000000
26126147,1791203051,572897541067261135
26126155,1791203147,100000000000000000
26126327,1791205223,13032581453634085
26126447,1791206687,27931760042001642
26126543,1791207851,188481203007518796
26126549,1791207923,1724310776942355889
26126724,1791210035,100250626566416040
26126845,1791211499,3992592103346692512
26126863,1791211715,31830154028628750
26126878,1791211895,151228070175438596
26127475,1791219071,56000000000000000
26127795,1791222923,5290000000000000
26127841,1791223475,24060150375939849
26127998,1791225359,3701253132832080
26128112,1791226727,700000000000000000
26128217,1791227987,193779153561025458
26128267,1791228587,756900000000000
26128311,1791229115,8760000000000000
26128342,1791229499,5000000000000000
26128424,1791230483,1851661982468015367
26128444,1791230723,817042606516290726
26128597,1791232559,1503759398496240601
26128658,1791233291,189490540286697722
26128705,1791233855,912450000000000000
26128727,1791234119,2355889724310776942
26128787,1791234839,707617990942937293
26129124,1791238895,1854636591478696741
26129155,1791239267,147506025736390416
26129266,1791240599,127466846124339792
26129331,1791241391,3701233032455825
26129567,1791244235,1400000000000000000
26129597,1791244595,2398408681557035
26129604,1791244679,3400000000000000
26129695,1791245795,10025062656641604
26129903,1791248291,1090000000000000000
26130362,1791253871,3719298245614035087
26130459,1791255035,500000000000000000
26130469,1791255155,13469255865797367
26130564,1791256295,4100000000000000000
26130725,1791258239,10000000000000000
26130822,1791259403,2000000000000000000
26130925,1791260639,3859649122807017543
26130941,1791260831,498750000000000000
26130977,1791261263,150000000000000000
26131122,1791263003,901194920116910936
26131196,1791263891,6220990000000000
26131245,1791264479,3711649112703388609
26131263,1791264695,501253132832080200
26131288,1791264995,501905610125243040
26131345,1791265679,500000000000000000
26131389,1791266207,642964891190261222
26131716,1791270155,3400560795812315
26131829,1791271511,100381122025048602
26131836,1791271595,10000000000000000
26131841,1791271655,10038112202504860
26131910,1791272483,2000000000000000
26132032,1791273959,24101405589602849
26132076,1791274487,9278712360935802
26132115,1791274967,15000000000000000
26132212,1791276131,6048822055137844611
26132235,1791276407,827805712871720624
26132251,1791276599,802005012531328320
26132312,1791277331,22185231778755990
26132572,1791280511,2005012531328320
26132577,1791280571,44169711863381030
26132663,1791281627,5012531328320802
26132738,1791282551,57000000000000000
26132772,1791282959,24188216927023122
26132805,1791283355,5000000000000000000
26133284,1791289103,184884406456929905
26133552,1791292331,300000000000000000
26133842,1791295847,481203007518796
26133847,1791295907,2005012531328320
26133929,1791296891,90000000000000000
26134002,1791297767,5557098915306689
26134071,1791298619,2219273000000000000
26134080,1791298727,289260651629072681
26134086,1791298799,1400000000000000000
26134159,1791299675,2357313000000000000
26134174,1791299855,2665006000000000000
26134226,1791300479,2588000000000000000
26134239,1791300635,2742000000000000000
26134246,1791300719,420000000000000000
26134331,1791301739,6404464497627877803
26134540,1791304259,310583280000000000
26134550,1791304379,200000000000000000
26134583,1791304775,2626379000000000000
26134627,1791305303,2609909172651263
26134885,1791308411,30114336607514579
26134898,1791308567,290467940051564674
26135203,1791312227,1082529051411743
26135591,1791316883,10000000000000000
26135596,1791316943,21525800958065018317
26135729,1791318539,711779448621553884
26135744,1791318719,172099435961850286
26135941,1791321083,12500000000000000000
26135955,1791321251,3007518796992481
26135989,1791321659,4000000000000000
26136280,1791325163,430000000000000000
26136284,1791325211,440000000000000000
26136289,1791325271,450000000000000000
26136305,1791325463,460000000000000000
26136315,1791325583,4000000000000000
26136320,1791325643,470000000000000000
26136324,1791325691,480000000000000000
26136330,1791325763,490000000000000000
26136336,1791325835,2582000000000000000
26136341,1791325895,4000000000000000
26136618,1791329219,342816300000000000
26136636,1791329435,321835400000000000
26136661,1791329735,328352170000000000
26136695,1791330143,321934600000000000
26136714,1791330371,351835400000000000
26136730,1791330563,348617000000000000
26136747,1791330767,348927630000000000
26136756,1791330875,328351287930000000
26136771,1791331067,368925349000000000
26136778,1791331151,322281600000000000
26136804,1791331463,100250626566416040
26136824,1791331703,50125313283208020
26136826,1791331727,321892530000000000
26136836,1791331847,341263000000000000
26136858,1791332111,342936200000000000
26136875,1791332315,321934500000000000
26136887,1791332459,359257000000000000
26136912,1791332759,342936440000000000
26136925,1791332915,51127819548872180
26136933,1791333011,50125313283208020
26136938,1791333071,342893470000000000
26136996,1791333767,368349000000000000
26137007,1791333899,334942630000000000
26137035,1791334235,348235000000000000
26137043,1791334331,342735000000000000
26137093,1791334955,250000000000000000
26137221,1791336491,2800000000000000000
26137426,1791338963,10025062656641604
26137494,1791339791,19292230576441102
26137600,1791341063,7000000000000000000
26137642,1791341567,2000000000000000000
26137786,1791343295,77147911332351105
26137824,1791343751,22840284451601047631
26137869,1791344303,3000000000000000000
26137893,1791344591,300000000000000000
26137898,1791344651,1211023137162129
26137926,1791344987,1503759398496240601
26138016,1791346079,4966414569983415560
26138098,1791347063,4762379285337305
26138141,1791347579,2391457537969129634
26138144,1791347615,150000000000000000
26138171,1791347939,150000000000000000
26138179,1791348035,250000000000000000
26138184,1791348095,150000000000000000
26138288,1791349343,19947199871710483815
26138473,1791351563,100000000000000000
26138488,1791351743,10000000000000000000
26138499,1791351875,15000000000000000000
26138604,1791353135,30075187969924812030
26138644,1791353615,19947218913223595046
26138662,1791353831,839575388557313366
26138683,1791354083,300751879699248120
26138727,1791354611,100250626566416040
26139034,1791358319,100250626566416040
26139046,1791358475,5012531328320802005
26139057,1791358607,5012531328320802005
26139070,1791358763,8822055137844611528
26139076,1791358835,29922328120640206709
26139082,1791358907,1002506265664160401
26139105,1791359183,1002506265664160401
26139130,1791359483,1002506265664160
26139140,1791359603,711307339393064234
26139182,1791360107,1002506265664160401
26139183,1791360119,8020050125313283208
26139385,1791362555,52487680727317273
26139389,1791362603,16310061259551637
26139464,1791363503,14258000000000000
26139695,1791366299,579098618297509451
26139758,1791367055,1000000000000000000
26139769,1791367199,250626566416040100
26139873,1791368447,1002506265664160401
26139924,1791369059,6203586104082412075
26139928,1791369107,5022556390977443609
26139969,1791369599,3085115867660890
26139982,1791369767,2131428571428571
26140018,1791370211,4370000000000000000
26140028,1791370331,7999538136618970
26140058,1791370691,3639237960000000
26140152,1791371819,5842482837389030353
